person_age,person_income,person_emp_length,loan_intent,loan_grade,loan_amnt,loan_int_rate,loan_percent_income,cb_person_default_on_file,cb_person_cred_hist_length,loan_status
23,26784,4.0,DEBTCONSOLIDATION,E,4144,18.99,0.1547,N,1,0
62,36398,3.0,PERSONAL,A,5877,5.1,0.1615,N,40,0
55,56931,4.0,MEDICAL,D,5285,16.48,0.0928,N,32,0
43,34697,2.0,MEDICAL,A,1941,7.67,0.0559,N,21,0
42,42061,2.0,EDUCATION,A,8615,6.26,0.2048,N,24,0
66,62489,3.0,PERSONAL,D,8821,15.48,0.1412,N,45,0
22,40464,8.0,EDUCATION,A,13796,7.38,0.3409,N,1,0
57,55510,5.0,PERSONAL,D,12661,16.01,0.2281,Y,38,1
29,117712,7.0,PERSONAL,E,2938,19.15,0.025,N,9,0
23,44599,2.0,PERSONAL,A,2983,6.56,0.0669,N,4,0
48,93773,4.0,HOMEIMPROVEMENT,E,6405,20.53,0.0683,Y,30,1
73,66679,6.0,PERSONAL,B,11450,8.56,0.1717,N,45,0
59,21873,6.0,EDUCATION,C,6884,13.15,0.3147,N,37,0
61,26737,4.0,MEDICAL,D,5725,15.97,0.2141,Y,44,1
58,30993,3.0,PERSONAL,C,24866,12.33,0.8023,Y,39,1
62,30633,5.0,MEDICAL,E,14790,18.45,0.4828,N,39,1
47,46645,2.0,MEDICAL,E,16226,19.09,0.3479,N,30,0
25,68737,7.0,HOMEIMPROVEMENT,A,12616,5.06,0.1835,N,8,0
65,97766,6.0,PERSONAL,C,4557,12.85,0.0466,Y,45,1
43,58075,5.0,PERSONAL,B,16515,11.16,0.2844,N,23,0
46,38364,10.0,PERSONAL,A,50000,7.68,1.3033,N,27,0
39,15595,3.0,MEDICAL,B,15140,9.32,0.9708,N,17,0
28,50961,5.0,PERSONAL,A,9212,5.19,0.1808,N,9,0
70,49720,6.0,VENTURE,B,3376,9.69,0.0679,Y,45,1
62,54209,4.0,HOMEIMPROVEMENT,A,5825,6.09,0.1075,N,45,0
54,156128,7.0,MEDICAL,A,16093,5.31,0.1031,N,34,0
40,96986,4.0,EDUCATION,F,15560,22.12,0.1604,Y,23,1
64,75492,5.0,MEDICAL,E,4800,20.91,0.0636,N,45,0
49,28878,6.0,EDUCATION,C,13862,14.43,0.48,N,30,1
43,36969,3.0,HOMEIMPROVEMENT,F,5031,21.87,0.1361,N,25,0
43,46529,3.0,EDUCATION,B,18126,9.25,0.3896,N,22,0
30,32001,4.0,HOMEIMPROVEMENT,B,15146,11.1,0.4733,N,8,0
23,64553,8.0,DEBTCONSOLIDATION,B,19641,10.83,0.3043,N,2,0
49,59653,8.0,EDUCATION,A,7016,7.68,0.1176,N,28,0
68,26941,6.0,HOMEIMPROVEMENT,B,16449,10.15,0.6106,N,45,0
21,94679,6.0,HOMEIMPROVEMENT,B,10724,9.93,0.1133,N,1,0
66,51858,4.0,VENTURE,B,13067,8.78,0.252,N,45,0
65,18939,2.0,HOMEIMPROVEMENT,B,10355,11.26,0.5468,N,43,0
33,47655,5.0,MEDICAL,B,5404,11.13,0.1134,Y,15,0
54,57220,4.0,VENTURE,C,12437,12.59,0.2174,N,37,0
27,83703,3.0,EDUCATION,E,13589,18.16,0.1623,N,6,0
61,40716,3.0,DEBTCONSOLIDATION,D,4568,15.89,0.1122,N,44,0
57,77293,5.0,MEDICAL,B,14760,11.44,0.191,N,39,0
38,54335,5.0,EDUCATION,B,14227,9.87,0.2618,Y,20,0
21,23782,8.0,VENTURE,D,6165,17.08,0.2592,Y,1,1
73,22508,4.0,HOMEIMPROVEMENT,A,11913,7.01,0.5293,N,45,0
43,90890,4.0,HOMEIMPROVEMENT,A,6435,6.75,0.0708,N,23,0
68,94635,4.0,PERSONAL,A,14923,7.5,0.1577,N,45,0
56,58547,8.0,HOMEIMPROVEMENT,B,5318,11.36,0.0908,N,33,0
62,111595,4.0,MEDICAL,A,24991,7.66,0.2239,N,43,0
61,87652,7.0,HOMEIMPROVEMENT,A,24084,8.32,0.2748,N,44,0
29,71395,9.0,MEDICAL,A,17538,6.39,0.2456,N,6,0
38,29696,4.0,EDUCATION,C,38734,11.75,1.3044,N,20,0
44,127043,8.0,PERSONAL,C,26895,11.88,0.2117,N,27,0
46,65838,7.0,EDUCATION,F,19071,21.8,0.2897,N,28,0
20,39647,3.0,VENTURE,A,29556,7.66,0.7455,Y,1,1
49,33943,4.0,PERSONAL,C,9074,12.37,0.2673,N,30,0
26,56456,4.0,DEBTCONSOLIDATION,A,6720,5.76,0.119,N,9,0
60,19553,3.0,EDUCATION,C,19658,14.17,1.0054,Y,38,1
56,72028,3.0,PERSONAL,A,9168,8.11,0.1273,N,35,0
70,29014,3.0,DEBTCONSOLIDATION,B,18869,8.63,0.6503,N,45,1
60,60104,4.0,PERSONAL,B,5770,10.44,0.096,N,43,0
38,36794,4.0,PERSONAL,E,6241,18.84,0.1696,N,17,0
73,42385,5.0,PERSONAL,A,3564,5.98,0.0841,N,45,0
41,32328,4.0,MEDICAL,D,4544,15.74,0.1406,N,24,0
36,44860,7.0,EDUCATION,C,12587,13.27,0.2806,N,18,0
69,138573,7.0,HOMEIMPROVEMENT,B,3689,11.11,0.0266,Y,45,1
39,105007,2.0,MEDICAL,C,4950,13.18,0.0471,N,19,0
22,59573,5.0,EDUCATION,B,5650,11.02,0.0948,N,1,0
44,48343,4.0,MEDICAL,C,7439,11.97,0.1539,N,24,0
63,77988,9.0,DEBTCONSOLIDATION,A,10525,6.01,0.135,N,44,0
28,91261,6.0,HOMEIMPROVEMENT,D,39032,17.01,0.4277,N,7,1
44,31057,5.0,PERSONAL,B,17258,9.57,0.5557,N,25,0
25,46976,4.0,DEBTCONSOLIDATION,F,6551,21.77,0.1395,N,3,0
57,17996,5.0,EDUCATION,B,10051,11.06,0.5585,N,40,0
45,90917,3.0,EDUCATION,E,6791,17.57,0.0747,N,28,0
36,152628,5.0,MEDICAL,A,18387,7.38,0.1205,Y,17,0
30,51228,6.0,HOMEIMPROVEMENT,B,14672,9.61,0.2864,N,10,0
50,15233,3.0,MEDICAL,D,6770,15.32,0.4444,Y,30,1
56,68520,6.0,VENTURE,D,12961,17.4,0.1892,N,38,0
71,29814,4.0,PERSONAL,B,13598,10.21,0.4561,N,45,0
42,34035,9.0,EDUCATION,A,10281,8.11,0.3021,N,22,0
27,69190,6.0,DEBTCONSOLIDATION,B,13018,9.96,0.1881,N,4,0
65,56387,5.0,MEDICAL,D,14830,16.93,0.263,N,45,0
53,37479,5.0,HOMEIMPROVEMENT,B,43961,9.26,1.173,N,32,0
57,34293,6.0,PERSONAL,C,22895,12.68,0.6676,Y,38,1
23,52533,6.0,PERSONAL,B,5048,9.58,0.0961,Y,5,1
35,39135,1.0,PERSONAL,A,11799,6.23,0.3015,N,16,0
61,26633,4.0,VENTURE,C,43906,13.06,1.6486,N,40,0
65,40826,4.0,PERSONAL,B,12775,8.55,0.3129,N,42,0
42,59087,3.0,VENTURE,B,36001,10.33,0.6093,N,20,0
63,44446,4.0,EDUCATION,E,50000,17.9,1.125,N,45,1
65,22529,8.0,PERSONAL,A,5165,5.89,0.2293,N,45,0
40,84455,3.0,VENTURE,B,9426,10.22,0.1116,Y,23,0
69,12000,8.0,MEDICAL,A,10416,8.31,0.868,N,45,0
34,38349,3.0,DEBTCONSOLIDATION,A,3972,7.8,0.1036,N,14,0
31,34852,5.0,HOMEIMPROVEMENT,B,26197,9.34,0.7517,N,12,0
56,53183,3.0,EDUCATION,A,12595,8.47,0.2368,N,33,0
54,66763,7.0,PERSONAL,B,3112,8.66,0.0466,N,31,0
25,91100,4.0,VENTURE,D,12408,14.57,0.1362,N,3,0
65,33129,8.0,EDUCATION,A,5701,5.68,0.1721,N,45,0
29,67685,6.0,PERSONAL,C,9740,12.59,0.1439,N,10,0
63,54595,6.0,MEDICAL,B,1729,11.12,0.0317,N,45,0
18,19123,7.0,VENTURE,B,8693,11.02,0.4546,N,1,1
63,139427,4.0,EDUCATION,B,17846,10.13,0.128,N,45,0
62,22218,9.0,HOMEIMPROVEMENT,B,7369,9.77,0.3317,Y,45,0
62,61742,6.0,PERSONAL,A,2853,5.27,0.0462,N,42,0
55,60747,5.0,HOMEIMPROVEMENT,D,9504,15.27,0.1565,N,32,0
44,57045,4.0,PERSONAL,A,8593,6.81,0.1506,N,26,0
58,37346,6.0,VENTURE,C,29673,12.02,0.7945,N,40,1
33,77264,6.0,MEDICAL,C,13482,13.42,0.1745,N,12,0
62,20781,4.0,PERSONAL,A,8421,7.84,0.4052,N,44,0
49,47277,2.0,PERSONAL,A,4266,5.45,0.0902,N,30,0
44,35949,7.0,HOMEIMPROVEMENT,E,9591,19.49,0.2668,N,27,0
46,33775,3.0,DEBTCONSOLIDATION,A,38395,6.52,1.1368,N,25,1
50,62057,2.0,EDUCATION,B,12913,9.96,0.2081,N,31,0
20,88664,6.0,VENTURE,A,15679,5.26,0.1768,N,1,0
25,40587,3.0,HOMEIMPROVEMENT,B,1751,10.51,0.0431,N,8,0
31,75310,4.0,PERSONAL,A,18805,7.31,0.2497,Y,11,0
24,50380,6.0,MEDICAL,E,10568,18.6,0.2098,N,1,0
43,30001,7.0,MEDICAL,B,10059,9.79,0.3353,N,21,0
56,42536,3.0,PERSONAL,D,11171,17.07,0.2626,N,37,0
55,41576,7.0,EDUCATION,B,11392,9.78,0.274,N,34,0
44,33417,3.0,DEBTCONSOLIDATION,B,8260,11.42,0.2472,Y,24,1
66,62048,2.0,VENTURE,C,6999,14.29,0.1128,N,45,0
50,55773,4.0,VENTURE,C,3706,14.37,0.0664,Y,32,0
22,20437,6.0,VENTURE,D,7641,14.52,0.3739,N,4,0
61,19764,5.0,EDUCATION,B,21556,11.12,1.0907,N,43,0
50,61918,6.0,HOMEIMPROVEMENT,B,6695,10.22,0.1081,N,32,0
54,31306,5.0,HOMEIMPROVEMENT,D,17283,14.68,0.5521,N,37,1
50,57879,15.0,MEDICAL,B,4675,10.26,0.0808,N,30,0
49,75320,4.0,PERSONAL,A,3834,7.73,0.0509,Y,29,1
23,24366,4.0,PERSONAL,A,7328,6.59,0.3007,N,1,0
49,22553,8.0,HOMEIMPROVEMENT,B,18910,10.84,0.8385,N,30,0
63,123122,9.0,VENTURE,A,3537,7.96,0.0287,N,45,0
35,59478,6.0,MEDICAL,A,34275,6.58,0.5763,Y,15,1
52,38925,1.0,PERSONAL,A,44192,6.94,1.1353,Y,29,1
19,29329,5.0,HOMEIMPROVEMENT,A,16240,7.6,0.5537,Y,1,1
37,37021,2.0,EDUCATION,E,6799,17.5,0.1837,N,14,0
42,25468,7.0,HOMEIMPROVEMENT,C,7099,13.94,0.2787,N,19,0
74,79688,5.0,VENTURE,B,6112,8.8,0.0767,N,45,0
30,31977,4.0,DEBTCONSOLIDATION,D,6106,16.55,0.1909,N,7,0
33,89450,6.0,PERSONAL,C,8494,12.37,0.095,N,14,0
41,39326,8.0,VENTURE,A,2753,8.34,0.07,N,22,0
74,27616,7.0,HOMEIMPROVEMENT,C,12637,14.45,0.4576,N,45,0
66,38775,6.0,EDUCATION,E,4481,18.05,0.1156,N,45,0
19,12000,3.0,HOMEIMPROVEMENT,A,5418,7.05,0.4515,Y,1,1
31,45870,6.0,EDUCATION,F,5809,21.09,0.1266,N,11,0
64,44642,5.0,VENTURE,B,12749,11.36,0.2856,N,45,0
21,77157,2.0,VENTURE,B,21456,11.41,0.2781,N,1,0
66,17370,3.0,DEBTCONSOLIDATION,A,4860,6.58,0.2798,Y,45,1
34,92876,7.0,DEBTCONSOLIDATION,A,22987,6.16,0.2475,N,17,0
70,76982,3.0,DEBTCONSOLIDATION,B,4505,10.39,0.0585,N,45,0
34,97599,6.0,VENTURE,E,5944,20.21,0.0609,N,13,0
42,47619,5.0,MEDICAL,C,18541,14.3,0.3894,N,24,0
55,85617,5.0,VENTURE,E,3092,18.97,0.0361,N,38,0
25,21825,5.0,HOMEIMPROVEMENT,C,6725,12.71,0.3081,N,4,0
49,72560,5.0,HOMEIMPROVEMENT,D,5168,16.02,0.0712,N,31,0
46,32075,3.0,EDUCATION,A,7181,5.71,0.2239,N,27,0
62,19766,8.0,VENTURE,D,6121,14.54,0.3097,N,39,0
74,26415,3.0,PERSONAL,D,2925,17.11,0.1107,N,45,0
55,49170,7.0,PERSONAL,C,15140,12.83,0.3079,Y,33,0
41,31152,8.0,HOMEIMPROVEMENT,C,12613,13.57,0.4049,N,18,1
41,60285,4.0,MEDICAL,D,18516,16.83,0.3071,N,19,0
41,18132,7.0,MEDICAL,A,7435,6.38,0.41,Y,18,1
64,15215,3.0,EDUCATION,A,9267,6.35,0.6091,N,41,0
36,104277,5.0,EDUCATION,E,18487,20.93,0.1773,N,13,0
27,80586,3.0,MEDICAL,B,11578,10.95,0.1437,N,8,0
37,27526,5.0,PERSONAL,A,18658,7.63,0.6778,N,19,0
19,48939,8.0,VENTURE,C,17736,11.92,0.3624,N,1,0
24,85881,3.0,MEDICAL,B,10210,9.22,0.1189,N,7,0
23,61732,6.0,VENTURE,D,10579,17.37,0.1714,N,2,1
61,53184,4.0,PERSONAL,C,9438,12.83,0.1775,Y,42,1
59,89530,5.0,EDUCATION,F,10588,21.17,0.1183,N,38,0
57,32797,4.0,EDUCATION,C,6750,14.01,0.2058,N,38,0
44,49868,7.0,MEDICAL,C,12562,11.61,0.2519,N,26,0
58,48541,10.0,DEBTCONSOLIDATION,B,11255,9.6,0.2319,N,40,0
27,42191,5.0,VENTURE,A,6488,6.29,0.1538,N,10,0
69,39561,4.0,HOMEIMPROVEMENT,A,12974,6.1,0.3279,N,45,0
46,51025,6.0,HOMEIMPROVEMENT,C,23458,13.79,0.4597,N,27,1
71,49957,5.0,PERSONAL,D,9954,14.95,0.1993,N,45,0
26,27539,1.0,MEDICAL,A,10389,5.53,0.3772,N,3,0
46,76190,4.0,HOMEIMPROVEMENT,C,11259,12.86,0.1478,N,27,0
57,28652,2.0,MEDICAL,B,2607,11.38,0.091,N,36,0
46,43476,7.0,DEBTCONSOLIDATION,C,7670,11.67,0.1764,Y,29,1
43,41672,4.0,MEDICAL,D,50000,16.93,1.1998,N,24,1
27,59692,5.0,MEDICAL,B,10197,11.39,0.1708,N,8,0
39,15282,6.0,PERSONAL,C,5280,11.53,0.3455,N,20,0
31,80017,5.0,PERSONAL,B,9636,9.17,0.1204,N,13,0
35,33781,6.0,PERSONAL,B,6668,8.67,0.1974,N,14,0
56,95892,4.0,PERSONAL,C,11141,13.14,0.1162,N,39,0
53,37684,8.0,VENTURE,A,11251,8.34,0.2986,N,30,0
52,47721,4.0,PERSONAL,A,9471,7.93,0.1985,N,29,0
38,140446,8.0,PERSONAL,C,18476,13.33,0.1316,N,19,0
72,42085,6.0,VENTURE,D,4240,17.33,0.1007,N,45,0
22,96893,2.0,HOMEIMPROVEMENT,C,12472,12.89,0.1287,N,3,0
37,50084,7.0,PERSONAL,A,20557,8.44,0.4105,N,18,1
24,61603,6.0,MEDICAL,B,8153,9.11,0.1323,N,1,0
37,50943,3.0,PERSONAL,B,17473,10.9,0.343,N,14,0
72,78144,5.0,DEBTCONSOLIDATION,E,8431,17.75,0.1079,N,45,0
38,33622,7.0,EDUCATION,C,4610,11.51,0.1371,N,17,0
69,28531,5.0,VENTURE,B,2613,9.99,0.0916,N,45,0
46,34502,6.0,MEDICAL,B,6708,10.87,0.1944,N,28,0
57,51784,10.0,HOMEIMPROVEMENT,B,7934,8.64,0.1532,Y,36,0
44,43414,4.0,MEDICAL,A,45939,7.78,1.0582,N,24,0
33,72449,5.0,DEBTCONSOLIDATION,C,10219,14.3,0.1411,N,11,0
61,100468,4.0,EDUCATION,B,6669,8.62,0.0664,N,43,0
73,28660,6.0,HOMEIMPROVEMENT,A,14352,5.28,0.5008,N,45,0
33,32739,4.0,PERSONAL,B,7533,10.96,0.2301,N,16,0
62,22249,8.0,PERSONAL,D,20397,14.97,0.9168,N,40,1
32,149747,3.0,MEDICAL,A,29130,5.56,0.1945,Y,13,0
58,57963,1.0,EDUCATION,D,11080,16.08,0.1912,N,40,0
62,63824,5.0,PERSONAL,B,2845,10.32,0.0446,Y,39,1
43,23456,6.0,EDUCATION,A,9225,6.01,0.3933,N,26,0
60,48989,6.0,EDUCATION,E,8839,19.37,0.1804,N,40,0
33,64866,6.0,VENTURE,A,31118,5.6,0.4797,N,13,0
22,42658,2.0,PERSONAL,A,13530,5.09,0.3172,N,2,0
23,88577,5.0,DEBTCONSOLIDATION,B,7526,8.72,0.085,N,2,0
43,174819,3.0,EDUCATION,A,26335,6.42,0.1506,Y,22,0
69,29118,6.0,DEBTCONSOLIDATION,A,9112,5.64,0.3129,N,45,0
25,27941,2.0,MEDICAL,C,9052,13.41,0.324,N,3,0
43,30249,5.0,HOMEIMPROVEMENT,A,6972,6.91,0.2305,N,25,0
58,118587,8.0,VENTURE,E,22293,19.61,0.188,N,38,0
29,86967,5.0,EDUCATION,D,6795,14.83,0.0781,N,9,0
59,45499,2.0,MEDICAL,D,15597,17.24,0.3428,N,41,0
35,50016,4.0,EDUCATION,C,13100,14.09,0.2619,N,15,0
64,31285,5.0,DEBTCONSOLIDATION,B,10383,9.6,0.3319,N,41,0
51,79978,9.0,DEBTCONSOLIDATION,C,18746,12.81,0.2344,N,29,0
49,39777,4.0,EDUCATION,C,29117,12.84,0.732,N,32,0
28,42487,1.0,EDUCATION,D,4179,15.79,0.0984,N,7,0
44,68516,1.0,EDUCATION,A,8830,6.44,0.1289,N,26,0
66,44205,6.0,EDUCATION,A,8346,6.75,0.1888,N,44,0
19,43078,6.0,PERSONAL,C,10662,13.37,0.2475,N,1,0
61,49306,6.0,VENTURE,A,6596,6.58,0.1338,N,40,0
46,75920,5.0,HOMEIMPROVEMENT,F,4820,22.0,0.0635,Y,23,1
59,121245,6.0,EDUCATION,A,9174,7.11,0.0757,Y,41,0
55,67644,6.0,MEDICAL,C,20171,12.45,0.2982,N,33,0
42,76253,7.0,PERSONAL,D,8590,14.78,0.1127,N,20,0
35,43918,7.0,VENTURE,B,13238,9.71,0.3014,N,12,0
53,33213,5.0,EDUCATION,C,28904,13.28,0.8703,Y,35,1
25,70241,4.0,PERSONAL,E,11118,18.41,0.1583,N,4,0
51,53862,4.0,PERSONAL,E,19795,20.94,0.3675,N,30,0
23,22416,5.0,MEDICAL,A,21126,8.12,0.9425,N,4,0
55,40927,3.0,VENTURE,A,23601,5.88,0.5767,N,37,1
53,46835,5.0,EDUCATION,B,42493,11.22,0.9073,N,33,0
22,37021,7.0,PERSONAL,A,9052,5.78,0.2445,N,2,0
61,110741,13.0,VENTURE,A,18756,7.9,0.1694,N,43,0
41,63825,5.0,MEDICAL,B,11524,9.13,0.1806,N,22,0
62,104322,6.0,EDUCATION,A,14030,6.21,0.1345,N,41,0
20,56663,5.0,HOMEIMPROVEMENT,A,13199,7.78,0.2329,N,1,0
28,51264,5.0,MEDICAL,E,22827,19.34,0.4453,N,5,1
46,29286,9.0,HOMEIMPROVEMENT,C,6938,11.99,0.2369,N,26,0
28,49343,2.0,DEBTCONSOLIDATION,B,13030,11.23,0.2641,Y,7,0
36,49374,4.0,VENTURE,A,4065,6.72,0.0823,N,17,0
55,23111,7.0,EDUCATION,B,5663,10.21,0.245,N,36,0
26,36434,6.0,VENTURE,C,6608,14.02,0.1814,N,4,0
56,41035,4.0,MEDICAL,A,14979,6.37,0.365,N,38,0
23,61538,11.0,PERSONAL,C,13272,12.38,0.2157,N,1,0
27,63179,4.0,PERSONAL,B,26373,11.37,0.4174,N,5,0
51,35606,2.0,PERSONAL,C,19750,11.72,0.5547,N,32,1
63,63441,7.0,MEDICAL,B,9791,10.17,0.1543,N,43,0
27,44349,6.0,MEDICAL,B,50000,9.69,1.1274,N,5,1
35,12000,4.0,DEBTCONSOLIDATION,A,11298,5.95,0.9415,Y,12,1
70,37549,4.0,VENTURE,A,3717,5.28,0.099,N,45,0
74,88738,5.0,EDUCATION,B,4081,11.09,0.046,N,45,0
51,19438,4.0,HOMEIMPROVEMENT,B,16126,10.68,0.8296,Y,30,1
43,52155,4.0,DEBTCONSOLIDATION,D,3313,15.98,0.0635,N,25,0
37,117230,7.0,EDUCATION,A,11242,7.9,0.0959,N,20,0
52,32262,3.0,DEBTCONSOLIDATION,C,7827,12.89,0.2426,Y,34,1
51,49078,3.0,HOMEIMPROVEMENT,B,37642,11.41,0.767,Y,29,1
34,23927,5.0,EDUCATION,A,4371,5.52,0.1827,N,13,0
19,119967,3.0,PERSONAL,A,19864,8.35,0.1656,N,1,0
26,46824,6.0,VENTURE,B,7755,11.28,0.1656,N,8,0
72,50294,6.0,DEBTCONSOLIDATION,C,7275,14.29,0.1446,N,45,0
41,103245,7.0,PERSONAL,D,28754,14.8,0.2785,N,22,0
45,70531,1.0,DEBTCONSOLIDATION,A,6899,6.19,0.0978,N,22,0
44,30284,5.0,PERSONAL,D,5274,16.82,0.1742,Y,25,1
62,34337,4.0,MEDICAL,A,7123,6.79,0.2074,N,43,0
21,64357,5.0,MEDICAL,C,4885,13.92,0.0759,N,4,0
22,34777,6.0,EDUCATION,A,3389,6.82,0.0974,Y,4,1
33,15298,11.0,PERSONAL,C,5730,12.04,0.3746,Y,13,1
45,47606,4.0,PERSONAL,A,3203,5.8,0.0673,Y,25,0
56,21717,8.0,EDUCATION,B,5406,11.19,0.2489,N,35,0
45,119247,6.0,PERSONAL,C,5311,12.63,0.0445,N,23,0
43,54026,5.0,VENTURE,B,11780,9.88,0.218,N,24,0
71,29796,2.0,MEDICAL,A,4002,7.82,0.1343,N,45,0
27,33381,5.0,EDUCATION,C,15000,14.06,0.4494,N,7,1
50,17341,4.0,EDUCATION,C,2184,12.5,0.1259,N,32,0
48,26776,5.0,VENTURE,C,5165,11.91,0.1929,N,26,0
44,85731,5.0,DEBTCONSOLIDATION,D,8512,14.83,0.0993,Y,21,1
64,167289,3.0,VENTURE,A,7457,8.11,0.0446,N,43,0
33,73095,5.0,EDUCATION,C,10289,13.15,0.1408,N,12,0
72,46600,3.0,PERSONAL,B,3858,9.64,0.0828,N,45,0
36,38654,2.0,HOMEIMPROVEMENT,A,37423,6.42,0.9682,N,15,0
49,28967,2.0,MEDICAL,C,30754,13.64,1.0617,N,26,0
47,152187,5.0,PERSONAL,B,1607,9.3,0.0106,N,29,0
66,44187,4.0,HOMEIMPROVEMENT,E,15088,19.83,0.3415,N,45,0
43,156936,4.0,EDUCATION,A,7727,6.51,0.0492,N,24,0
34,105496,5.0,EDUCATION,A,9068,6.3,0.086,N,11,0
19,18817,5.0,VENTURE,B,9201,10.13,0.489,N,2,0
38,33986,9.0,PERSONAL,D,5652,16.55,0.1663,Y,21,1
65,33928,2.0,EDUCATION,B,9105,10.01,0.2684,N,43,0
18,46914,3.0,VENTURE,B,28732,10.69,0.6124,N,1,0
69,47421,3.0,EDUCATION,C,35338,12.52,0.7452,N,45,0
48,254722,8.0,PERSONAL,B,9082,9.27,0.0357,N,30,0
25,27106,4.0,PERSONAL,C,3162,13.1,0.1167,Y,4,1
35,55599,7.0,MEDICAL,C,8242,12.57,0.1482,N,15,0
49,68808,6.0,DEBTCONSOLIDATION,F,7935,24.63,0.1153,N,27,0
35,48978,1.0,MEDICAL,A,26954,7.21,0.5503,N,13,1
24,52083,4.0,DEBTCONSOLIDATION,C,4232,12.82,0.0813,N,3,0
55,27594,4.0,DEBTCONSOLIDATION,C,2635,14.04,0.0955,N,36,0
56,51977,8.0,DEBTCONSOLIDATION,A,5997,8.31,0.1154,N,38,0
24,64943,4.0,MEDICAL,E,15567,19.06,0.2397,Y,1,1
34,58699,5.0,MEDICAL,D,5083,16.42,0.0866,Y,17,1
31,67077,3.0,VENTURE,A,8220,6.21,0.1225,N,8,0
55,106610,6.0,PERSONAL,F,16494,22.93,0.1547,N,35,0
59,82070,3.0,PERSONAL,A,3323,6.92,0.0405,N,41,0
59,50981,10.0,DEBTCONSOLIDATION,A,9065,5.98,0.1778,N,39,0
71,25733,5.0,MEDICAL,A,11552,7.83,0.4489,N,45,0
61,35242,5.0,HOMEIMPROVEMENT,A,15316,5.6,0.4346,Y,42,1
36,43442,5.0,PERSONAL,A,7297,7.94,0.168,N,13,0
24,56319,4.0,EDUCATION,E,28665,17.97,0.509,N,7,0
53,37681,4.0,PERSONAL,D,6916,17.03,0.1835,N,31,1
70,29300,4.0,HOMEIMPROVEMENT,C,17176,14.14,0.5862,N,45,1
73,25501,4.0,EDUCATION,B,21420,9.47,0.84,N,45,1
31,19768,5.0,HOMEIMPROVEMENT,C,1636,13.99,0.0828,N,11,0
31,43078,8.0,HOMEIMPROVEMENT,B,28692,9.15,0.666,N,14,0
20,21844,5.0,PERSONAL,E,4555,19.07,0.2085,N,1,0
26,28274,7.0,EDUCATION,A,7184,7.07,0.2541,Y,7,1
49,39472,7.0,MEDICAL,A,20962,8.47,0.5311,N,31,0
49,23511,1.0,HOMEIMPROVEMENT,B,7193,9.68,0.3059,N,28,0
39,60407,5.0,HOMEIMPROVEMENT,D,9194,15.03,0.1522,Y,22,1
35,73653,6.0,MEDICAL,C,18647,14.3,0.2532,N,12,0
65,36236,7.0,VENTURE,B,10983,9.49,0.3031,N,45,0
44,38547,4.0,DEBTCONSOLIDATION,A,4825,7.81,0.1252,Y,27,1
64,65879,3.0,EDUCATION,C,22492,14.4,0.3414,N,43,0
72,33100,6.0,PERSONAL,C,12429,14.08,0.3755,N,45,0
36,31872,2.0,PERSONAL,A,3267,5.8,0.1025,N,18,0
29,94662,2.0,EDUCATION,D,8985,14.57,0.0949,N,9,0
72,79722,7.0,PERSONAL,C,12354,14.25,0.155,N,45,0
54,68244,2.0,DEBTCONSOLIDATION,B,7374,11.28,0.1081,Y,33,0
34,81560,4.0,MEDICAL,A,3117,5.9,0.0382,N,12,0
53,16522,6.0,HOMEIMPROVEMENT,B,3703,10.45,0.2241,N,33,0
47,103219,9.0,DEBTCONSOLIDATION,C,6107,11.69,0.0592,N,26,0
69,60817,3.0,EDUCATION,E,12554,19.53,0.2064,Y,45,1
32,85470,6.0,HOMEIMPROVEMENT,A,22018,7.52,0.2576,N,9,0
74,60653,2.0,HOMEIMPROVEMENT,D,3648,15.32,0.0601,N,45,0
71,50357,3.0,EDUCATION,B,6483,9.07,0.1287,Y,45,0
28,42132,7.0,PERSONAL,A,2241,6.32,0.0532,N,6,0
27,59989,1.0,PERSONAL,D,9502,17.4,0.1584,N,8,0
48,41296,4.0,HOMEIMPROVEMENT,C,28000,11.72,0.678,N,29,0
20,79010,4.0,DEBTCONSOLIDATION,A,19923,5.95,0.2522,N,1,0
35,20485,6.0,EDUCATION,C,8043,11.52,0.3926,N,14,0
42,36393,3.0,MEDICAL,C,7693,12.99,0.2114,N,23,0
73,150942,3.0,PERSONAL,B,7541,11.36,0.05,N,45,0
74,34740,9.0,HOMEIMPROVEMENT,A,7877,8.2,0.2267,Y,45,1
26,42990,5.0,PERSONAL,E,9878,19.71,0.2298,N,7,0
68,30169,7.0,PERSONAL,E,7525,17.53,0.2494,Y,45,1
23,58965,2.0,DEBTCONSOLIDATION,E,9649,17.75,0.1636,N,5,0
60,32697,6.0,EDUCATION,C,4403,12.41,0.1347,N,37,0
66,44263,8.0,MEDICAL,A,13269,7.78,0.2998,N,45,0
68,78188,4.0,MEDICAL,C,14968,12.97,0.1914,N,45,0
30,33378,4.0,PERSONAL,D,50000,16.43,1.498,N,8,1
68,75639,4.0,VENTURE,F,13737,24.4,0.1816,N,45,0
24,77051,3.0,DEBTCONSOLIDATION,C,8725,11.69,0.1132,N,7,0
47,87572,5.0,MEDICAL,B,29917,9.65,0.3416,N,28,0
44,52960,3.0,EDUCATION,B,26019,10.06,0.4913,N,25,0
36,291470,7.0,HOMEIMPROVEMENT,C,5905,14.18,0.0203,N,15,0
19,87552,1.0,EDUCATION,D,32947,16.47,0.3763,N,1,1
62,58611,5.0,HOMEIMPROVEMENT,E,12389,20.9,0.2114,Y,41,1
37,30279,5.0,HOMEIMPROVEMENT,A,3670,6.34,0.1212,N,19,0
55,46472,5.0,HOMEIMPROVEMENT,A,5900,6.16,0.127,N,37,0
41,107417,9.0,HOMEIMPROVEMENT,D,6355,14.9,0.0592,N,20,0
39,125522,2.0,DEBTCONSOLIDATION,B,27804,9.61,0.2215,N,20,0
68,110534,4.0,DEBTCONSOLIDATION,A,11142,6.21,0.1008,Y,45,0
23,75497,6.0,DEBTCONSOLIDATION,A,10570,6.57,0.14,N,1,0
59,24572,4.0,MEDICAL,A,9458,7.38,0.3849,N,41,0
60,64083,5.0,EDUCATION,B,39443,8.61,0.6155,Y,37,1
39,24766,5.0,DEBTCONSOLIDATION,A,8525,8.35,0.3442,Y,16,1
32,21631,5.0,PERSONAL,F,7368,21.63,0.3406,N,13,0
18,55912,8.0,MEDICAL,B,22645,11.49,0.405,N,1,0
71,65366,6.0,VENTURE,D,11077,15.4,0.1695,N,45,0
72,80568,5.0,EDUCATION,B,26482,9.11,0.3287,N,45,0
31,64435,5.0,EDUCATION,E,7374,20.04,0.1144,N,10,0
19,65668,4.0,PERSONAL,B,11171,9.13,0.1701,N,1,0
24,28522,3.0,PERSONAL,B,34696,10.28,1.2165,N,5,0
21,46270,3.0,DEBTCONSOLIDATION,C,6963,13.94,0.1505,N,1,0
65,21398,6.0,MEDICAL,C,19508,13.68,0.9117,N,44,0
68,16287,4.0,EDUCATION,B,3338,11.1,0.2049,N,45,0
26,73670,6.0,PERSONAL,A,16533,5.92,0.2244,N,7,0
60,32395,5.0,EDUCATION,A,6247,7.17,0.1928,Y,42,1
28,79211,4.0,MEDICAL,A,18330,6.43,0.2314,N,7,0
38,90182,3.0,EDUCATION,A,4489,6.28,0.0498,N,20,0
52,34869,5.0,EDUCATION,B,20145,11.0,0.5777,N,34,0
59,67823,4.0,DEBTCONSOLIDATION,B,9389,9.76,0.1384,N,38,0
67,34076,3.0,MEDICAL,C,13070,12.05,0.3836,N,45,0
20,17761,3.0,PERSONAL,B,10670,11.39,0.6008,N,1,1
29,52460,7.0,HOMEIMPROVEMENT,A,9104,6.3,0.1735,Y,6,0
33,37836,5.0,PERSONAL,B,6164,11.2,0.1629,N,12,0
35,38482,10.0,EDUCATION,C,4988,12.83,0.1296,Y,18,1
74,145282,7.0,EDUCATION,B,15934,9.92,0.1097,N,45,0
62,21179,5.0,VENTURE,B,4410,11.18,0.2082,Y,43,1
36,60510,5.0,PERSONAL,B,8753,10.98,0.1447,N,15,0
73,28363,2.0,MEDICAL,C,4807,12.05,0.1695,N,45,0
46,80784,4.0,MEDICAL,C,7668,12.47,0.0949,N,26,0
46,57764,6.0,EDUCATION,C,2611,12.71,0.0452,N,26,0
42,60393,7.0,MEDICAL,C,22274,13.58,0.3688,Y,21,0
26,29152,7.0,MEDICAL,B,16131,10.27,0.5533,N,3,0
71,32174,2.0,DEBTCONSOLIDATION,C,9422,13.2,0.2928,N,45,0
18,81632,3.0,VENTURE,D,11089,16.54,0.1358,N,1,0
27,129824,8.0,EDUCATION,A,22257,5.47,0.1714,N,4,0
31,63842,9.0,HOMEIMPROVEMENT,E,6702,19.66,0.105,N,10,0
33,29924,6.0,MEDICAL,A,24449,6.5,0.817,N,10,1
25,59066,3.0,PERSONAL,A,5957,8.43,0.1009,N,5,0
19,186299,6.0,PERSONAL,C,9509,13.46,0.051,N,1,0
56,51861,6.0,MEDICAL,B,3691,9.33,0.0712,N,35,0
73,109536,5.0,PERSONAL,F,25597,24.82,0.2337,N,45,0
24,32624,8.0,HOMEIMPROVEMENT,B,8003,8.66,0.2453,N,1,0
34,47899,5.0,PERSONAL,C,12397,13.18,0.2588,N,17,0
46,68924,5.0,EDUCATION,A,5707,7.6,0.0828,N,23,0
70,60993,7.0,MEDICAL,B,8464,10.32,0.1388,N,45,0
57,32160,4.0,DEBTCONSOLIDATION,C,4830,14.11,0.1502,N,34,0
61,31406,6.0,PERSONAL,A,5396,6.39,0.1718,N,38,0
51,84419,4.0,VENTURE,C,3115,14.02,0.0369,Y,29,0
41,94405,2.0,MEDICAL,E,8107,18.75,0.0859,N,22,0
29,112609,4.0,MEDICAL,B,5912,10.83,0.0525,N,8,0
67,132211,7.0,EDUCATION,C,45591,13.13,0.3448,N,44,0
63,52788,9.0,PERSONAL,C,4402,11.62,0.0834,N,42,0
19,41309,4.0,HOMEIMPROVEMENT,D,5928,16.44,0.1435,N,1,0
58,103057,7.0,HOMEIMPROVEMENT,A,16384,6.98,0.159,N,37,0
22,72561,4.0,PERSONAL,C,4786,12.33,0.066,N,1,0
60,28556,3.0,MEDICAL,C,8660,13.49,0.3033,N,42,0
65,27764,6.0,EDUCATION,B,15726,10.75,0.5664,N,45,0
25,64251,2.0,PERSONAL,C,14916,12.08,0.2322,Y,3,0
42,44466,5.0,MEDICAL,D,9754,16.72,0.2194,Y,22,1
25,48313,6.0,PERSONAL,C,8831,14.18,0.1828,N,4,0
50,88423,1.0,MEDICAL,A,18506,8.14,0.2093,N,33,0
70,74419,8.0,PERSONAL,B,22062,8.72,0.2965,N,45,0
22,101867,2.0,EDUCATION,C,9852,14.38,0.0967,Y,3,0
40,16943,3.0,EDUCATION,A,13470,5.91,0.795,N,19,0
73,56351,3.0,PERSONAL,B,6520,10.71,0.1157,N,45,0
35,71831,6.0,VENTURE,A,20893,6.5,0.2909,N,14,0
25,21170,6.0,MEDICAL,B,16102,11.14,0.7606,N,3,0
45,34194,7.0,VENTURE,C,7476,12.53,0.2186,N,27,0
46,30875,10.0,HOMEIMPROVEMENT,D,6485,17.32,0.21,Y,23,1
55,49609,8.0,EDUCATION,C,33146,13.07,0.6681,N,32,0
35,120008,6.0,MEDICAL,A,6574,6.86,0.0548,Y,17,0
72,149107,5.0,HOMEIMPROVEMENT,C,8082,13.26,0.0542,N,45,0
47,31324,3.0,EDUCATION,C,3904,12.5,0.1246,Y,25,0
34,65486,5.0,MEDICAL,A,19203,8.06,0.2932,Y,13,0
72,66658,6.0,MEDICAL,C,6533,11.97,0.098,Y,45,0
70,60669,12.0,EDUCATION,B,9526,10.27,0.157,N,45,0
46,61049,4.0,MEDICAL,C,8957,13.09,0.1467,N,26,0
19,57933,11.0,EDUCATION,C,49277,12.94,0.8506,N,1,0
52,124015,2.0,PERSONAL,A,32993,7.07,0.266,N,32,0
49,89891,1.0,HOMEIMPROVEMENT,A,11856,6.39,0.1319,N,26,0
26,27362,3.0,HOMEIMPROVEMENT,D,6016,15.75,0.2199,N,7,0
54,75936,5.0,HOMEIMPROVEMENT,B,10381,11.18,0.1367,N,35,0
65,80081,8.0,VENTURE,D,9064,16.32,0.1132,N,45,0
24,58292,4.0,PERSONAL,A,28965,7.51,0.4969,N,2,0
59,91334,9.0,MEDICAL,E,50000,18.57,0.5474,N,41,1
25,54363,7.0,DEBTCONSOLIDATION,B,12014,10.89,0.221,N,6,0
60,54734,2.0,DEBTCONSOLIDATION,B,16716,11.3,0.3054,N,39,0
41,52401,7.0,HOMEIMPROVEMENT,B,37744,9.25,0.7203,N,18,0
18,16154,3.0,VENTURE,D,13839,15.09,0.8567,N,1,1
73,46900,5.0,MEDICAL,C,5457,11.97,0.1164,N,45,0
27,33943,2.0,MEDICAL,D,8898,16.24,0.2621,N,9,0
51,25526,4.0,MEDICAL,B,9593,9.18,0.3758,N,28,0
28,107873,7.0,MEDICAL,D,5804,15.57,0.0538,Y,10,0
71,64686,8.0,EDUCATION,B,9965,11.05,0.1541,Y,45,1
60,48223,9.0,MEDICAL,B,3329,8.81,0.069,N,43,0
63,35931,6.0,DEBTCONSOLIDATION,F,2417,22.33,0.0673,N,41,1
42,57693,6.0,PERSONAL,A,9276,7.57,0.1608,N,25,0
44,84566,3.0,PERSONAL,A,8295,5.41,0.0981,N,23,0
54,31106,8.0,PERSONAL,C,33882,11.57,1.0892,N,34,1
62,48890,5.0,VENTURE,D,6970,16.23,0.1426,N,39,0
66,79018,5.0,DEBTCONSOLIDATION,A,12070,5.93,0.1528,N,45,0
19,16902,3.0,HOMEIMPROVEMENT,D,7282,15.36,0.4308,N,1,1
55,47492,4.0,EDUCATION,F,2707,23.85,0.057,N,36,0
24,38711,6.0,MEDICAL,B,9453,10.9,0.2442,N,3,0
34,45542,8.0,PERSONAL,E,11470,20.78,0.2519,Y,16,1
65,37201,8.0,MEDICAL,A,6694,6.12,0.1799,N,45,0
32,52875,3.0,HOMEIMPROVEMENT,C,8550,11.51,0.1617,N,13,0
63,141208,9.0,HOMEIMPROVEMENT,D,19063,15.04,0.135,N,45,0
44,41021,4.0,VENTURE,B,8141,9.88,0.1985,N,26,0
31,57551,5.0,HOMEIMPROVEMENT,D,24061,15.18,0.4181,N,10,1
37,146841,5.0,EDUCATION,C,11481,13.29,0.0782,N,16,0
48,36224,3.0,PERSONAL,A,20705,7.54,0.5716,N,29,1
61,132995,2.0,MEDICAL,E,29947,20.91,0.2252,N,40,0
52,49164,4.0,DEBTCONSOLIDATION,B,5258,10.03,0.1069,N,35,0
71,130619,4.0,DEBTCONSOLIDATION,A,20991,6.56,0.1607,N,45,0
67,74058,3.0,DEBTCONSOLIDATION,A,24956,5.45,0.337,N,45,0
60,58041,6.0,VENTURE,D,20973,17.16,0.3613,Y,39,1
52,47282,5.0,DEBTCONSOLIDATION,C,8211,12.04,0.1737,Y,35,1
34,34779,1.0,MEDICAL,C,1440,11.52,0.0414,N,12,0
41,51107,6.0,MEDICAL,A,50000,5.76,0.9783,N,18,0
24,80301,3.0,VENTURE,D,3296,16.8,0.041,N,4,0
39,48668,3.0,MEDICAL,C,40021,13.71,0.8223,Y,22,1
70,41186,6.0,VENTURE,A,4377,5.22,0.1063,N,45,0
42,42704,4.0,EDUCATION,B,4109,8.67,0.0962,N,22,0
24,84614,8.0,DEBTCONSOLIDATION,B,10467,11.05,0.1237,N,5,0
55,96166,5.0,DEBTCONSOLIDATION,C,9448,13.6,0.0982,N,38,0
72,33964,4.0,HOMEIMPROVEMENT,B,45661,10.01,1.3444,N,45,0
67,33937,4.0,PERSONAL,C,6265,12.45,0.1846,N,45,0
33,60394,7.0,EDUCATION,E,18819,18.33,0.3116,N,15,0
43,113566,8.0,DEBTCONSOLIDATION,B,14157,8.56,0.1247,Y,22,0
48,92069,4.0,HOMEIMPROVEMENT,D,5327,17.09,0.0579,N,25,0
32,24624,6.0,EDUCATION,B,14663,10.67,0.5955,N,11,0
33,42393,4.0,MEDICAL,B,9397,8.9,0.2217,N,16,0
31,29382,3.0,PERSONAL,A,22692,7.15,0.7723,Y,11,1
74,42313,0.0,HOMEIMPROVEMENT,C,8541,11.82,0.2019,Y,45,1
60,118471,8.0,MEDICAL,C,28107,12.22,0.2372,Y,43,1
65,22416,5.0,MEDICAL,A,12911,8.17,0.576,N,43,0
64,20123,7.0,PERSONAL,E,4269,19.99,0.2121,N,44,0
72,31079,5.0,PERSONAL,B,2862,9.1,0.0921,N,45,0
24,57412,6.0,DEBTCONSOLIDATION,C,35819,12.62,0.6239,N,6,0
68,68969,1.0,HOMEIMPROVEMENT,D,9561,16.94,0.1386,N,45,1
21,62354,3.0,EDUCATION,B,9514,10.12,0.1526,Y,1,1
45,93585,2.0,PERSONAL,D,11862,14.94,0.1268,N,22,0
51,18588,3.0,VENTURE,C,9676,12.57,0.5206,N,32,1
38,94238,5.0,HOMEIMPROVEMENT,B,10789,11.29,0.1145,N,17,0
26,41288,6.0,MEDICAL,B,3171,9.1,0.0768,N,6,0
28,73300,7.0,VENTURE,C,19147,12.74,0.2612,N,6,0
65,23673,2.0,DEBTCONSOLIDATION,D,11220,15.33,0.474,N,45,1
36,49154,9.0,MEDICAL,F,16236,24.25,0.3303,N,13,0
35,55823,3.0,HOMEIMPROVEMENT,A,6751,7.73,0.1209,N,17,0
70,92564,6.0,EDUCATION,C,9888,13.13,0.1068,Y,45,0
26,20498,2.0,PERSONAL,E,3644,17.65,0.1778,N,5,1
70,49856,4.0,HOMEIMPROVEMENT,A,21683,7.38,0.4349,N,45,0
70,26987,7.0,DEBTCONSOLIDATION,B,9146,10.14,0.3389,N,45,0
52,64732,8.0,PERSONAL,C,1850,13.06,0.0286,N,29,0
27,75167,3.0,VENTURE,B,7734,9.55,0.1029,N,7,0
26,99503,4.0,VENTURE,A,13004,5.65,0.1307,N,8,0
34,36524,8.0,HOMEIMPROVEMENT,A,27938,5.06,0.7649,N,11,0
50,81631,5.0,VENTURE,C,3572,13.07,0.0438,N,28,0
26,103621,4.0,HOMEIMPROVEMENT,F,24829,21.12,0.2396,N,9,0
43,19855,9.0,HOMEIMPROVEMENT,A,16359,7.4,0.8239,N,20,0
24,68650,5.0,EDUCATION,B,7251,8.84,0.1056,N,3,0
48,83048,5.0,PERSONAL,A,18602,8.06,0.224,N,26,0
19,42518,2.0,DEBTCONSOLIDATION,C,12380,12.35,0.2912,N,1,0
58,25186,6.0,DEBTCONSOLIDATION,D,6735,14.76,0.2674,Y,36,1
21,82341,7.0,PERSONAL,C,21556,13.37,0.2618,N,1,0
29,25343,8.0,VENTURE,C,26402,13.62,1.0418,Y,9,1
27,44440,5.0,PERSONAL,D,3706,14.81,0.0834,N,4,0
65,47950,3.0,VENTURE,C,12800,12.22,0.2669,N,45,0
21,72659,2.0,PERSONAL,C,8881,12.34,0.1222,N,1,0
42,34729,5.0,DEBTCONSOLIDATION,C,13793,13.38,0.3972,Y,23,1
51,33640,8.0,HOMEIMPROVEMENT,A,7877,6.06,0.2342,N,29,0
47,51761,6.0,VENTURE,B,28616,9.02,0.5528,N,26,0
56,85264,6.0,PERSONAL,C,2662,14.4,0.0312,N,35,0
63,172490,4.0,EDUCATION,D,11239,15.51,0.0652,N,40,0
40,21394,8.0,MEDICAL,A,6838,5.16,0.3196,N,21,0
65,58304,6.0,PERSONAL,B,8402,10.34,0.1441,N,43,0
36,26967,5.0,EDUCATION,B,2560,9.26,0.0949,N,15,0
74,85849,1.0,DEBTCONSOLIDATION,E,24159,18.47,0.2814,N,45,0
46,29254,1.0,MEDICAL,B,3708,10.07,0.1268,N,28,0
59,33824,4.0,EDUCATION,A,13604,5.2,0.4022,Y,42,1
67,35450,2.0,HOMEIMPROVEMENT,D,6705,15.79,0.1891,N,45,0
63,47008,4.0,VENTURE,B,8148,10.7,0.1733,N,45,0
66,58557,7.0,MEDICAL,D,14920,16.48,0.2548,N,45,0
48,63961,5.0,HOMEIMPROVEMENT,A,23511,7.92,0.3676,N,30,0
20,48865,5.0,PERSONAL,E,3906,17.65,0.0799,N,2,0
46,23589,5.0,PERSONAL,E,7413,19.09,0.3143,N,29,0
28,73151,4.0,EDUCATION,B,12027,10.72,0.1644,N,9,0
68,47613,7.0,EDUCATION,A,9592,6.41,0.2015,N,45,0
31,92869,6.0,DEBTCONSOLIDATION,B,17943,9.17,0.1932,N,13,0
30,33214,8.0,DEBTCONSOLIDATION,A,28410,5.03,0.8554,N,11,0
32,20307,4.0,PERSONAL,D,6201,14.58,0.3054,N,14,0
54,48111,8.0,DEBTCONSOLIDATION,A,5507,5.62,0.1145,N,33,0
50,99984,3.0,HOMEIMPROVEMENT,A,14564,8.17,0.1457,N,31,0
72,53557,6.0,PERSONAL,C,4305,13.23,0.0804,N,45,0
41,43922,4.0,MEDICAL,D,13801,15.4,0.3142,N,18,0
34,30372,2.0,MEDICAL,A,9537,7.42,0.314,N,17,0
20,128897,7.0,PERSONAL,A,8816,6.78,0.0684,N,2,0
18,27825,5.0,EDUCATION,C,16244,13.61,0.5838,Y,1,1
39,32893,7.0,PERSONAL,B,7037,9.3,0.2139,N,22,0
70,67071,5.0,MEDICAL,C,50000,13.42,0.7455,N,45,0
47,17662,6.0,EDUCATION,C,8041,14.28,0.4553,N,24,0
68,98816,5.0,MEDICAL,B,5877,10.71,0.0595,N,45,0
23,69099,3.0,MEDICAL,D,48541,15.19,0.7025,N,3,0
23,80384,3.0,MEDICAL,A,9717,7.84,0.1209,N,4,0
65,66633,4.0,PERSONAL,A,4694,5.7,0.0704,N,45,0
24,44863,4.0,PERSONAL,A,8817,6.14,0.1965,N,5,0
20,27317,3.0,MEDICAL,F,35521,21.99,1.3003,N,1,1
41,45385,4.0,EDUCATION,A,11819,8.34,0.2604,N,21,0
70,28670,2.0,PERSONAL,B,5198,9.28,0.1813,N,45,0
57,64047,6.0,EDUCATION,A,19296,7.23,0.3013,N,37,0
23,76399,6.0,DEBTCONSOLIDATION,C,15404,13.48,0.2016,N,1,0
65,110441,2.0,VENTURE,A,15113,5.0,0.1368,N,45,0
66,60142,4.0,HOMEIMPROVEMENT,C,3144,12.52,0.0523,N,45,0
63,81512,3.0,HOMEIMPROVEMENT,A,4728,6.13,0.058,N,44,0
69,41629,9.0,VENTURE,D,3349,16.06,0.0804,Y,45,1
31,37682,3.0,MEDICAL,E,7788,17.96,0.2067,N,11,0
73,63609,5.0,HOMEIMPROVEMENT,B,27521,8.85,0.4327,N,45,0
36,39633,9.0,EDUCATION,A,2687,5.45,0.0678,N,16,0
63,56843,7.0,EDUCATION,B,4287,9.43,0.0754,N,42,0
51,27346,8.0,EDUCATION,A,2972,5.67,0.1087,N,34,0
62,30185,3.0,EDUCATION,E,17105,17.94,0.5667,N,45,1
53,69527,5.0,HOMEIMPROVEMENT,E,36617,19.47,0.5267,N,31,1
54,79831,6.0,PERSONAL,B,11817,9.24,0.148,N,32,0
53,28506,9.0,MEDICAL,C,13773,11.68,0.4832,N,32,0
62,70886,6.0,VENTURE,D,9624,16.79,0.1358,N,40,0
60,36570,2.0,DEBTCONSOLIDATION,D,8695,14.75,0.2378,N,41,0
25,49467,4.0,EDUCATION,A,16102,8.02,0.3255,N,4,0
65,106864,3.0,MEDICAL,D,5212,15.3,0.0488,N,44,0
48,76429,6.0,VENTURE,B,15457,11.49,0.2022,N,31,0
36,75942,5.0,PERSONAL,D,7923,15.84,0.1043,N,16,0
47,140061,9.0,EDUCATION,B,9595,10.37,0.0685,N,24,0
73,33285,3.0,PERSONAL,E,6667,18.6,0.2003,Y,45,1
66,28503,3.0,PERSONAL,A,2247,5.15,0.0788,N,45,0
65,32952,6.0,MEDICAL,A,16601,7.89,0.5038,N,45,0
44,42617,4.0,HOMEIMPROVEMENT,A,9075,6.08,0.2129,N,25,0
62,13426,5.0,EDUCATION,B,9408,10.2,0.7007,N,43,0
39,43735,8.0,MEDICAL,B,37179,10.83,0.8501,Y,18,1
57,36333,5.0,MEDICAL,D,10870,14.79,0.2992,N,35,0
54,75438,8.0,MEDICAL,A,5838,5.49,0.0774,N,34,0
32,59505,3.0,VENTURE,A,3333,6.27,0.056,N,12,0
33,35228,3.0,DEBTCONSOLIDATION,C,7850,12.91,0.2228,N,12,0
21,67810,7.0,MEDICAL,D,13115,17.31,0.1934,N,1,0
25,72969,2.0,HOMEIMPROVEMENT,C,3565,12.56,0.0489,N,4,0
42,32122,3.0,EDUCATION,D,20945,16.9,0.652,N,22,1
45,37377,5.0,EDUCATION,D,7418,15.33,0.1985,N,27,0
27,14415,0.0,PERSONAL,A,8710,6.88,0.6042,N,6,0
41,26906,4.0,MEDICAL,B,9662,9.58,0.3591,Y,21,0
52,32586,7.0,HOMEIMPROVEMENT,E,3606,20.58,0.1107,N,29,0
31,51061,3.0,VENTURE,C,6768,12.75,0.1325,Y,11,1
37,29145,7.0,HOMEIMPROVEMENT,E,13011,19.48,0.4464,N,19,1
38,36960,5.0,PERSONAL,E,9220,20.51,0.2495,Y,18,1
46,24985,4.0,VENTURE,A,6888,8.18,0.2757,N,28,0
38,53858,6.0,MEDICAL,C,7727,13.44,0.1435,N,18,0
60,61953,1.0,EDUCATION,D,14363,15.66,0.2318,Y,37,1
36,61163,8.0,MEDICAL,C,26106,14.36,0.4268,Y,19,1
42,49355,7.0,HOMEIMPROVEMENT,A,8613,8.15,0.1745,N,20,0
39,21002,5.0,DEBTCONSOLIDATION,C,5250,12.53,0.25,Y,16,1
28,34857,2.0,VENTURE,B,50000,10.15,1.4344,N,5,0
57,39182,5.0,VENTURE,C,19927,12.36,0.5086,N,38,1
31,39268,13.0,DEBTCONSOLIDATION,D,8985,15.58,0.2288,N,8,0
34,51084,0.0,HOMEIMPROVEMENT,A,6418,7.18,0.1256,N,13,0
63,107371,4.0,EDUCATION,B,32584,9.81,0.3035,N,42,0
72,76623,5.0,HOMEIMPROVEMENT,A,5396,5.92,0.0704,N,45,0
56,28477,5.0,PERSONAL,C,9886,13.09,0.3472,N,37,0
70,71190,5.0,PERSONAL,A,15914,5.94,0.2235,N,45,0
66,69714,2.0,DEBTCONSOLIDATION,A,11277,7.41,0.1618,N,45,0
45,31466,3.0,PERSONAL,C,5043,13.84,0.1603,N,23,0
61,78188,5.0,HOMEIMPROVEMENT,A,7423,6.71,0.0949,N,40,0
36,44882,3.0,VENTURE,B,9743,9.71,0.2171,N,14,0
44,22573,5.0,HOMEIMPROVEMENT,C,4335,13.52,0.192,N,23,0
48,62966,2.0,MEDICAL,D,8683,15.68,0.1379,N,28,1
72,55233,4.0,HOMEIMPROVEMENT,C,27463,14.48,0.4972,N,45,1
66,43251,8.0,DEBTCONSOLIDATION,C,34819,13.98,0.805,N,45,1
45,48021,10.0,HOMEIMPROVEMENT,C,8412,13.04,0.1752,N,28,0
55,33007,8.0,EDUCATION,C,9404,12.97,0.2849,N,36,0
29,68567,4.0,DEBTCONSOLIDATION,B,8516,10.05,0.1242,N,10,0
63,47863,9.0,MEDICAL,B,2250,10.03,0.047,N,44,0
49,53720,5.0,PERSONAL,A,13478,5.34,0.2509,Y,31,1
48,59660,9.0,DEBTCONSOLIDATION,D,11756,15.71,0.197,N,30,0
61,25977,7.0,EDUCATION,B,20174,9.26,0.7766,N,39,0
54,29975,7.0,EDUCATION,D,20561,15.73,0.6859,N,35,1
22,14538,0.0,VENTURE,B,15068,9.39,1.0365,N,5,0
34,66876,10.0,DEBTCONSOLIDATION,C,15200,14.24,0.2273,N,12,0
28,25166,3.0,HOMEIMPROVEMENT,F,4736,21.59,0.1882,N,9,0
59,52728,4.0,EDUCATION,A,11077,8.01,0.2101,N,39,0
20,60116,8.0,VENTURE,B,3654,10.07,0.0608,N,1,0
29,68274,9.0,EDUCATION,A,7483,7.57,0.1096,N,9,0
52,25280,3.0,MEDICAL,E,30615,20.48,1.211,Y,29,1
57,47295,4.0,PERSONAL,A,14135,6.09,0.2989,Y,35,0
46,122841,0.0,EDUCATION,D,12000,14.98,0.0977,N,25,0
67,125853,6.0,DEBTCONSOLIDATION,A,9549,8.15,0.0759,N,45,0
70,84375,6.0,MEDICAL,F,9643,21.97,0.1143,N,45,0
25,59019,1.0,HOMEIMPROVEMENT,A,10978,5.85,0.186,N,6,0
72,28203,3.0,MEDICAL,A,10386,6.61,0.3683,N,45,0
53,72783,2.0,PERSONAL,E,15548,17.96,0.2136,N,35,0
54,44940,5.0,VENTURE,E,40661,18.69,0.9048,N,31,1
23,66722,5.0,EDUCATION,B,26959,10.11,0.404,N,1,1
53,34611,3.0,EDUCATION,C,7227,14.08,0.2088,N,35,0
59,44573,10.0,PERSONAL,A,6387,5.24,0.1433,N,41,0
51,53652,4.0,MEDICAL,E,6805,20.69,0.1268,N,32,0
22,56131,6.0,DEBTCONSOLIDATION,D,6314,15.93,0.1125,N,1,0
47,64314,5.0,EDUCATION,D,2910,16.97,0.0452,N,25,0
71,35647,1.0,MEDICAL,D,10665,17.12,0.2992,N,45,1
59,23416,1.0,PERSONAL,C,7405,13.06,0.3162,N,36,0
25,119806,7.0,HOMEIMPROVEMENT,B,9684,11.13,0.0808,N,3,0
72,192738,11.0,HOMEIMPROVEMENT,F,6948,21.62,0.036,N,45,0
72,62697,3.0,EDUCATION,B,10287,11.14,0.1641,N,45,0
27,23666,3.0,MEDICAL,F,6221,24.42,0.2629,N,9,0
63,32040,3.0,PERSONAL,A,6313,6.96,0.197,Y,42,1
41,64861,6.0,DEBTCONSOLIDATION,C,39943,13.42,0.6158,N,24,0
51,102499,12.0,MEDICAL,C,4188,13.73,0.0409,N,33,0
43,25157,4.0,PERSONAL,A,50000,8.48,1.9875,N,24,0
62,45780,6.0,HOMEIMPROVEMENT,A,3819,6.46,0.0834,N,39,0
74,54598,5.0,HOMEIMPROVEMENT,D,5522,15.89,0.1011,N,45,0
63,78866,9.0,PERSONAL,B,4083,9.5,0.0518,N,44,0
71,40579,6.0,MEDICAL,C,7519,12.08,0.1853,N,45,0
71,20741,10.0,MEDICAL,B,921,9.33,0.0444,N,45,0
23,68985,7.0,EDUCATION,A,19665,7.36,0.2851,N,1,0
32,91002,6.0,HOMEIMPROVEMENT,B,5547,8.62,0.061,N,14,0
59,46843,3.0,VENTURE,B,12336,10.62,0.2633,Y,36,0
51,61259,6.0,DEBTCONSOLIDATION,A,33105,8.32,0.5404,N,31,1
20,37760,7.0,MEDICAL,A,6861,5.85,0.1817,N,1,0
23,30786,3.0,HOMEIMPROVEMENT,A,12983,5.94,0.4217,Y,1,1
47,86209,5.0,EDUCATION,D,5204,17.19,0.0604,N,27,0
53,60665,4.0,EDUCATION,A,17671,8.36,0.2913,N,35,0
27,64196,6.0,MEDICAL,E,12600,20.11,0.1963,N,5,0
27,111989,8.0,MEDICAL,A,4103,5.78,0.0366,N,7,0
25,27442,5.0,PERSONAL,D,25571,16.0,0.9318,Y,3,1
50,36184,5.0,MEDICAL,B,9164,11.02,0.2533,N,27,0
18,53469,8.0,PERSONAL,C,8782,13.3,0.1642,N,1,0
50,35940,4.0,PERSONAL,C,16010,12.17,0.4455,N,28,0
45,75412,5.0,EDUCATION,A,20327,5.12,0.2695,N,23,0
44,44219,7.0,HOMEIMPROVEMENT,A,4795,6.38,0.1084,N,26,0
56,28398,7.0,PERSONAL,D,18953,16.9,0.6674,N,39,1
47,50826,4.0,EDUCATION,A,10168,5.11,0.2001,N,28,0
59,53835,5.0,VENTURE,A,8329,6.26,0.1547,N,40,0
61,81967,3.0,PERSONAL,C,6286,13.88,0.0767,Y,44,0
70,60853,2.0,PERSONAL,A,11574,7.52,0.1902,N,45,0
63,63172,3.0,PERSONAL,C,3678,11.55,0.0582,N,45,0
47,58463,1.0,DEBTCONSOLIDATION,B,5518,10.47,0.0944,N,24,0
46,44199,4.0,PERSONAL,B,3047,8.62,0.0689,N,25,0
31,33060,10.0,VENTURE,A,17763,7.88,0.5373,N,14,0
52,57460,3.0,PERSONAL,B,11116,8.52,0.1935,N,35,0
25,40814,3.0,HOMEIMPROVEMENT,A,11672,5.25,0.286,N,4,0
71,124169,3.0,VENTURE,C,7153,12.83,0.0576,N,45,0
66,102559,6.0,DEBTCONSOLIDATION,B,8628,8.74,0.0841,N,45,0
24,69429,6.0,DEBTCONSOLIDATION,E,8651,20.12,0.1246,N,1,1
62,60364,5.0,DEBTCONSOLIDATION,A,12540,7.61,0.2077,N,43,0
24,46705,6.0,PERSONAL,B,3382,8.56,0.0724,N,7,0
59,24498,5.0,MEDICAL,A,10571,6.68,0.4315,N,39,0
22,43525,0.0,HOMEIMPROVEMENT,B,13601,9.23,0.3125,Y,4,1
45,51832,5.0,PERSONAL,A,13974,7.15,0.2696,N,27,0
55,55614,9.0,PERSONAL,B,40230,8.82,0.7234,N,38,0
59,63465,3.0,EDUCATION,C,11921,14.17,0.1878,N,37,0
41,81367,4.0,HOMEIMPROVEMENT,D,18209,16.35,0.2238,Y,20,1
70,33500,7.0,HOMEIMPROVEMENT,C,19275,14.47,0.5754,N,45,1
62,33668,5.0,HOMEIMPROVEMENT,B,5888,8.89,0.1749,N,44,0
29,108876,5.0,EDUCATION,B,17221,8.68,0.1582,N,12,0
56,74909,4.0,HOMEIMPROVEMENT,B,2581,9.12,0.0345,N,35,0
59,39540,5.0,PERSONAL,C,5603,14.4,0.1417,N,37,0
37,46213,4.0,DEBTCONSOLIDATION,D,16081,16.49,0.348,N,15,0
60,46328,6.0,MEDICAL,E,4519,17.58,0.0975,N,39,0
69,49879,4.0,VENTURE,A,21201,8.08,0.425,N,45,0
64,63575,3.0,DEBTCONSOLIDATION,E,20577,19.58,0.3237,Y,44,1
61,197648,5.0,EDUCATION,C,13460,12.07,0.0681,N,43,0
54,54413,3.0,EDUCATION,B,12207,9.67,0.2243,Y,37,1
33,70574,3.0,EDUCATION,A,8454,7.54,0.1198,N,16,0
63,19388,8.0,PERSONAL,C,11341,13.28,0.5849,Y,45,1
38,37545,3.0,VENTURE,C,20402,12.01,0.5434,N,17,1
48,96360,9.0,DEBTCONSOLIDATION,E,22377,17.66,0.2322,N,30,0
35,61161,4.0,DEBTCONSOLIDATION,B,10704,9.25,0.175,N,18,0
35,12000,6.0,DEBTCONSOLIDATION,B,3911,10.5,0.3259,N,13,0
26,71019,5.0,PERSONAL,C,8150,12.2,0.1148,N,5,0
72,140785,9.0,PERSONAL,D,11945,15.34,0.0848,N,45,0
26,16354,2.0,EDUCATION,D,17447,16.88,1.0668,N,9,1
22,113058,2.0,VENTURE,C,13459,14.44,0.119,N,1,0
71,12000,1.0,HOMEIMPROVEMENT,B,24629,8.75,2.0524,Y,45,1
49,82116,3.0,HOMEIMPROVEMENT,B,6190,10.91,0.0754,N,30,0
42,48788,5.0,PERSONAL,B,6208,10.12,0.1272,N,20,0
60,13460,5.0,VENTURE,F,20026,22.93,1.4878,N,43,1
39,62653,5.0,EDUCATION,B,5254,9.22,0.0839,N,17,0
25,92314,5.0,EDUCATION,A,4824,8.5,0.0523,N,7,0
59,59882,3.0,HOMEIMPROVEMENT,C,10373,12.17,0.1732,N,41,0
28,67619,6.0,DEBTCONSOLIDATION,B,16886,11.46,0.2497,N,5,0
49,39088,7.0,MEDICAL,B,11625,10.62,0.2974,N,29,0
72,17610,5.0,PERSONAL,C,1586,14.03,0.0901,N,45,0
71,71720,10.0,EDUCATION,E,9001,18.69,0.1255,N,45,0
38,128330,9.0,DEBTCONSOLIDATION,D,5906,15.86,0.046,Y,17,1
62,91241,6.0,VENTURE,A,22906,7.93,0.251,N,41,0
52,16426,5.0,HOMEIMPROVEMENT,A,3379,8.2,0.2057,N,29,0
45,21307,10.0,MEDICAL,F,14807,22.31,0.6949,N,22,1
25,30782,5.0,MEDICAL,A,10028,6.43,0.3258,N,3,0
39,20411,3.0,MEDICAL,A,11932,5.22,0.5846,N,19,0
55,50226,3.0,HOMEIMPROVEMENT,E,17328,20.04,0.345,N,36,0
74,60862,6.0,DEBTCONSOLIDATION,B,8582,10.75,0.141,N,45,0
18,22322,5.0,MEDICAL,A,10605,7.58,0.4751,N,1,0
58,75163,7.0,DEBTCONSOLIDATION,C,33481,11.83,0.4454,N,37,0
66,68227,3.0,HOMEIMPROVEMENT,B,19987,8.57,0.2929,N,44,0
72,36261,4.0,HOMEIMPROVEMENT,B,19006,10.66,0.5241,N,45,0
42,44583,3.0,DEBTCONSOLIDATION,C,18581,12.05,0.4168,N,19,1
24,16774,5.0,PERSONAL,F,37488,23.17,2.2349,N,2,1
33,40833,6.0,PERSONAL,A,14882,6.46,0.3645,N,10,0
66,49220,5.0,PERSONAL,A,10817,6.65,0.2198,N,45,0
68,53788,4.0,MEDICAL,D,15465,16.59,0.2875,N,45,0
54,60378,5.0,HOMEIMPROVEMENT,A,6717,8.13,0.1112,N,33,0
24,56068,6.0,PERSONAL,F,17937,23.34,0.3199,N,2,0
24,42387,3.0,MEDICAL,B,20350,10.71,0.4801,N,6,0
45,57377,5.0,VENTURE,C,7872,14.45,0.1372,N,23,0
51,85060,7.0,VENTURE,A,9061,6.4,0.1065,N,33,0
19,46512,5.0,EDUCATION,B,12684,10.59,0.2727,N,1,0
57,58376,9.0,EDUCATION,C,6369,13.25,0.1091,N,35,0
49,44249,7.0,PERSONAL,E,4810,17.7,0.1087,N,32,0
18,34347,4.0,PERSONAL,B,8387,9.07,0.2442,N,1,0
23,65354,5.0,PERSONAL,E,10444,19.12,0.1598,N,1,0
43,36120,3.0,MEDICAL,A,15809,6.4,0.4377,N,22,0
59,60620,7.0,VENTURE,A,14640,5.21,0.2415,N,36,0
65,49788,2.0,VENTURE,D,9616,16.96,0.1931,N,45,0
42,41474,4.0,VENTURE,C,14840,12.1,0.3578,Y,21,0
34,40926,6.0,PERSONAL,A,6875,6.05,0.168,N,11,0
73,37068,3.0,MEDICAL,A,3454,6.84,0.0932,N,45,0
44,19827,5.0,PERSONAL,D,8612,14.58,0.4344,N,25,0
35,60511,5.0,VENTURE,A,11799,5.27,0.195,N,14,0
43,55678,7.0,HOMEIMPROVEMENT,B,6608,10.65,0.1187,N,25,0
18,78222,0.0,VENTURE,D,3558,15.65,0.0455,N,1,1
35,36596,2.0,EDUCATION,C,5409,13.29,0.1478,N,16,0
47,139032,3.0,EDUCATION,E,4264,19.18,0.0307,N,30,0
70,39781,4.0,MEDICAL,A,3811,7.15,0.0958,Y,45,1
60,30293,3.0,DEBTCONSOLIDATION,B,10318,10.68,0.3406,N,38,0
62,28380,4.0,VENTURE,A,22793,5.07,0.8031,N,39,0
49,18889,7.0,PERSONAL,B,10206,10.79,0.5403,Y,30,1
24,113885,2.0,HOMEIMPROVEMENT,D,22606,17.11,0.1985,N,1,0
40,104202,3.0,PERSONAL,E,1598,20.09,0.0153,N,20,0
74,68214,5.0,EDUCATION,A,11386,6.33,0.1669,N,45,0
20,29946,4.0,EDUCATION,B,14711,9.01,0.4913,N,1,1
68,132746,6.0,VENTURE,B,5811,11.26,0.0438,N,45,0
57,40398,2.0,HOMEIMPROVEMENT,A,5335,6.32,0.1321,N,35,0
34,42278,8.0,EDUCATION,A,7737,7.19,0.183,Y,17,0
62,108065,4.0,VENTURE,D,18529,17.17,0.1715,N,44,0
65,70431,2.0,MEDICAL,D,4350,15.02,0.0618,N,45,0
20,164490,3.0,VENTURE,A,5580,5.56,0.0339,N,3,0
24,56207,0.0,PERSONAL,E,3963,17.57,0.0705,N,5,1
55,39404,6.0,MEDICAL,D,15125,17.42,0.3838,Y,33,1
74,35014,9.0,DEBTCONSOLIDATION,B,6063,10.5,0.1732,N,45,0
19,17750,4.0,EDUCATION,C,9248,14.07,0.521,N,1,0
55,42056,3.0,HOMEIMPROVEMENT,B,13830,10.34,0.3288,N,33,0
25,91998,10.0,HOMEIMPROVEMENT,A,6993,7.62,0.076,N,2,0
55,68142,6.0,DEBTCONSOLIDATION,A,3548,7.61,0.0521,N,32,0
53,49571,4.0,EDUCATION,C,14106,11.82,0.2846,N,32,0
23,28361,6.0,HOMEIMPROVEMENT,A,14851,5.43,0.5236,N,2,1
56,55535,7.0,EDUCATION,D,30438,15.08,0.5481,N,36,1
69,85566,6.0,MEDICAL,C,12303,11.84,0.1438,Y,45,1
67,62124,7.0,MEDICAL,C,10426,11.99,0.1678,Y,44,1
19,53728,9.0,VENTURE,B,12026,10.94,0.2238,N,1,0
32,31624,10.0,EDUCATION,C,8718,12.99,0.2757,Y,11,0
31,78980,3.0,EDUCATION,E,9678,18.1,0.1225,N,9,0
43,12000,3.0,DEBTCONSOLIDATION,C,6511,14.25,0.5426,N,22,0
26,60510,4.0,VENTURE,A,11924,6.61,0.1971,N,9,0
66,201526,5.0,MEDICAL,C,12080,14.29,0.0599,Y,45,1
62,21383,5.0,PERSONAL,B,8822,8.93,0.4126,N,41,0
64,42926,5.0,DEBTCONSOLIDATION,D,5121,14.57,0.1193,N,45,0
29,48807,3.0,HOMEIMPROVEMENT,B,3504,11.1,0.0718,N,12,0
18,38009,3.0,DEBTCONSOLIDATION,A,6814,6.05,0.1793,N,1,0
69,86682,4.0,EDUCATION,A,6334,6.9,0.0731,N,45,0
34,63566,7.0,PERSONAL,B,7504,9.6,0.1181,N,14,0
55,53303,2.0,HOMEIMPROVEMENT,B,7170,11.35,0.1345,N,38,0
69,76000,9.0,HOMEIMPROVEMENT,A,32892,5.19,0.4328,N,45,1
20,49474,3.0,DEBTCONSOLIDATION,F,7533,22.38,0.1523,N,1,0
18,281792,7.0,PERSONAL,C,3891,13.14,0.0138,N,1,0
18,53275,7.0,MEDICAL,D,10020,17.46,0.1881,Y,1,1
26,54579,5.0,PERSONAL,A,7579,5.33,0.1389,N,8,0
20,19134,4.0,MEDICAL,B,36356,8.57,1.9001,N,1,0
64,36355,5.0,DEBTCONSOLIDATION,B,12188,10.82,0.3352,N,41,0
52,92139,6.0,HOMEIMPROVEMENT,C,18540,12.4,0.2012,N,30,0
73,23517,3.0,EDUCATION,B,10106,9.6,0.4297,N,45,1
63,14963,3.0,VENTURE,A,11321,7.88,0.7566,Y,41,1
72,49899,2.0,MEDICAL,C,6811,12.63,0.1365,N,45,0
31,104183,4.0,MEDICAL,C,9556,13.54,0.0917,N,10,0
34,50176,4.0,PERSONAL,B,5260,9.2,0.1048,N,11,0
66,40746,7.0,VENTURE,D,7280,16.66,0.1787,N,45,0
31,17638,7.0,VENTURE,A,12341,7.26,0.6997,N,13,0
21,62864,8.0,PERSONAL,B,12961,10.39,0.2062,Y,1,0
56,70523,5.0,PERSONAL,D,11534,16.68,0.1635,N,36,0
63,18398,7.0,MEDICAL,C,6452,12.95,0.3507,N,40,0
73,91490,5.0,MEDICAL,B,46703,9.1,0.5105,N,45,0
70,74692,9.0,PERSONAL,A,9272,6.78,0.1241,N,45,0
24,91379,3.0,HOMEIMPROVEMENT,A,11731,5.18,0.1284,N,1,0
62,67571,8.0,VENTURE,C,23954,13.93,0.3545,N,39,0
66,70229,6.0,EDUCATION,B,5157,11.08,0.0734,N,43,0
57,65277,5.0,HOMEIMPROVEMENT,B,8732,8.77,0.1338,N,38,0
64,79036,9.0,MEDICAL,B,35773,10.19,0.4526,N,44,0
65,18028,4.0,EDUCATION,A,13632,6.1,0.7562,N,45,0
43,21470,7.0,HOMEIMPROVEMENT,C,17264,12.53,0.8041,N,26,0
20,32702,6.0,MEDICAL,B,7624,9.15,0.2331,N,1,0
44,45642,7.0,MEDICAL,A,7427,6.39,0.1627,N,22,0
29,60686,7.0,PERSONAL,E,4656,20.54,0.0767,N,7,0
24,58604,3.0,HOMEIMPROVEMENT,B,40163,10.38,0.6853,N,6,1
25,90618,7.0,EDUCATION,A,7228,8.49,0.0798,N,8,0
57,92196,2.0,EDUCATION,C,3848,12.69,0.0417,N,34,0
46,30338,7.0,HOMEIMPROVEMENT,D,22552,16.74,0.7434,N,23,1
48,55894,5.0,PERSONAL,B,6209,8.91,0.1111,N,31,0
60,30751,6.0,DEBTCONSOLIDATION,E,16216,18.7,0.5273,N,37,1
49,44199,4.0,EDUCATION,C,15865,13.21,0.3589,N,26,0
53,58511,4.0,EDUCATION,A,20454,6.93,0.3496,N,36,0
22,12000,6.0,VENTURE,C,3727,12.96,0.3106,N,1,0
66,184643,4.0,EDUCATION,C,12876,14.22,0.0697,N,45,0
43,66938,9.0,EDUCATION,E,4627,19.38,0.0691,N,24,0
26,35325,5.0,PERSONAL,D,10314,17.21,0.292,N,4,0
64,141499,3.0,EDUCATION,C,18045,11.51,0.1275,N,45,0
59,40494,3.0,DEBTCONSOLIDATION,C,2983,14.06,0.0737,N,36,0
21,52727,3.0,PERSONAL,A,7275,5.48,0.138,N,4,0
29,37499,3.0,DEBTCONSOLIDATION,C,5103,13.27,0.1361,N,7,0
18,121612,2.0,MEDICAL,D,11081,16.48,0.0911,N,1,0
33,46270,10.0,VENTURE,F,4527,24.63,0.0978,N,15,0
23,53221,5.0,HOMEIMPROVEMENT,A,15962,6.06,0.2999,N,6,0
58,95042,6.0,PERSONAL,C,8319,12.24,0.0875,Y,39,0
47,67631,9.0,DEBTCONSOLIDATION,F,9530,24.54,0.1409,Y,25,1
73,47577,6.0,HOMEIMPROVEMENT,C,11625,12.56,0.2443,N,45,0
60,90283,4.0,HOMEIMPROVEMENT,B,1401,10.71,0.0155,Y,40,1
52,198028,7.0,MEDICAL,A,4685,5.2,0.0237,N,34,0
47,58371,4.0,MEDICAL,F,27477,21.18,0.4707,Y,29,1
21,52272,7.0,MEDICAL,C,4181,13.85,0.08,Y,1,1
22,53843,6.0,PERSONAL,D,4729,14.56,0.0878,N,1,0
53,100784,5.0,PERSONAL,A,7691,6.16,0.0763,N,33,0
18,35257,2.0,HOMEIMPROVEMENT,C,17094,12.04,0.4848,N,1,1
20,42063,9.0,MEDICAL,E,3749,19.72,0.0891,N,1,0
30,21044,6.0,PERSONAL,C,8225,12.42,0.3908,N,9,0
68,25562,10.0,HOMEIMPROVEMENT,B,23266,9.32,0.9102,Y,45,1
44,36872,8.0,PERSONAL,B,12360,11.09,0.3352,N,23,0
58,47535,5.0,DEBTCONSOLIDATION,A,4947,5.07,0.1041,N,41,0
41,129702,2.0,HOMEIMPROVEMENT,A,20420,5.73,0.1574,N,20,0
27,65827,2.0,HOMEIMPROVEMENT,B,7840,10.34,0.1191,N,5,0
39,29683,7.0,MEDICAL,C,13641,11.76,0.4596,N,22,1
23,32846,8.0,MEDICAL,E,5725,20.08,0.1743,N,1,0
61,104413,3.0,PERSONAL,F,19772,24.27,0.1894,Y,43,1
28,91092,7.0,DEBTCONSOLIDATION,A,7858,8.33,0.0863,N,8,0
39,49785,6.0,EDUCATION,B,11573,10.98,0.2325,N,20,0
73,38430,4.0,MEDICAL,A,2754,7.74,0.0717,N,45,0
51,91008,4.0,PERSONAL,B,28230,8.95,0.3102,N,33,0
44,28386,6.0,PERSONAL,C,24710,11.59,0.8705,N,27,0
48,60816,9.0,HOMEIMPROVEMENT,B,4328,9.98,0.0712,N,26,0
62,171092,7.0,MEDICAL,D,28964,16.74,0.1693,N,44,0
32,54882,4.0,EDUCATION,A,3874,5.29,0.0706,Y,11,0
54,31997,6.0,EDUCATION,C,4084,14.28,0.1276,N,31,0
67,61433,3.0,DEBTCONSOLIDATION,F,8556,23.23,0.1393,N,45,0
50,37854,9.0,VENTURE,A,11267,5.87,0.2976,N,28,0
43,22770,5.0,MEDICAL,E,18439,20.28,0.8098,Y,25,1
26,72082,5.0,DEBTCONSOLIDATION,D,9299,14.94,0.129,N,6,0
32,90654,7.0,MEDICAL,B,4708,8.55,0.0519,N,12,0
71,41315,3.0,DEBTCONSOLIDATION,B,20969,9.36,0.5075,Y,45,1
48,39835,5.0,PERSONAL,A,8766,7.2,0.2201,N,28,0
35,28886,5.0,EDUCATION,C,15511,13.61,0.537,N,13,0
41,45140,2.0,MEDICAL,C,19313,12.42,0.4278,N,24,1
50,35979,3.0,PERSONAL,A,6704,5.0,0.1863,N,30,0
48,28111,3.0,VENTURE,B,8319,10.28,0.2959,Y,28,0
57,138786,5.0,HOMEIMPROVEMENT,E,15632,19.27,0.1126,Y,39,1
32,63358,7.0,EDUCATION,E,19470,19.12,0.3073,N,9,0
55,67158,3.0,EDUCATION,D,6471,16.25,0.0964,N,36,0
43,79687,5.0,DEBTCONSOLIDATION,A,9695,6.3,0.1217,N,22,0
71,74912,4.0,MEDICAL,B,3757,11.25,0.0502,N,45,0
27,39057,2.0,VENTURE,C,7470,14.17,0.1913,Y,7,1
26,56948,4.0,HOMEIMPROVEMENT,A,28008,6.94,0.4918,N,8,0
44,42278,4.0,EDUCATION,D,2755,15.43,0.0652,N,24,0
46,62389,0.0,VENTURE,C,35362,12.12,0.5668,N,28,0
57,59155,6.0,DEBTCONSOLIDATION,A,35999,6.88,0.6086,N,35,0
41,39717,3.0,DEBTCONSOLIDATION,D,4295,16.68,0.1081,N,22,0
70,23597,7.0,PERSONAL,C,4753,13.01,0.2014,N,45,0
45,53126,9.0,PERSONAL,D,10035,17.33,0.1889,Y,27,1
25,43811,9.0,PERSONAL,C,7461,12.4,0.1703,Y,6,0
24,17331,6.0,EDUCATION,E,20821,18.19,1.2014,N,5,1
73,64809,6.0,EDUCATION,D,17096,16.41,0.2638,Y,45,1
25,83361,5.0,MEDICAL,E,9401,18.7,0.1128,N,2,1
72,196928,6.0,EDUCATION,E,3948,18.99,0.02,N,45,0
33,39531,10.0,VENTURE,C,8235,13.94,0.2083,N,12,0
23,36450,4.0,DEBTCONSOLIDATION,D,50000,15.23,1.3717,N,1,1
35,26630,9.0,PERSONAL,B,11703,10.23,0.4395,N,14,1
53,54981,10.0,PERSONAL,A,27353,8.15,0.4975,Y,34,1
42,54790,6.0,PERSONAL,B,13008,9.17,0.2374,N,20,0
62,31375,7.0,DEBTCONSOLIDATION,A,33789,7.48,1.0769,N,42,0
52,44524,6.0,MEDICAL,A,9570,6.64,0.2149,N,32,0
40,16510,7.0,EDUCATION,C,23442,12.63,1.4199,N,19,1
54,81593,5.0,EDUCATION,A,19819,6.04,0.2429,N,34,0
73,32084,4.0,HOMEIMPROVEMENT,A,10661,6.1,0.3323,N,45,0
41,48095,4.0,HOMEIMPROVEMENT,B,10692,10.61,0.2223,Y,23,1
26,22366,6.0,EDUCATION,C,3589,13.4,0.1605,N,6,0
41,35585,4.0,EDUCATION,B,7699,8.53,0.2164,N,18,0
65,42033,4.0,DEBTCONSOLIDATION,B,50000,10.25,1.1895,N,45,1
30,48717,5.0,HOMEIMPROVEMENT,C,35356,13.47,0.7257,N,8,1
72,63821,9.0,PERSONAL,A,9476,7.2,0.1485,N,45,0
51,108173,7.0,MEDICAL,C,5546,13.12,0.0513,N,30,0
52,73349,4.0,PERSONAL,A,23953,5.57,0.3266,N,30,0
36,83215,4.0,MEDICAL,A,12358,6.59,0.1485,N,17,0
70,108592,6.0,DEBTCONSOLIDATION,B,14089,9.27,0.1297,N,45,0
20,67059,2.0,PERSONAL,D,8170,15.23,0.1218,Y,2,1
35,48041,8.0,EDUCATION,C,28749,13.28,0.5984,N,13,0
41,85392,6.0,MEDICAL,C,12104,11.99,0.1417,Y,20,1
45,88446,8.0,EDUCATION,A,15649,6.28,0.1769,N,22,0
45,70032,3.0,PERSONAL,A,4825,7.56,0.0689,N,25,0
26,22025,6.0,EDUCATION,C,5840,13.8,0.2652,N,7,0
30,30859,6.0,EDUCATION,C,4513,14.16,0.1462,N,9,0
23,42143,5.0,EDUCATION,B,13757,10.93,0.3264,N,1,0
50,75266,4.0,DEBTCONSOLIDATION,E,10644,18.03,0.1414,Y,33,1
37,48448,3.0,DEBTCONSOLIDATION,F,3942,22.04,0.0814,N,17,0
50,91608,4.0,VENTURE,A,12485,6.5,0.1363,N,28,0
51,101050,9.0,PERSONAL,A,10940,7.95,0.1083,Y,33,0
58,94801,6.0,PERSONAL,F,2697,21.05,0.0284,Y,36,1
49,95134,0.0,VENTURE,D,6001,16.83,0.0631,N,29,0
54,27712,7.0,VENTURE,A,11817,7.96,0.4264,N,32,0
51,63923,3.0,PERSONAL,E,4822,19.49,0.0754,N,30,0
55,35096,6.0,DEBTCONSOLIDATION,C,8264,11.66,0.2355,N,33,0
53,19791,4.0,VENTURE,C,5876,13.17,0.2969,N,33,0
36,41851,2.0,PERSONAL,C,3275,12.42,0.0783,N,18,0
32,101580,3.0,DEBTCONSOLIDATION,A,2247,6.09,0.0221,N,10,0
62,63158,7.0,HOMEIMPROVEMENT,B,4332,9.62,0.0686,N,45,0
37,148716,7.0,DEBTCONSOLIDATION,B,39752,8.66,0.2673,N,16,0
49,54039,6.0,DEBTCONSOLIDATION,B,4153,9.19,0.0769,N,28,0
29,188394,3.0,PERSONAL,A,8753,6.79,0.0465,Y,7,1
42,54048,3.0,MEDICAL,B,9432,9.53,0.1745,N,22,0
48,49630,6.0,PERSONAL,A,38424,7.83,0.7742,N,31,0
53,24253,6.0,EDUCATION,C,2317,14.07,0.0955,N,33,0
48,90292,7.0,EDUCATION,E,5964,17.84,0.0661,N,27,0
38,37191,6.0,MEDICAL,C,12075,13.98,0.3247,N,19,0
72,34341,4.0,HOMEIMPROVEMENT,B,9020,11.32,0.2627,N,45,0
47,99178,3.0,PERSONAL,B,7286,9.51,0.0735,N,26,0
64,92690,7.0,MEDICAL,C,14430,12.6,0.1557,N,45,0
59,91365,6.0,HOMEIMPROVEMENT,E,2225,19.53,0.0244,Y,39,1
49,40166,7.0,MEDICAL,E,7939,18.68,0.1977,N,28,0
68,47665,6.0,EDUCATION,C,6525,14.44,0.1369,N,45,0
25,47433,10.0,MEDICAL,B,18054,10.62,0.3806,N,7,0
70,75386,7.0,PERSONAL,A,2199,5.08,0.0292,Y,45,0
66,115204,4.0,MEDICAL,A,8300,6.81,0.072,Y,44,0
46,60022,3.0,MEDICAL,A,8553,5.62,0.1425,N,28,0
59,145246,7.0,EDUCATION,B,7120,10.18,0.049,N,36,0
47,80294,7.0,EDUCATION,A,6344,7.66,0.079,N,27,0
33,43081,7.0,PERSONAL,C,8698,12.77,0.2019,N,10,0
63,77326,6.0,DEBTCONSOLIDATION,A,20590,5.14,0.2663,N,43,0
32,125275,4.0,PERSONAL,D,15035,15.71,0.12,Y,14,1
35,147128,3.0,DEBTCONSOLIDATION,B,5761,9.44,0.0392,N,14,0
47,94163,4.0,DEBTCONSOLIDATION,D,5731,15.23,0.0609,N,27,0
65,49717,4.0,MEDICAL,A,4425,5.98,0.089,N,45,0
39,43513,12.0,DEBTCONSOLIDATION,A,19215,5.59,0.4416,Y,16,1
46,67294,6.0,MEDICAL,D,6228,17.43,0.0925,N,28,0
20,123091,4.0,PERSONAL,C,3995,13.38,0.0325,N,1,0
24,62228,5.0,EDUCATION,A,10015,5.25,0.1609,N,5,0
21,62943,5.0,DEBTCONSOLIDATION,E,11396,20.11,0.1811,Y,3,1
22,50426,4.0,HOMEIMPROVEMENT,C,7682,12.39,0.1523,N,2,0
67,40931,8.0,DEBTCONSOLIDATION,B,10104,10.17,0.2469,N,45,0
65,44838,4.0,MEDICAL,C,8276,13.96,0.1846,N,45,0
64,52811,7.0,EDUCATION,C,13287,13.17,0.2516,Y,44,0
21,126115,5.0,EDUCATION,A,11257,5.62,0.0893,N,2,0
22,42965,7.0,HOMEIMPROVEMENT,E,5945,20.79,0.1384,N,3,0
33,50460,6.0,PERSONAL,D,14649,16.35,0.2903,N,16,0
50,30456,5.0,VENTURE,C,5117,14.19,0.168,N,32,0
37,72703,5.0,DEBTCONSOLIDATION,B,4388,9.5,0.0604,Y,17,0
45,103950,11.0,HOMEIMPROVEMENT,D,10467,15.79,0.1007,N,22,0
27,119787,13.0,MEDICAL,A,12119,6.88,0.1012,N,9,0
59,54822,4.0,EDUCATION,E,16971,17.61,0.3096,N,37,1
35,67231,1.0,MEDICAL,E,34031,19.43,0.5062,N,13,1
21,45050,2.0,MEDICAL,B,2582,10.52,0.0573,N,1,0
60,65539,2.0,EDUCATION,C,6181,12.64,0.0943,N,40,0
69,58260,7.0,PERSONAL,C,10171,13.07,0.1746,N,45,0
18,50617,3.0,EDUCATION,D,30439,16.74,0.6014,N,1,0
42,52879,5.0,PERSONAL,D,7066,17.42,0.1336,N,20,0
65,62853,9.0,PERSONAL,C,2955,11.9,0.047,N,45,0
58,41698,5.0,DEBTCONSOLIDATION,D,4333,17.31,0.1039,Y,38,1
66,42899,5.0,VENTURE,A,8093,6.48,0.1887,N,45,0
41,125373,5.0,DEBTCONSOLIDATION,B,12250,9.39,0.0977,N,23,0
39,217684,3.0,HOMEIMPROVEMENT,D,43529,16.35,0.2,N,20,0
58,25275,7.0,HOMEIMPROVEMENT,C,5888,12.73,0.233,N,35,0
26,24521,6.0,MEDICAL,D,13528,17.24,0.5517,N,3,1
31,28956,4.0,VENTURE,B,19266,10.92,0.6654,N,14,0
52,46313,2.0,PERSONAL,B,6221,11.45,0.1343,N,32,0
56,80232,3.0,VENTURE,A,29873,5.84,0.3723,N,34,0
24,67859,7.0,VENTURE,C,6169,11.74,0.0909,N,3,0
46,53885,4.0,MEDICAL,C,4484,14.01,0.0832,Y,25,1
38,65572,6.0,VENTURE,F,27227,24.44,0.4152,N,16,1
46,33501,4.0,HOMEIMPROVEMENT,B,8962,10.85,0.2675,N,28,0
72,42861,6.0,EDUCATION,B,4217,8.6,0.0984,N,45,0
22,48482,5.0,EDUCATION,B,6799,9.47,0.1402,N,1,0
74,20510,5.0,EDUCATION,D,5590,14.56,0.2725,N,45,0
43,25881,5.0,DEBTCONSOLIDATION,C,6256,12.73,0.2417,N,21,0
62,26453,4.0,DEBTCONSOLIDATION,B,10451,8.8,0.3951,Y,43,1
42,74627,4.0,HOMEIMPROVEMENT,B,7239,11.48,0.097,N,23,0
35,56103,7.0,VENTURE,F,39002,22.51,0.6952,N,17,1
61,68602,7.0,HOMEIMPROVEMENT,C,7169,12.64,0.1045,N,39,0
57,17822,5.0,HOMEIMPROVEMENT,A,8286,7.35,0.4649,N,38,0
26,21677,8.0,EDUCATION,A,25975,8.18,1.1983,Y,5,1
58,70598,7.0,EDUCATION,C,22028,11.54,0.312,N,37,0
60,12000,3.0,DEBTCONSOLIDATION,C,15600,13.55,1.3,Y,37,1
40,96138,9.0,HOMEIMPROVEMENT,B,6964,9.69,0.0724,Y,22,1
70,17982,1.0,EDUCATION,A,25287,5.62,1.4062,N,45,0
54,77951,4.0,EDUCATION,C,7027,11.72,0.0901,N,35,0
37,30069,10.0,DEBTCONSOLIDATION,A,4375,7.81,0.1455,Y,19,0
18,87281,9.0,MEDICAL,B,6067,11.09,0.0695,N,1,0
56,286212,8.0,HOMEIMPROVEMENT,E,16122,19.78,0.0563,N,39,0
29,14041,2.0,PERSONAL,B,7667,10.94,0.546,N,9,0
61,71858,0.0,MEDICAL,A,10606,6.42,0.1476,N,41,0
47,18133,9.0,EDUCATION,B,4636,8.57,0.2557,Y,26,0
44,61989,8.0,EDUCATION,A,16399,8.1,0.2645,N,26,0
27,43751,7.0,EDUCATION,D,5494,17.06,0.1256,N,4,0
58,52647,4.0,HOMEIMPROVEMENT,B,4965,9.8,0.0943,Y,40,1
27,29690,5.0,PERSONAL,B,7945,9.12,0.2676,N,8,0
41,75304,5.0,VENTURE,B,3700,9.42,0.0491,N,22,0
65,22101,3.0,MEDICAL,A,4831,6.4,0.2186,Y,42,1
70,97042,2.0,EDUCATION,B,5010,11.14,0.0516,N,45,0
74,39140,5.0,DEBTCONSOLIDATION,B,10834,8.76,0.2768,Y,45,1
72,22663,12.0,HOMEIMPROVEMENT,C,5600,14.43,0.2471,N,45,0
49,117855,4.0,VENTURE,C,11369,14.15,0.0965,N,26,0
29,47238,5.0,EDUCATION,A,8237,7.79,0.1744,Y,11,0
65,139972,7.0,DEBTCONSOLIDATION,D,6625,17.09,0.0473,N,43,0
63,95965,8.0,DEBTCONSOLIDATION,A,21884,6.59,0.228,N,42,0
74,31603,9.0,HOMEIMPROVEMENT,D,2912,16.52,0.0921,N,45,0
55,46782,5.0,MEDICAL,B,14181,9.03,0.3031,Y,36,0
26,52395,5.0,DEBTCONSOLIDATION,B,4165,9.26,0.0795,N,5,0
46,113489,7.0,PERSONAL,B,5209,10.33,0.0459,N,24,0
43,62357,4.0,HOMEIMPROVEMENT,C,6811,12.8,0.1092,N,24,0
66,54011,5.0,EDUCATION,A,7849,8.22,0.1453,N,45,0
40,43917,5.0,MEDICAL,C,8871,12.39,0.202,N,21,0
36,47676,4.0,PERSONAL,B,9908,8.85,0.2078,N,15,0
22,100461,6.0,MEDICAL,C,6433,13.67,0.064,N,1,0
65,49120,2.0,EDUCATION,C,1735,12.05,0.0353,N,44,0
61,39448,1.0,EDUCATION,D,5501,15.3,0.1394,Y,42,1
20,35936,6.0,MEDICAL,D,16406,16.69,0.4565,Y,1,1
42,36149,7.0,DEBTCONSOLIDATION,B,13547,9.1,0.3748,N,19,0
45,22671,4.0,EDUCATION,A,13839,6.81,0.6104,N,26,0
44,32444,4.0,EDUCATION,A,7677,6.37,0.2366,N,27,0
70,111762,5.0,EDUCATION,B,12786,10.37,0.1144,N,45,0
26,43755,3.0,MEDICAL,C,6566,14.19,0.1501,N,4,0
35,72216,4.0,EDUCATION,C,7028,11.85,0.0973,N,13,0
28,12540,5.0,PERSONAL,C,6043,13.83,0.4819,N,6,0
31,67008,1.0,VENTURE,A,17843,8.35,0.2663,N,8,0
69,44857,2.0,PERSONAL,B,1490,9.02,0.0332,Y,45,1
71,37616,2.0,MEDICAL,D,9866,15.49,0.2623,N,45,0
20,54150,3.0,PERSONAL,D,9862,16.63,0.1821,N,1,0
54,37320,5.0,VENTURE,C,10445,13.58,0.2799,N,33,0
31,15242,5.0,PERSONAL,A,8543,8.12,0.5605,N,14,1
28,81408,5.0,VENTURE,B,21487,11.15,0.2639,Y,11,1
34,56030,3.0,PERSONAL,A,9310,8.46,0.1662,Y,14,0
29,41246,2.0,VENTURE,C,7796,12.62,0.189,N,12,0
45,28813,7.0,PERSONAL,B,14272,11.35,0.4953,Y,28,1
74,21841,8.0,EDUCATION,A,2973,5.16,0.1361,N,45,0
51,55444,4.0,VENTURE,A,5436,6.56,0.098,N,33,0
59,119061,3.0,VENTURE,A,18944,6.1,0.1591,N,42,0
46,54816,7.0,EDUCATION,D,10994,14.63,0.2006,N,24,0
18,22913,7.0,MEDICAL,A,3399,7.89,0.1483,N,1,0
22,55482,6.0,EDUCATION,B,50000,9.26,0.9012,N,3,1
33,47603,9.0,PERSONAL,C,8074,13.68,0.1696,Y,12,1
31,78843,4.0,MEDICAL,D,5303,14.83,0.0673,N,12,0
65,68439,3.0,DEBTCONSOLIDATION,E,3326,20.78,0.0486,N,45,1
66,12000,9.0,MEDICAL,B,23388,11.06,1.949,N,45,0
66,66163,4.0,EDUCATION,A,4707,8.17,0.0711,Y,45,0
54,28228,6.0,MEDICAL,C,6913,13.6,0.2449,N,33,0
49,22427,3.0,VENTURE,B,11421,9.08,0.5093,N,26,0
55,44193,8.0,PERSONAL,B,2225,9.98,0.0503,N,34,0
41,61453,2.0,MEDICAL,C,16109,12.57,0.2621,N,24,0
56,19882,6.0,PERSONAL,F,4840,21.62,0.2434,N,34,0
63,72223,4.0,VENTURE,A,19307,6.19,0.2673,N,45,0
61,74595,7.0,DEBTCONSOLIDATION,C,11078,14.25,0.1485,N,40,0
52,50303,7.0,EDUCATION,C,20219,13.79,0.4019,N,31,0
21,30418,0.0,EDUCATION,C,10490,13.09,0.3449,N,1,0
59,28605,3.0,EDUCATION,B,18652,9.5,0.6521,N,37,0
38,86185,4.0,EDUCATION,F,12519,23.11,0.1453,N,16,1
60,21350,7.0,MEDICAL,A,8733,8.47,0.409,N,39,0
48,88032,1.0,HOMEIMPROVEMENT,D,11557,15.08,0.1313,N,30,1
68,44763,5.0,MEDICAL,C,1138,12.16,0.0254,N,45,0
37,46503,4.0,MEDICAL,E,6225,20.36,0.1339,N,19,0
71,19159,5.0,PERSONAL,D,20839,16.06,1.0877,N,45,1
66,45220,1.0,PERSONAL,C,3723,13.38,0.0823,Y,45,0
36,68697,4.0,HOMEIMPROVEMENT,A,6057,6.55,0.0882,N,16,0
45,23505,5.0,HOMEIMPROVEMENT,C,3149,11.59,0.134,N,23,0
48,64488,4.0,PERSONAL,A,2635,5.58,0.0409,N,25,0
61,51480,6.0,DEBTCONSOLIDATION,B,6931,10.41,0.1346,N,42,0
57,34404,4.0,DEBTCONSOLIDATION,B,12111,9.72,0.352,N,35,0
66,78438,2.0,VENTURE,D,7438,14.68,0.0948,N,44,0
39,14599,2.0,MEDICAL,E,3737,20.62,0.256,N,17,0
46,59318,8.0,EDUCATION,D,3936,16.53,0.0664,N,25,0
42,119454,4.0,DEBTCONSOLIDATION,A,4565,8.08,0.0382,N,21,0
69,108225,3.0,EDUCATION,B,7279,10.26,0.0673,N,45,0
35,60742,10.0,EDUCATION,A,4598,7.53,0.0757,N,17,0
51,41526,1.0,MEDICAL,D,19308,16.37,0.465,N,31,1
24,34555,10.0,DEBTCONSOLIDATION,A,5426,5.36,0.157,Y,1,1
66,41497,3.0,DEBTCONSOLIDATION,C,6358,12.13,0.1532,N,44,0
39,66111,7.0,HOMEIMPROVEMENT,B,12958,8.7,0.196,N,22,0
37,31445,4.0,EDUCATION,A,2154,6.95,0.0685,N,14,0
51,74353,2.0,HOMEIMPROVEMENT,C,25839,12.72,0.3475,N,34,0
46,158456,5.0,DEBTCONSOLIDATION,B,15977,9.24,0.1008,N,24,0
66,47380,4.0,HOMEIMPROVEMENT,B,15674,9.93,0.3308,N,45,0
48,23402,4.0,VENTURE,A,5331,6.21,0.2278,N,30,0
47,23397,11.0,MEDICAL,B,4889,11.47,0.209,N,24,0
23,75140,5.0,HOMEIMPROVEMENT,E,5838,20.32,0.0777,N,5,0
19,47436,10.0,MEDICAL,B,6815,11.41,0.1437,N,1,0
40,79400,4.0,EDUCATION,C,21736,14.32,0.2738,N,20,0
74,36552,7.0,MEDICAL,B,2287,10.86,0.0626,N,45,0
70,77407,6.0,HOMEIMPROVEMENT,B,22328,9.31,0.2884,N,45,0
53,44933,8.0,PERSONAL,B,7721,11.03,0.1718,N,35,0
53,32765,3.0,EDUCATION,A,19057,7.23,0.5816,N,32,0
40,39318,3.0,HOMEIMPROVEMENT,C,11752,13.08,0.2989,Y,22,0
28,25377,6.0,MEDICAL,E,14049,20.11,0.5536,N,9,1
18,146407,5.0,EDUCATION,B,17507,10.36,0.1196,Y,1,0
37,46489,4.0,VENTURE,C,8257,13.26,0.1776,N,15,0
36,69876,5.0,VENTURE,A,4621,7.12,0.0661,N,14,0
28,36487,7.0,MEDICAL,B,4767,10.8,0.1306,N,6,0
32,27486,9.0,EDUCATION,C,17632,13.42,0.6415,N,15,0
19,43103,3.0,DEBTCONSOLIDATION,D,26466,16.71,0.614,N,1,1
52,89828,3.0,PERSONAL,C,5400,13.49,0.0601,N,32,0
70,36812,12.0,VENTURE,B,19631,8.92,0.5333,N,45,0
57,30369,2.0,VENTURE,D,17713,16.51,0.5833,N,38,0
43,53396,5.0,PERSONAL,D,3131,17.5,0.0586,N,21,0
41,64502,4.0,PERSONAL,B,17270,9.16,0.2677,N,18,0
35,121002,2.0,EDUCATION,C,5939,13.06,0.0491,N,13,0
26,59549,3.0,PERSONAL,C,26083,12.82,0.438,N,3,1
52,69856,1.0,DEBTCONSOLIDATION,B,10769,9.85,0.1542,N,35,0
50,72809,8.0,HOMEIMPROVEMENT,C,50000,13.75,0.6867,N,33,0
18,25999,2.0,DEBTCONSOLIDATION,C,8979,12.16,0.3454,N,1,0
41,28858,4.0,DEBTCONSOLIDATION,A,5966,8.3,0.2067,N,19,0
33,27007,9.0,EDUCATION,A,13418,6.67,0.4968,N,15,0
27,23560,5.0,HOMEIMPROVEMENT,B,15915,10.78,0.6755,N,9,0
58,75925,9.0,MEDICAL,B,13858,9.12,0.1825,N,35,0
47,57499,6.0,PERSONAL,E,7143,20.49,0.1242,N,30,1
54,51211,8.0,MEDICAL,E,16063,19.02,0.3137,N,36,0
58,12000,5.0,PERSONAL,C,4096,12.76,0.3413,N,40,0
73,151829,5.0,DEBTCONSOLIDATION,A,1904,5.7,0.0125,N,45,0
63,29975,3.0,HOMEIMPROVEMENT,A,12032,8.01,0.4014,N,43,0
53,151523,8.0,HOMEIMPROVEMENT,A,44575,8.1,0.2942,Y,32,0
68,22090,4.0,PERSONAL,B,14394,10.51,0.6516,N,45,0
45,31356,6.0,PERSONAL,C,5444,13.53,0.1736,N,26,0
74,14594,8.0,EDUCATION,E,7467,19.53,0.5116,N,45,1
61,59824,3.0,HOMEIMPROVEMENT,A,9377,6.52,0.1567,N,44,0
55,26750,5.0,MEDICAL,A,4965,7.56,0.1856,N,38,0
69,27169,4.0,VENTURE,A,4684,5.45,0.1724,N,45,0
47,23042,5.0,PERSONAL,B,12189,9.89,0.529,N,27,0
59,75172,5.0,MEDICAL,A,12669,7.86,0.1685,N,41,0
34,72497,3.0,MEDICAL,D,4877,15.93,0.0673,N,15,0
72,132802,1.0,DEBTCONSOLIDATION,C,3572,14.23,0.0269,N,45,0
53,33619,8.0,HOMEIMPROVEMENT,D,8004,16.6,0.2381,N,30,0
62,55290,5.0,PERSONAL,E,6875,18.64,0.1243,N,44,1
44,24121,6.0,MEDICAL,C,14455,13.07,0.5993,N,24,0
67,40771,2.0,HOMEIMPROVEMENT,D,5455,16.11,0.1338,N,45,0
22,36850,1.0,HOMEIMPROVEMENT,C,11553,12.45,0.3135,N,1,0
24,63287,1.0,MEDICAL,A,12247,7.55,0.1935,N,1,0
46,85764,6.0,HOMEIMPROVEMENT,A,15974,7.53,0.1863,N,25,0
59,84549,4.0,MEDICAL,F,8668,23.82,0.1025,N,42,0
64,30836,9.0,PERSONAL,B,5675,10.18,0.184,N,42,0
43,84893,4.0,HOMEIMPROVEMENT,B,7435,10.96,0.0876,N,26,0
55,47846,5.0,DEBTCONSOLIDATION,A,8024,6.32,0.1677,N,32,0
49,41005,5.0,EDUCATION,A,36818,7.52,0.8979,N,27,1
72,33200,7.0,VENTURE,B,6321,10.63,0.1904,N,45,0
55,36027,5.0,EDUCATION,C,34412,12.36,0.9552,Y,34,1
41,127806,6.0,EDUCATION,D,9469,16.51,0.0741,N,19,0
73,58050,7.0,DEBTCONSOLIDATION,B,6922,9.05,0.1192,Y,45,1
24,53962,4.0,DEBTCONSOLIDATION,B,5725,9.48,0.1061,N,7,0
74,42436,7.0,PERSONAL,D,4295,16.24,0.1012,N,45,0
26,188205,2.0,HOMEIMPROVEMENT,C,8029,12.87,0.0427,N,6,0
34,100484,6.0,PERSONAL,B,8702,10.37,0.0866,N,11,0
64,32972,5.0,MEDICAL,E,9195,20.26,0.2789,N,42,0
59,42171,7.0,HOMEIMPROVEMENT,A,42795,7.44,1.0148,N,42,1
73,43571,6.0,EDUCATION,C,23977,12.18,0.5503,N,45,0
60,53115,1.0,EDUCATION,F,9696,22.23,0.1825,N,38,0
54,33333,9.0,DEBTCONSOLIDATION,A,6846,6.94,0.2054,N,35,0
37,62401,6.0,EDUCATION,C,3387,14.3,0.0543,N,14,0
18,108950,11.0,PERSONAL,B,10935,8.6,0.1004,N,1,0
25,23801,3.0,EDUCATION,B,18197,9.85,0.7645,N,2,0
34,26357,2.0,MEDICAL,A,22719,5.39,0.862,N,16,0
20,37581,5.0,HOMEIMPROVEMENT,E,6149,18.11,0.1636,N,2,1
46,38551,3.0,EDUCATION,A,3520,7.42,0.0913,N,29,0
62,147142,6.0,PERSONAL,A,9145,6.92,0.0622,N,41,0
72,85045,2.0,HOMEIMPROVEMENT,A,12732,7.1,0.1497,N,45,0
45,82403,6.0,EDUCATION,A,7213,5.48,0.0875,N,27,0
67,42387,8.0,PERSONAL,C,12653,11.6,0.2985,N,44,0
74,41878,7.0,HOMEIMPROVEMENT,A,8390,6.24,0.2003,N,45,0
67,22060,7.0,DEBTCONSOLIDATION,E,10138,20.03,0.4596,N,45,1
44,75354,4.0,DEBTCONSOLIDATION,D,10726,14.67,0.1423,Y,24,0
36,64220,5.0,VENTURE,C,8640,12.2,0.1345,Y,19,1
73,99438,10.0,EDUCATION,A,3705,5.59,0.0373,N,45,0
31,43653,5.0,HOMEIMPROVEMENT,E,21223,19.52,0.4862,Y,12,1
41,45343,7.0,PERSONAL,A,6000,8.07,0.1323,N,22,0
22,53826,10.0,HOMEIMPROVEMENT,E,1771,19.28,0.0329,N,1,0
63,80060,4.0,DEBTCONSOLIDATION,B,8325,10.65,0.104,N,41,0
55,21837,4.0,DEBTCONSOLIDATION,C,11632,12.63,0.5327,N,32,0
22,73484,3.0,MEDICAL,C,17368,14.46,0.2364,N,4,0
30,48471,4.0,DEBTCONSOLIDATION,B,10321,9.64,0.2129,Y,7,1
49,27384,3.0,PERSONAL,B,9433,8.57,0.3445,Y,27,0
48,15575,3.0,PERSONAL,A,9933,8.0,0.6378,N,30,0
63,45475,6.0,HOMEIMPROVEMENT,B,5450,11.25,0.1198,N,42,0
33,108688,5.0,DEBTCONSOLIDATION,E,7024,19.31,0.0646,N,15,0
70,123139,3.0,PERSONAL,B,16507,8.6,0.1341,Y,45,0
43,59602,6.0,EDUCATION,C,6264,12.41,0.1051,N,26,0
64,144221,4.0,DEBTCONSOLIDATION,A,9872,6.76,0.0685,N,45,0
31,47876,6.0,DEBTCONSOLIDATION,A,6642,5.68,0.1387,N,8,0
20,82811,2.0,EDUCATION,A,5753,6.85,0.0695,N,1,0
21,38247,1.0,DEBTCONSOLIDATION,E,7868,19.32,0.2057,N,3,0
39,36937,11.0,MEDICAL,C,7956,11.61,0.2154,N,17,0
72,33771,6.0,EDUCATION,C,8129,11.84,0.2407,N,45,0
20,15783,4.0,MEDICAL,C,10889,12.72,0.6899,N,1,0
39,99498,2.0,EDUCATION,A,2360,7.82,0.0237,N,17,0
24,34444,3.0,VENTURE,B,6691,10.12,0.1943,N,1,0
71,31546,4.0,EDUCATION,E,13217,19.84,0.419,N,45,1
56,25617,4.0,MEDICAL,C,23799,11.99,0.929,N,33,0
61,43809,4.0,HOMEIMPROVEMENT,C,3869,12.46,0.0883,N,41,0
58,129303,4.0,HOMEIMPROVEMENT,C,4162,14.29,0.0322,N,37,0
55,155061,2.0,PERSONAL,B,10427,10.72,0.0672,N,35,0
62,19663,5.0,HOMEIMPROVEMENT,B,18221,11.18,0.9267,N,44,0
18,40338,4.0,DEBTCONSOLIDATION,A,5249,7.16,0.1301,N,1,0
67,27753,3.0,HOMEIMPROVEMENT,C,2513,12.16,0.0905,N,45,0
60,84422,5.0,EDUCATION,A,10552,7.73,0.125,N,37,0
60,57390,7.0,HOMEIMPROVEMENT,B,4896,10.07,0.0853,Y,38,0
40,34540,6.0,HOMEIMPROVEMENT,A,27006,6.29,0.7819,N,17,0
63,51017,4.0,PERSONAL,D,8216,16.84,0.161,N,45,0
39,37700,2.0,DEBTCONSOLIDATION,A,3936,7.02,0.1044,N,17,0
20,119113,6.0,EDUCATION,B,4778,9.7,0.0401,N,2,0
69,66225,9.0,DEBTCONSOLIDATION,B,9857,9.55,0.1488,N,45,0
31,70855,6.0,MEDICAL,A,7038,5.71,0.0993,N,10,0
23,12000,3.0,PERSONAL,D,9541,15.3,0.7951,Y,3,1
53,47252,9.0,VENTURE,A,50000,6.31,1.0582,N,32,0
31,154163,4.0,MEDICAL,B,4271,11.05,0.0277,N,10,0
66,101658,5.0,HOMEIMPROVEMENT,D,15062,16.8,0.1482,N,45,0
43,17749,4.0,EDUCATION,B,22463,9.39,1.2656,N,22,0
18,41258,6.0,PERSONAL,C,20487,14.48,0.4966,N,1,1
72,25315,4.0,PERSONAL,D,4392,16.96,0.1735,N,45,0
47,125631,2.0,MEDICAL,B,9567,10.9,0.0762,N,24,0
32,56069,4.0,PERSONAL,B,3241,9.41,0.0578,N,11,0
56,32135,4.0,VENTURE,B,15421,9.57,0.4799,N,36,0
48,49950,5.0,MEDICAL,A,6428,7.87,0.1287,Y,29,1
19,12000,5.0,PERSONAL,C,11199,11.94,0.9332,N,1,1
61,26991,6.0,HOMEIMPROVEMENT,B,23200,10.47,0.8595,N,39,0
40,50013,6.0,VENTURE,A,10516,6.62,0.2103,N,19,0
57,78051,7.0,MEDICAL,E,10389,20.61,0.1331,N,39,0
69,16852,3.0,HOMEIMPROVEMENT,B,7626,10.73,0.4525,N,45,0
52,39749,4.0,MEDICAL,A,21478,7.19,0.5403,N,29,1
56,85419,5.0,PERSONAL,B,6065,11.16,0.071,N,39,0
32,22063,7.0,MEDICAL,C,12056,14.12,0.5464,N,10,0
31,55606,8.0,EDUCATION,A,13407,8.31,0.2411,N,13,0
41,50832,6.0,HOMEIMPROVEMENT,A,15231,5.48,0.2996,N,20,0
66,125857,3.0,VENTURE,F,11202,23.01,0.089,Y,45,1
47,43192,5.0,MEDICAL,C,4481,13.63,0.1037,N,28,0
37,44605,10.0,MEDICAL,B,9013,9.92,0.2021,N,15,0
62,78450,6.0,EDUCATION,D,2821,16.74,0.036,Y,44,1
66,23635,3.0,VENTURE,B,7599,9.8,0.3215,N,45,0
69,43413,4.0,HOMEIMPROVEMENT,C,14219,11.88,0.3275,N,45,0
35,38152,5.0,EDUCATION,A,18189,6.84,0.4768,N,18,0
58,45415,12.0,EDUCATION,B,5816,8.68,0.1281,Y,37,1
51,78168,3.0,DEBTCONSOLIDATION,A,38180,7.92,0.4884,N,30,0
43,66488,6.0,HOMEIMPROVEMENT,A,3093,5.18,0.0465,N,21,0
40,32474,5.0,PERSONAL,D,12623,17.29,0.3887,Y,21,1
24,52848,4.0,EDUCATION,B,13526,9.14,0.2559,N,2,0
33,111273,8.0,HOMEIMPROVEMENT,A,13695,7.28,0.1231,N,15,0
49,31031,5.0,HOMEIMPROVEMENT,F,12097,24.36,0.3898,N,32,0
68,53095,2.0,PERSONAL,B,9716,11.21,0.183,N,45,0
67,44080,4.0,MEDICAL,A,30022,6.64,0.6811,N,44,0
28,47351,3.0,PERSONAL,B,4441,8.74,0.0938,N,7,0
56,19993,5.0,MEDICAL,A,7322,7.1,0.3662,N,35,0
22,106502,6.0,PERSONAL,B,9993,10.11,0.0938,N,2,0
56,32019,6.0,EDUCATION,B,8343,8.98,0.2606,N,33,0
37,86192,3.0,PERSONAL,E,4801,18.4,0.0557,Y,18,0
43,34830,3.0,DEBTCONSOLIDATION,C,14121,14.06,0.4054,N,22,0
58,34751,4.0,PERSONAL,C,11005,13.11,0.3167,N,35,0
42,95532,6.0,MEDICAL,E,29975,18.89,0.3138,N,25,0
64,84680,6.0,PERSONAL,A,16352,7.73,0.1931,N,42,0
48,54982,4.0,PERSONAL,B,19788,10.4,0.3599,N,27,0
74,74505,3.0,PERSONAL,C,19262,12.3,0.2585,N,45,0
54,41826,4.0,PERSONAL,B,4565,10.37,0.1091,N,35,0
34,48795,10.0,MEDICAL,A,7375,6.28,0.1511,N,12,0
62,34067,4.0,MEDICAL,A,7526,7.75,0.2209,N,43,0
41,80598,7.0,EDUCATION,A,20535,7.01,0.2548,N,21,0
48,33477,0.0,DEBTCONSOLIDATION,A,10629,5.07,0.3175,N,25,0
25,110950,4.0,MEDICAL,C,9672,12.36,0.0872,N,8,0
24,41204,4.0,HOMEIMPROVEMENT,D,9222,16.66,0.2238,N,5,0
50,49576,5.0,MEDICAL,C,20462,12.48,0.4127,N,30,0
28,74406,2.0,EDUCATION,E,4828,18.27,0.0649,N,5,1
74,49668,9.0,PERSONAL,F,9956,24.2,0.2005,N,45,1
66,41612,3.0,PERSONAL,A,27551,8.43,0.6621,N,45,0
57,48217,4.0,VENTURE,C,13897,11.66,0.2882,Y,34,1
59,80145,5.0,HOMEIMPROVEMENT,C,7496,11.83,0.0935,Y,41,1
51,34044,3.0,PERSONAL,A,11792,5.56,0.3464,N,29,0
21,45732,4.0,DEBTCONSOLIDATION,B,3526,8.83,0.0771,N,1,0
40,49298,6.0,DEBTCONSOLIDATION,D,6095,14.92,0.1236,N,17,0
46,78867,3.0,EDUCATION,B,7822,8.54,0.0992,Y,26,1
70,46401,4.0,EDUCATION,B,4508,9.27,0.0972,N,45,0
30,132530,5.0,DEBTCONSOLIDATION,B,15674,9.4,0.1183,N,11,0
46,44976,9.0,DEBTCONSOLIDATION,A,4279,6.62,0.0951,N,23,0
37,43013,5.0,EDUCATION,A,22364,5.87,0.5199,Y,17,1
25,44619,2.0,HOMEIMPROVEMENT,A,14183,6.03,0.3179,N,7,0
23,23762,5.0,DEBTCONSOLIDATION,B,6169,8.67,0.2596,N,1,0
38,27716,5.0,DEBTCONSOLIDATION,B,6814,11.25,0.2459,N,17,0
22,36612,4.0,VENTURE,E,9682,17.91,0.2644,N,4,0
21,91556,2.0,EDUCATION,E,18261,18.29,0.1995,N,4,0
37,48135,4.0,MEDICAL,B,9292,9.29,0.193,Y,18,1
29,37550,10.0,VENTURE,E,19601,20.47,0.522,N,6,1
49,96239,1.0,EDUCATION,A,9662,6.63,0.1004,Y,30,1
19,115052,2.0,VENTURE,A,15273,6.19,0.1327,N,2,0
35,97778,8.0,MEDICAL,B,26816,9.44,0.2743,N,12,0
43,30662,8.0,MEDICAL,B,11326,10.05,0.3694,N,22,0
72,37332,0.0,HOMEIMPROVEMENT,B,4666,8.81,0.125,Y,45,1
54,132926,9.0,DEBTCONSOLIDATION,A,8526,8.22,0.0641,N,34,0
68,55973,4.0,EDUCATION,C,37797,12.7,0.6753,Y,45,1
37,42311,5.0,HOMEIMPROVEMENT,A,6827,6.24,0.1614,N,19,0
43,72772,4.0,MEDICAL,B,2705,10.43,0.0372,N,20,0
41,85307,2.0,EDUCATION,E,5017,18.33,0.0588,N,21,0
68,35799,2.0,VENTURE,D,8255,16.31,0.2306,N,45,0
72,55309,7.0,VENTURE,B,13663,10.85,0.247,Y,45,1
72,81601,2.0,HOMEIMPROVEMENT,B,21668,10.7,0.2655,N,45,0
60,25895,3.0,EDUCATION,D,5516,15.97,0.213,N,43,0
46,49354,4.0,HOMEIMPROVEMENT,C,24675,12.58,0.5,N,26,1
48,26557,3.0,EDUCATION,A,16090,7.06,0.6059,N,26,0
73,28539,8.0,MEDICAL,B,20433,10.77,0.716,N,45,1
34,35964,4.0,VENTURE,B,19392,9.33,0.5392,N,15,0
37,63730,11.0,MEDICAL,B,7456,8.9,0.117,N,15,0
69,41064,3.0,PERSONAL,A,34334,7.29,0.8361,Y,45,1
40,34316,2.0,EDUCATION,C,24405,12.0,0.7112,N,22,0
31,50430,2.0,EDUCATION,C,10419,12.6,0.2066,N,14,0
49,26086,6.0,DEBTCONSOLIDATION,D,26152,15.11,1.0025,N,26,1
36,62059,6.0,DEBTCONSOLIDATION,C,50000,12.87,0.8057,N,15,1
68,91332,5.0,EDUCATION,A,19661,7.13,0.2153,N,45,0
69,46931,1.0,HOMEIMPROVEMENT,A,2567,6.54,0.0547,N,45,0
35,43850,6.0,MEDICAL,B,3181,8.9,0.0725,N,15,0
48,60197,5.0,EDUCATION,B,12134,8.66,0.2016,N,25,0
74,16064,6.0,HOMEIMPROVEMENT,C,5265,12.28,0.3278,N,45,0
60,65857,6.0,DEBTCONSOLIDATION,A,5970,5.73,0.0907,N,37,0
30,269962,2.0,EDUCATION,B,11740,10.76,0.0435,N,7,0
51,45822,7.0,PERSONAL,A,7661,6.0,0.1672,N,33,0
53,45911,6.0,DEBTCONSOLIDATION,C,18150,12.58,0.3953,N,36,0
55,73790,6.0,VENTURE,A,19826,6.38,0.2687,N,38,0
19,121167,3.0,PERSONAL,B,4847,10.61,0.04,N,1,0
35,83803,7.0,PERSONAL,D,12147,15.97,0.1449,N,15,0
66,14979,6.0,VENTURE,C,7051,12.1,0.4707,N,45,0
31,66827,4.0,VENTURE,B,16524,9.03,0.2473,Y,13,0
35,201705,2.0,EDUCATION,B,8565,9.44,0.0425,N,13,0
36,69033,6.0,VENTURE,A,19148,6.5,0.2774,N,16,0
28,25977,2.0,PERSONAL,D,9440,15.59,0.3634,N,11,0
26,57239,6.0,EDUCATION,B,29884,10.26,0.5221,Y,9,1
37,24236,8.0,EDUCATION,A,11945,7.52,0.4929,Y,18,1
67,96571,4.0,HOMEIMPROVEMENT,B,3399,10.75,0.0352,N,45,0
18,28977,5.0,EDUCATION,A,14714,6.39,0.5078,N,1,0
34,51063,4.0,EDUCATION,D,8024,15.88,0.1571,N,17,0
21,30583,1.0,HOMEIMPROVEMENT,A,2401,8.33,0.0785,Y,4,0
50,36295,1.0,PERSONAL,B,7883,10.36,0.2172,N,27,0
32,111010,4.0,VENTURE,C,14570,13.31,0.1312,N,14,0
63,51891,6.0,PERSONAL,A,17047,7.03,0.3285,N,45,0
51,36041,2.0,PERSONAL,B,15788,8.66,0.4381,Y,34,1
62,26111,1.0,MEDICAL,B,9765,8.8,0.374,Y,44,1
54,17510,5.0,DEBTCONSOLIDATION,C,7639,12.33,0.4363,N,32,1
42,24631,3.0,PERSONAL,D,5251,17.0,0.2132,N,24,1
67,52134,4.0,EDUCATION,A,17828,6.61,0.342,Y,45,0
45,84046,3.0,VENTURE,A,16183,7.36,0.1925,N,26,0
72,36019,2.0,DEBTCONSOLIDATION,C,6548,12.02,0.1818,N,45,0
74,116284,7.0,MEDICAL,E,27794,19.21,0.239,N,45,0
51,33036,5.0,MEDICAL,E,18689,20.36,0.5657,N,31,1
56,43005,3.0,EDUCATION,F,18859,24.86,0.4385,Y,36,1
32,27071,5.0,EDUCATION,D,9754,14.61,0.3603,N,11,0
64,84534,6.0,PERSONAL,A,40435,6.19,0.4783,N,45,1
56,155380,2.0,PERSONAL,D,5618,15.43,0.0362,N,36,0
69,18601,0.0,HOMEIMPROVEMENT,A,2231,6.5,0.1199,N,45,0
33,40522,3.0,MEDICAL,B,18730,10.78,0.4622,N,13,0
62,98285,5.0,HOMEIMPROVEMENT,C,19464,11.66,0.198,N,41,0
44,22118,7.0,VENTURE,C,18005,14.3,0.814,N,26,0
28,66948,11.0,PERSONAL,A,23678,7.99,0.3537,N,5,0
27,95971,2.0,MEDICAL,D,22316,14.72,0.2325,N,6,0
50,51175,6.0,MEDICAL,A,23149,6.18,0.4523,Y,27,1
36,66346,7.0,PERSONAL,E,13097,19.28,0.1974,Y,13,1
23,129119,2.0,DEBTCONSOLIDATION,B,13104,10.22,0.1015,N,5,0
42,143148,10.0,HOMEIMPROVEMENT,B,11031,10.42,0.0771,N,21,0
55,47378,5.0,DEBTCONSOLIDATION,A,21224,6.76,0.448,N,37,0
36,36577,5.0,MEDICAL,E,6145,20.29,0.168,N,19,1
72,29555,10.0,HOMEIMPROVEMENT,C,9070,14.33,0.3069,N,45,0
62,83895,6.0,PERSONAL,C,4766,12.7,0.0568,N,41,0
47,23052,3.0,HOMEIMPROVEMENT,C,15711,13.21,0.6815,N,28,0
71,42662,3.0,DEBTCONSOLIDATION,D,31461,17.1,0.7374,N,45,1
42,51869,5.0,PERSONAL,B,5635,10.87,0.1086,Y,20,1
25,37173,5.0,VENTURE,E,3156,18.41,0.0849,Y,7,1
20,57176,8.0,PERSONAL,A,9531,5.12,0.1667,N,1,0
71,200883,5.0,VENTURE,D,12367,16.38,0.0616,Y,45,0
72,45849,6.0,DEBTCONSOLIDATION,C,8892,12.74,0.1939,Y,45,1
60,38581,8.0,PERSONAL,F,4287,21.08,0.1111,N,39,0
23,85684,5.0,MEDICAL,D,21471,14.54,0.2506,N,1,0
34,55925,4.0,PERSONAL,F,12557,24.63,0.2245,N,14,0
20,108188,6.0,VENTURE,C,35050,11.77,0.324,N,1,0
20,53668,6.0,PERSONAL,C,19606,13.95,0.3653,Y,2,0
32,42760,5.0,DEBTCONSOLIDATION,B,5500,10.72,0.1286,N,12,0
50,18378,6.0,EDUCATION,B,13882,10.19,0.7554,N,29,1
21,20113,4.0,PERSONAL,C,15037,13.9,0.7476,N,1,0
74,17860,6.0,DEBTCONSOLIDATION,A,31100,7.16,1.7413,N,45,0
43,60393,3.0,VENTURE,A,6632,6.84,0.1098,N,21,0
33,23173,5.0,MEDICAL,B,4137,8.68,0.1785,N,16,0
47,97789,3.0,HOMEIMPROVEMENT,D,10149,14.94,0.1038,N,30,0
63,49843,3.0,HOMEIMPROVEMENT,A,8637,7.47,0.1733,Y,40,0
35,42860,5.0,HOMEIMPROVEMENT,A,8478,7.41,0.1978,N,18,0
20,30818,0.0,EDUCATION,D,12525,16.55,0.4064,N,2,1
20,69026,5.0,EDUCATION,B,1388,10.56,0.0201,Y,1,1
66,31493,8.0,MEDICAL,B,4489,10.18,0.1425,N,44,0
24,28510,5.0,MEDICAL,A,10808,7.47,0.3791,N,5,0
54,94239,8.0,EDUCATION,C,9346,12.91,0.0992,N,33,0
39,59577,7.0,PERSONAL,C,40242,12.73,0.6755,Y,18,1
62,43078,3.0,MEDICAL,A,9979,5.13,0.2316,Y,43,0
21,69758,2.0,HOMEIMPROVEMENT,C,3833,13.78,0.0549,N,2,0
69,49262,2.0,EDUCATION,E,6089,18.8,0.1236,N,45,0
57,60515,4.0,EDUCATION,B,19828,11.19,0.3277,N,34,0
43,31279,5.0,EDUCATION,A,8291,6.17,0.2651,N,20,0
29,153080,3.0,VENTURE,D,2384,16.02,0.0156,N,9,0
73,35639,4.0,DEBTCONSOLIDATION,A,15782,7.87,0.4428,N,45,0
35,115359,9.0,PERSONAL,A,22082,8.25,0.1914,Y,15,0
45,44184,4.0,HOMEIMPROVEMENT,C,9184,14.0,0.2079,N,24,0
40,76412,5.0,VENTURE,D,6743,16.89,0.0882,N,17,0
31,73410,4.0,DEBTCONSOLIDATION,B,17959,9.22,0.2446,N,12,0
41,92112,5.0,PERSONAL,C,2453,11.68,0.0266,N,24,0
26,30873,4.0,DEBTCONSOLIDATION,C,16816,12.5,0.5447,N,5,0
18,88574,2.0,HOMEIMPROVEMENT,C,10184,12.12,0.115,N,1,0
34,135339,7.0,DEBTCONSOLIDATION,A,18376,7.9,0.1358,N,14,0
24,42519,5.0,HOMEIMPROVEMENT,A,4483,8.4,0.1054,N,6,0
41,49965,7.0,EDUCATION,C,9503,11.72,0.1902,N,23,0
67,36757,4.0,EDUCATION,E,19562,19.98,0.5322,N,45,1
27,40516,4.0,PERSONAL,E,14537,20.01,0.3588,N,6,0
18,125653,5.0,PERSONAL,D,1727,14.7,0.0137,N,1,0
24,28216,3.0,DEBTCONSOLIDATION,E,17990,20.1,0.6376,N,1,1
46,29197,6.0,HOMEIMPROVEMENT,A,20876,8.44,0.715,N,24,0
33,118894,4.0,PERSONAL,A,13304,5.85,0.1119,N,16,0
45,69113,8.0,MEDICAL,A,10403,6.54,0.1505,Y,26,1
19,157346,3.0,EDUCATION,C,20014,12.39,0.1272,N,2,0
36,38263,7.0,EDUCATION,B,10799,10.71,0.2822,N,19,0
41,52546,6.0,DEBTCONSOLIDATION,E,2852,19.91,0.0543,Y,24,1
42,34085,4.0,DEBTCONSOLIDATION,A,5919,6.67,0.1737,N,22,0
49,53040,7.0,MEDICAL,A,29251,6.33,0.5515,N,28,0
62,18476,7.0,HOMEIMPROVEMENT,A,8392,7.84,0.4542,N,43,0
44,71447,4.0,PERSONAL,A,11648,5.36,0.163,N,26,0
65,58566,5.0,HOMEIMPROVEMENT,B,3075,11.21,0.0525,N,44,0
48,47493,2.0,PERSONAL,B,14460,9.74,0.3045,Y,28,0
32,39549,7.0,EDUCATION,A,15102,7.0,0.3819,Y,12,1
31,29967,2.0,MEDICAL,C,49037,13.29,1.6364,N,14,0
36,73148,8.0,PERSONAL,A,17410,7.81,0.238,N,17,0
52,25742,5.0,PERSONAL,A,19481,5.45,0.7568,N,33,1
31,64961,4.0,EDUCATION,B,2770,9.08,0.0426,N,8,0
70,153422,5.0,MEDICAL,E,6696,19.33,0.0436,N,45,0
45,110972,6.0,PERSONAL,E,43567,19.81,0.3926,N,24,0
67,21422,6.0,EDUCATION,A,18649,5.58,0.8706,N,44,0
56,36490,6.0,PERSONAL,A,13886,5.94,0.3805,N,35,0
37,61808,7.0,PERSONAL,C,35635,12.52,0.5765,N,14,0
31,47162,3.0,EDUCATION,E,5504,20.3,0.1167,N,13,0
60,22704,3.0,EDUCATION,B,12977,9.65,0.5716,Y,38,1
36,60592,4.0,VENTURE,C,13981,14.3,0.2307,N,16,0
32,48751,3.0,EDUCATION,C,9049,12.48,0.1856,N,12,0
71,140488,4.0,PERSONAL,C,3670,11.92,0.0261,N,45,0
45,42647,6.0,EDUCATION,E,28273,17.85,0.663,N,28,1
20,93190,2.0,PERSONAL,C,10605,13.61,0.1138,N,1,0
46,24418,4.0,PERSONAL,A,13554,7.42,0.5551,Y,28,1
44,27850,1.0,HOMEIMPROVEMENT,E,6137,20.03,0.2204,N,27,0
67,72905,3.0,PERSONAL,B,5980,9.67,0.082,N,45,0
58,88969,3.0,VENTURE,A,7855,6.29,0.0883,N,35,0
28,28953,7.0,EDUCATION,C,8446,11.52,0.2917,N,7,0
26,49674,9.0,EDUCATION,D,21706,15.62,0.437,N,9,1
52,22928,6.0,PERSONAL,C,12975,11.72,0.5659,N,31,0
20,44370,2.0,EDUCATION,A,4956,7.06,0.1117,N,1,0
36,77676,4.0,MEDICAL,B,3460,8.73,0.0445,Y,13,1
25,38590,4.0,MEDICAL,D,19105,17.15,0.4951,N,8,1
19,42746,11.0,EDUCATION,B,20579,10.07,0.4814,N,1,1
70,26333,5.0,PERSONAL,A,7995,7.89,0.3036,N,45,0
23,34317,1.0,EDUCATION,E,6378,19.53,0.1859,N,6,1
18,128921,5.0,PERSONAL,A,10282,7.15,0.0798,N,1,0
71,51026,10.0,MEDICAL,A,10317,7.66,0.2022,N,45,0
28,28246,5.0,HOMEIMPROVEMENT,C,12049,11.82,0.4266,N,5,0
64,41228,3.0,VENTURE,B,20931,8.92,0.5077,N,43,1
19,20361,5.0,PERSONAL,E,19781,20.68,0.9715,N,1,1
26,28063,9.0,EDUCATION,D,18173,14.95,0.6476,Y,6,1
24,103589,12.0,MEDICAL,B,4862,11.29,0.0469,N,4,0
58,45325,7.0,DEBTCONSOLIDATION,B,14317,8.83,0.3159,N,36,0
53,138676,7.0,PERSONAL,D,12522,16.4,0.0903,N,32,0
45,46516,5.0,PERSONAL,C,4042,13.93,0.0869,N,27,0
31,48060,5.0,MEDICAL,C,7620,13.7,0.1586,N,13,0
23,69737,2.0,MEDICAL,C,14016,13.85,0.201,N,4,0
50,12000,5.0,DEBTCONSOLIDATION,E,3674,18.77,0.3062,N,27,0
31,54869,7.0,MEDICAL,A,6532,8.23,0.119,N,13,0
51,47717,5.0,PERSONAL,A,10569,6.87,0.2215,N,28,0
57,111003,4.0,VENTURE,B,7371,9.1,0.0664,N,34,0
66,83330,4.0,PERSONAL,B,21098,11.22,0.2532,N,45,0
46,26277,5.0,HOMEIMPROVEMENT,A,16608,7.92,0.632,N,27,1
18,97068,2.0,MEDICAL,C,3965,13.36,0.0408,N,1,0
33,42434,7.0,HOMEIMPROVEMENT,B,5414,9.75,0.1276,N,15,0
66,29808,4.0,PERSONAL,A,22010,7.91,0.7384,Y,43,1
48,54633,3.0,MEDICAL,D,14753,16.84,0.27,N,26,0
53,43847,4.0,VENTURE,B,1314,10.07,0.03,Y,32,1
44,114251,6.0,PERSONAL,B,26850,9.23,0.235,N,21,0
27,59121,4.0,MEDICAL,D,10001,16.67,0.1692,N,10,0
69,54891,4.0,VENTURE,B,9642,10.99,0.1757,N,45,0
62,80447,6.0,VENTURE,B,5326,9.05,0.0662,N,45,0
74,89418,6.0,PERSONAL,C,23958,11.92,0.2679,N,45,0
66,75431,8.0,PERSONAL,E,14244,20.17,0.1888,N,45,0
34,107012,7.0,PERSONAL,C,9002,14.08,0.0841,N,14,0
32,68512,4.0,EDUCATION,E,1452,18.57,0.0212,N,12,0
32,53755,6.0,MEDICAL,F,7034,23.37,0.1309,N,15,0
70,96910,3.0,PERSONAL,D,4618,14.85,0.0477,N,45,0
49,46630,8.0,EDUCATION,C,7525,13.84,0.1614,Y,26,1
43,49925,6.0,EDUCATION,B,5324,10.93,0.1066,N,21,0
73,126357,5.0,HOMEIMPROVEMENT,B,17327,9.0,0.1371,N,45,0
52,119617,6.0,EDUCATION,C,29260,13.75,0.2446,N,33,0
69,48800,3.0,HOMEIMPROVEMENT,B,9400,9.66,0.1926,Y,45,1
74,38198,9.0,HOMEIMPROVEMENT,B,4402,10.06,0.1152,N,45,0
22,109616,4.0,VENTURE,D,7708,17.23,0.0703,N,1,0
38,76132,6.0,PERSONAL,D,7267,17.08,0.0955,N,16,0
59,58312,5.0,HOMEIMPROVEMENT,A,29803,6.5,0.5111,Y,36,1
64,41067,5.0,HOMEIMPROVEMENT,C,10194,14.01,0.2482,N,45,0
26,58831,2.0,EDUCATION,F,27321,22.05,0.4644,N,9,1
36,48438,3.0,DEBTCONSOLIDATION,E,3672,18.0,0.0758,Y,16,1
49,34016,3.0,VENTURE,A,9918,6.34,0.2916,Y,31,0
63,52626,3.0,VENTURE,D,4778,15.98,0.0908,N,42,0
24,56725,3.0,MEDICAL,D,9063,16.16,0.1598,N,1,0
52,39876,6.0,EDUCATION,A,14068,5.63,0.3528,N,34,0
34,80587,3.0,EDUCATION,E,3448,19.16,0.0428,N,15,0
30,99594,5.0,HOMEIMPROVEMENT,B,6752,9.06,0.0678,N,12,0
47,83570,6.0,HOMEIMPROVEMENT,C,8657,12.6,0.1036,N,24,0
41,42110,9.0,EDUCATION,A,11268,7.06,0.2676,N,21,0
54,74287,3.0,VENTURE,A,3343,6.26,0.045,N,37,0
36,51168,3.0,HOMEIMPROVEMENT,B,13182,8.52,0.2576,N,13,0
64,24843,4.0,PERSONAL,A,13510,7.37,0.5438,N,45,0
22,70969,5.0,VENTURE,C,19854,13.01,0.2798,N,1,0
67,53123,7.0,EDUCATION,A,3245,5.47,0.0611,N,45,0
19,204117,4.0,EDUCATION,B,7907,8.75,0.0387,N,1,0
59,109261,5.0,EDUCATION,C,9765,12.66,0.0894,N,37,0
37,72484,1.0,EDUCATION,B,11287,11.32,0.1557,N,20,0
39,56220,6.0,MEDICAL,A,10381,6.28,0.1846,N,21,0
19,53639,5.0,EDUCATION,A,6695,8.42,0.1248,N,1,0
58,28225,7.0,VENTURE,B,10601,10.67,0.3756,N,40,0
27,18836,6.0,DEBTCONSOLIDATION,B,50000,11.42,2.6545,N,8,1
55,30336,4.0,HOMEIMPROVEMENT,E,14718,20.5,0.4852,N,35,1
59,47751,6.0,MEDICAL,C,3349,13.94,0.0701,N,39,0
66,15397,8.0,VENTURE,A,28671,5.62,1.8621,N,45,0
58,36338,3.0,DEBTCONSOLIDATION,E,31549,18.6,0.8682,N,41,1
35,42779,6.0,MEDICAL,E,17663,19.88,0.4129,N,16,1
60,43543,5.0,PERSONAL,D,24492,15.49,0.5625,N,41,1
65,34065,5.0,EDUCATION,C,50000,13.25,1.4678,N,42,0
36,40626,3.0,EDUCATION,D,12088,14.79,0.2975,N,18,0
25,126518,4.0,DEBTCONSOLIDATION,B,20770,9.97,0.1642,N,6,0
68,70557,2.0,HOMEIMPROVEMENT,B,28722,10.73,0.4071,N,45,0
26,36020,2.0,MEDICAL,B,5778,10.81,0.1604,Y,7,1
51,47212,2.0,EDUCATION,D,28430,15.66,0.6022,N,32,1
31,48263,1.0,DEBTCONSOLIDATION,B,11392,10.68,0.236,N,14,0
25,32132,3.0,HOMEIMPROVEMENT,B,19484,10.18,0.6064,N,7,0
62,32111,10.0,PERSONAL,A,18850,6.2,0.587,N,42,1
26,85458,2.0,MEDICAL,D,6176,14.69,0.0723,N,5,0
56,38914,5.0,EDUCATION,C,25714,11.66,0.6608,N,39,0
57,26847,6.0,DEBTCONSOLIDATION,B,7307,8.96,0.2722,N,38,0
21,47871,6.0,MEDICAL,B,12021,10.89,0.2511,N,4,0
27,52308,7.0,PERSONAL,C,17728,11.83,0.3389,N,5,0
63,16564,6.0,EDUCATION,A,14778,6.65,0.8922,N,40,0
46,47934,7.0,MEDICAL,A,6657,5.34,0.1389,N,29,0
24,79014,3.0,MEDICAL,B,4035,10.61,0.0511,N,6,0
74,62829,1.0,EDUCATION,A,5553,5.27,0.0884,N,45,0
33,167106,8.0,VENTURE,A,16419,7.18,0.0983,N,12,0
18,97549,5.0,EDUCATION,A,14409,7.34,0.1477,N,1,0
70,108761,3.0,DEBTCONSOLIDATION,D,8620,15.03,0.0793,N,45,0
18,228672,6.0,HOMEIMPROVEMENT,A,8419,5.77,0.0368,Y,1,0
49,74383,7.0,MEDICAL,D,7967,17.4,0.1071,N,27,0
74,53620,4.0,EDUCATION,C,4612,11.85,0.086,N,45,0
50,83747,4.0,PERSONAL,A,18794,7.83,0.2244,N,30,0
51,36041,4.0,PERSONAL,B,4563,10.62,0.1266,N,34,0
40,52011,6.0,HOMEIMPROVEMENT,C,10794,12.14,0.2075,N,22,0
25,34329,1.0,DEBTCONSOLIDATION,A,24126,8.06,0.7028,N,5,0
50,61016,0.0,MEDICAL,A,9649,5.25,0.1581,N,32,0
69,34250,4.0,DEBTCONSOLIDATION,A,29979,6.94,0.8753,Y,45,1
23,33596,4.0,DEBTCONSOLIDATION,C,4686,11.97,0.1395,Y,5,1
68,61538,5.0,MEDICAL,A,3906,6.94,0.0635,N,45,0
41,45445,4.0,EDUCATION,C,1975,13.22,0.0435,N,20,0
48,16981,4.0,HOMEIMPROVEMENT,B,16793,8.5,0.9889,N,28,0
27,22014,3.0,PERSONAL,C,2489,13.88,0.1131,N,5,0
53,26082,4.0,DEBTCONSOLIDATION,A,30117,5.64,1.1547,N,33,0
28,30162,1.0,PERSONAL,B,33308,8.82,1.1043,N,11,1
33,61570,6.0,EDUCATION,D,11928,16.82,0.1937,Y,10,1
59,55293,4.0,PERSONAL,D,5617,15.0,0.1016,N,40,0
20,88071,8.0,EDUCATION,B,2698,11.42,0.0306,Y,1,0
43,74164,5.0,MEDICAL,A,13084,8.16,0.1764,N,24,0
51,88392,6.0,EDUCATION,D,9782,14.76,0.1107,N,29,0
25,68501,4.0,VENTURE,B,11651,10.15,0.1701,N,2,0
34,55012,10.0,EDUCATION,B,14401,10.3,0.2618,N,14,0
37,89737,7.0,MEDICAL,E,4600,17.79,0.0513,N,17,0
55,81281,3.0,VENTURE,B,8496,11.28,0.1045,Y,37,1
73,60285,3.0,DEBTCONSOLIDATION,E,11000,18.59,0.1825,N,45,0
65,98625,5.0,DEBTCONSOLIDATION,B,48799,8.71,0.4948,Y,45,1
28,13491,6.0,EDUCATION,B,17138,11.38,1.2703,N,5,0
19,41783,4.0,MEDICAL,B,10989,9.12,0.263,Y,1,1
20,41432,2.0,PERSONAL,B,4870,9.6,0.1175,N,1,0
51,92408,3.0,EDUCATION,B,24233,10.02,0.2622,N,31,0
26,116339,6.0,EDUCATION,C,32354,12.3,0.2781,N,8,0
31,22079,1.0,DEBTCONSOLIDATION,B,3448,11.08,0.1562,N,12,0
66,106525,6.0,HOMEIMPROVEMENT,A,2716,6.84,0.0255,N,45,0
67,25737,4.0,DEBTCONSOLIDATION,D,10330,16.26,0.4014,Y,45,1
65,26169,6.0,EDUCATION,F,8654,23.77,0.3307,N,45,0
32,43094,4.0,HOMEIMPROVEMENT,B,26713,11.34,0.6199,Y,13,1
53,41150,5.0,HOMEIMPROVEMENT,A,4489,7.64,0.1091,N,32,0
52,20803,7.0,PERSONAL,A,5109,5.66,0.2456,Y,33,0
28,70082,7.0,EDUCATION,C,3395,13.77,0.0484,Y,8,0
49,71230,6.0,VENTURE,D,4909,16.18,0.0689,N,30,0
47,87528,9.0,EDUCATION,C,11092,14.19,0.1267,N,25,0
40,38622,1.0,EDUCATION,E,3410,20.83,0.0883,N,20,1
60,47965,3.0,DEBTCONSOLIDATION,B,50000,11.32,1.0424,N,39,1
56,48207,9.0,MEDICAL,E,1696,19.73,0.0352,N,35,0
48,124044,8.0,EDUCATION,C,6751,13.68,0.0544,N,30,0
59,12000,4.0,EDUCATION,C,11632,12.71,0.9693,N,36,1
61,28960,5.0,VENTURE,C,24262,13.99,0.8378,N,42,1
50,49170,6.0,VENTURE,A,4856,5.09,0.0988,N,30,0
33,26982,5.0,HOMEIMPROVEMENT,D,2718,15.96,0.1007,N,12,0
61,42528,9.0,VENTURE,A,4818,8.05,0.1133,N,38,0
58,45736,5.0,DEBTCONSOLIDATION,A,35712,8.31,0.7808,N,40,0
74,34141,6.0,MEDICAL,E,2368,20.49,0.0694,Y,45,1
26,50790,9.0,MEDICAL,A,20554,5.06,0.4047,N,9,0
41,69250,5.0,HOMEIMPROVEMENT,F,12083,23.71,0.1745,N,24,0
70,43047,2.0,PERSONAL,D,13092,16.3,0.3041,N,45,0
47,38205,5.0,VENTURE,C,22912,11.52,0.5997,N,30,1
71,44749,7.0,EDUCATION,D,5868,15.38,0.1311,N,45,1
18,48820,7.0,PERSONAL,D,19619,14.68,0.4019,N,1,0
20,18822,4.0,EDUCATION,C,11052,13.1,0.5872,N,1,1
63,63187,3.0,VENTURE,C,3941,13.49,0.0624,N,45,0
38,38251,5.0,DEBTCONSOLIDATION,C,9270,13.63,0.2423,N,20,0
47,98109,7.0,MEDICAL,A,9600,5.36,0.0979,N,29,0
42,67851,5.0,EDUCATION,C,1779,13.03,0.0262,N,22,0
41,93296,8.0,DEBTCONSOLIDATION,A,4980,6.37,0.0534,N,23,0
71,28111,14.0,PERSONAL,D,13915,16.05,0.495,N,45,1
23,39964,4.0,PERSONAL,C,10962,14.02,0.2743,N,3,0
62,24751,3.0,EDUCATION,A,20652,8.31,0.8344,N,40,0
68,33261,6.0,PERSONAL,E,24355,17.69,0.7322,N,45,1
55,97602,3.0,EDUCATION,E,5297,18.45,0.0543,Y,35,1
40,111092,6.0,EDUCATION,C,5904,14.27,0.0531,N,23,0
27,26069,3.0,PERSONAL,A,3286,7.21,0.1261,N,7,0
56,38099,2.0,PERSONAL,D,14142,16.64,0.3712,N,35,0
44,47008,7.0,EDUCATION,E,6748,18.96,0.1436,Y,25,1
26,67648,1.0,MEDICAL,A,22397,5.43,0.3311,N,9,0
38,18622,7.0,PERSONAL,B,20454,9.65,1.0984,N,17,0
72,20299,4.0,VENTURE,E,13963,17.69,0.6879,Y,45,1
33,64170,3.0,VENTURE,D,7270,14.91,0.1133,N,16,0
28,16781,1.0,VENTURE,E,21263,19.46,1.2671,N,10,1
56,38340,1.0,MEDICAL,C,9880,12.97,0.2577,N,35,0
29,53591,2.0,MEDICAL,A,11707,6.26,0.2185,N,11,0
70,61612,5.0,VENTURE,C,2554,13.33,0.0415,Y,45,1
66,45344,1.0,EDUCATION,B,12903,10.33,0.2846,N,45,0
74,40088,8.0,PERSONAL,C,10200,13.61,0.2544,Y,45,1
70,78003,8.0,MEDICAL,B,9128,9.62,0.117,N,45,0
31,57346,5.0,HOMEIMPROVEMENT,D,6562,16.61,0.1144,N,8,0
30,34342,4.0,MEDICAL,C,3356,13.91,0.0977,N,9,0
37,50048,4.0,EDUCATION,B,9489,11.34,0.1896,N,16,0
44,60520,1.0,PERSONAL,A,2169,5.37,0.0358,N,26,0
68,126125,5.0,PERSONAL,C,8402,13.69,0.0666,N,45,0
59,75544,5.0,DEBTCONSOLIDATION,D,6650,14.86,0.088,N,40,0
54,95607,5.0,EDUCATION,E,24752,18.93,0.2589,N,36,0
68,35037,3.0,DEBTCONSOLIDATION,E,36627,19.1,1.0454,N,45,1
54,36742,4.0,DEBTCONSOLIDATION,A,3404,5.23,0.0926,N,32,0
39,43068,4.0,MEDICAL,C,17106,12.8,0.3972,N,16,0
41,45298,1.0,MEDICAL,C,6193,12.31,0.1367,N,19,0
47,28157,4.0,EDUCATION,A,7078,6.12,0.2514,N,25,0
23,98347,5.0,VENTURE,B,6991,10.16,0.0711,N,1,0
60,79685,5.0,PERSONAL,C,24514,13.53,0.3076,N,37,0
55,41434,2.0,EDUCATION,E,9106,20.57,0.2198,N,35,1
59,69768,7.0,EDUCATION,A,13265,7.55,0.1901,N,38,0
48,55414,6.0,EDUCATION,C,3064,13.83,0.0553,N,29,0
62,72831,11.0,PERSONAL,B,4426,10.78,0.0608,N,41,0
72,23403,6.0,MEDICAL,B,6695,8.78,0.2861,N,45,0
50,45246,4.0,PERSONAL,B,9881,9.59,0.2184,N,32,0
43,47480,3.0,HOMEIMPROVEMENT,D,15801,16.18,0.3328,N,23,0
23,69078,8.0,MEDICAL,A,6552,6.41,0.0948,N,6,0
62,34695,5.0,HOMEIMPROVEMENT,C,26336,13.98,0.7591,N,39,0
69,12394,7.0,PERSONAL,A,8146,6.83,0.6573,N,45,0
57,27039,3.0,MEDICAL,B,6087,8.68,0.2251,N,40,0
67,47402,6.0,PERSONAL,C,18050,12.01,0.3808,Y,45,1
67,50773,8.0,MEDICAL,B,16211,10.89,0.3193,N,45,0
63,123755,7.0,MEDICAL,A,2806,8.04,0.0227,Y,42,0
46,67542,3.0,VENTURE,D,29960,17.49,0.4436,N,24,1
23,51269,9.0,PERSONAL,B,6740,10.81,0.1315,N,1,0
18,48155,6.0,DEBTCONSOLIDATION,B,8471,10.82,0.1759,N,1,0
29,89976,4.0,MEDICAL,C,5325,12.53,0.0592,N,10,0
42,35434,4.0,VENTURE,C,7291,13.57,0.2058,N,22,0
60,45380,6.0,EDUCATION,E,2961,19.1,0.0652,N,42,0
43,26927,6.0,HOMEIMPROVEMENT,A,12099,7.73,0.4493,N,26,0
19,106980,6.0,DEBTCONSOLIDATION,C,6304,11.58,0.0589,N,1,0
29,60832,4.0,DEBTCONSOLIDATION,A,7896,7.16,0.1298,N,11,0
73,33218,2.0,HOMEIMPROVEMENT,A,19561,6.03,0.5889,N,45,0
74,46030,2.0,EDUCATION,D,13474,16.33,0.2927,N,45,0
39,64880,6.0,PERSONAL,E,9761,20.61,0.1504,N,19,1
63,42706,5.0,EDUCATION,B,38799,10.39,0.9085,N,45,1
59,36535,4.0,HOMEIMPROVEMENT,B,4311,10.07,0.118,N,40,0
71,34205,5.0,EDUCATION,C,10248,12.45,0.2996,Y,45,1
68,59067,5.0,EDUCATION,C,23802,14.29,0.403,N,45,0
53,40258,7.0,EDUCATION,D,28439,14.81,0.7064,N,35,0
40,38193,5.0,EDUCATION,B,3471,9.07,0.0909,N,21,0
53,23509,8.0,MEDICAL,C,5850,14.23,0.2488,N,35,0
36,51159,10.0,VENTURE,A,21699,7.61,0.4241,N,16,1
37,44370,2.0,EDUCATION,D,7058,14.51,0.1591,N,18,0
52,41072,4.0,EDUCATION,C,10190,12.77,0.2481,N,33,0
50,54683,5.0,HOMEIMPROVEMENT,C,6970,13.84,0.1275,N,31,0
51,73968,4.0,PERSONAL,A,9708,8.38,0.1312,N,29,0
39,72103,9.0,VENTURE,A,869,7.78,0.0121,N,20,0
41,66436,8.0,MEDICAL,A,7496,6.37,0.1128,N,22,0
18,42943,6.0,MEDICAL,A,9406,7.9,0.219,Y,1,0
52,35887,2.0,DEBTCONSOLIDATION,B,7173,11.03,0.1999,N,29,0
50,27607,2.0,PERSONAL,B,10670,9.18,0.3865,N,33,0
71,35375,5.0,HOMEIMPROVEMENT,A,3898,8.25,0.1102,Y,45,0
46,49553,7.0,EDUCATION,B,11955,9.59,0.2413,N,25,0
44,31810,5.0,HOMEIMPROVEMENT,B,31382,9.25,0.9865,N,26,0
21,51680,6.0,MEDICAL,A,24445,8.28,0.473,N,2,1
29,28825,5.0,PERSONAL,A,16196,7.44,0.5619,N,7,0
37,19662,8.0,MEDICAL,C,11887,14.05,0.6046,N,19,1
39,76931,5.0,DEBTCONSOLIDATION,F,6009,22.78,0.0781,N,20,0
38,37762,6.0,PERSONAL,A,6995,7.05,0.1852,N,21,0
40,30934,3.0,DEBTCONSOLIDATION,B,18120,11.42,0.5858,N,20,1
61,26859,7.0,VENTURE,A,8941,7.37,0.3329,N,43,0
25,61862,3.0,HOMEIMPROVEMENT,A,43444,8.06,0.7023,N,7,1
36,104422,2.0,HOMEIMPROVEMENT,A,2912,8.22,0.0279,N,18,0
27,39273,7.0,PERSONAL,B,8548,10.29,0.2177,Y,5,1
35,43540,4.0,EDUCATION,B,6680,11.45,0.1534,Y,16,0
57,88379,4.0,MEDICAL,B,17028,10.92,0.1927,N,37,0
20,18110,7.0,HOMEIMPROVEMENT,B,19778,9.4,1.0921,N,1,0
37,144607,4.0,EDUCATION,B,4018,10.15,0.0278,N,18,0
19,188010,7.0,DEBTCONSOLIDATION,B,3869,10.0,0.0206,N,1,0
72,12000,3.0,PERSONAL,A,5758,6.31,0.4798,N,45,1
59,46461,12.0,MEDICAL,A,14536,6.85,0.3129,Y,40,0
31,33010,6.0,VENTURE,A,13436,7.79,0.407,Y,13,1
29,42377,3.0,MEDICAL,C,3159,13.3,0.0745,N,10,0
23,38944,5.0,PERSONAL,B,12156,11.23,0.3121,N,4,0
44,76608,9.0,MEDICAL,A,11057,7.09,0.1443,N,25,0
60,46077,5.0,PERSONAL,A,9498,6.39,0.2061,N,41,0
51,29702,0.0,MEDICAL,C,14943,13.76,0.5031,N,34,0
68,44591,4.0,EDUCATION,E,11603,18.24,0.2602,N,45,0
37,65064,1.0,HOMEIMPROVEMENT,A,10473,6.92,0.161,N,15,0
33,25564,5.0,PERSONAL,C,22391,13.97,0.8759,N,11,0
45,19822,4.0,MEDICAL,A,28852,8.12,1.4556,N,28,0
29,146679,5.0,HOMEIMPROVEMENT,A,7427,5.63,0.0506,N,7,0
73,34429,6.0,VENTURE,A,9465,8.09,0.2749,Y,45,0
28,45453,3.0,PERSONAL,B,15841,10.37,0.3485,N,11,0
45,39387,6.0,HOMEIMPROVEMENT,A,8673,5.7,0.2202,N,27,0
47,66267,6.0,EDUCATION,B,16111,8.54,0.2431,N,26,0
21,129966,3.0,MEDICAL,E,10835,18.79,0.0834,N,1,1
44,67437,3.0,MEDICAL,A,17041,6.5,0.2527,N,26,0
43,21266,5.0,PERSONAL,C,15831,12.26,0.7444,N,23,0
32,22896,3.0,VENTURE,A,9331,5.02,0.4075,N,9,0
25,39362,6.0,VENTURE,C,18540,12.88,0.471,N,7,1
20,42297,3.0,VENTURE,D,16292,17.29,0.3852,Y,1,1
18,19013,6.0,VENTURE,A,50000,8.3,2.6298,N,1,0
45,76928,6.0,EDUCATION,B,2736,9.97,0.0356,N,22,0
23,26971,8.0,EDUCATION,B,15776,11.21,0.5849,N,1,0
72,111448,4.0,EDUCATION,D,20539,14.77,0.1843,N,45,0
31,133432,6.0,EDUCATION,A,47059,7.97,0.3527,N,12,0
55,42764,4.0,EDUCATION,B,6902,10.17,0.1614,N,36,0
56,62407,0.0,EDUCATION,A,10697,5.24,0.1714,Y,35,1
46,24895,2.0,DEBTCONSOLIDATION,C,7169,11.69,0.288,N,23,0
68,69080,2.0,PERSONAL,B,34345,8.58,0.4972,N,45,1
24,37271,6.0,HOMEIMPROVEMENT,B,5774,9.48,0.1549,N,4,0
31,26957,4.0,EDUCATION,A,7024,6.9,0.2606,Y,10,0
32,41808,7.0,VENTURE,B,3574,10.84,0.0855,N,15,0
25,37942,9.0,EDUCATION,D,1398,16.3,0.0368,N,4,0
34,40993,5.0,DEBTCONSOLIDATION,C,9944,12.99,0.2426,Y,15,0
35,82646,3.0,PERSONAL,D,9213,15.22,0.1115,Y,13,1
61,31827,7.0,EDUCATION,C,8420,13.32,0.2646,Y,38,1
35,127295,7.0,DEBTCONSOLIDATION,C,15172,14.43,0.1192,N,13,0
67,23652,7.0,EDUCATION,E,16953,20.79,0.7168,N,45,1
62,119191,9.0,EDUCATION,B,6119,9.68,0.0513,N,40,0
69,28026,5.0,EDUCATION,C,10340,12.96,0.3689,N,45,0
23,48993,3.0,PERSONAL,A,9121,6.46,0.1862,Y,4,1
74,37436,6.0,EDUCATION,A,9920,6.98,0.265,N,45,0
52,40576,7.0,EDUCATION,B,28170,9.73,0.6943,N,31,0
73,76171,3.0,EDUCATION,B,13210,9.17,0.1734,N,45,0
38,111848,4.0,PERSONAL,A,20441,5.71,0.1828,N,21,0
72,94352,3.0,MEDICAL,B,8568,10.99,0.0908,N,45,0
51,39235,9.0,VENTURE,C,4464,13.0,0.1138,N,29,0
22,54249,9.0,VENTURE,C,20959,11.88,0.3863,N,5,0
41,31883,4.0,PERSONAL,A,16507,6.92,0.5177,Y,21,1
25,28414,4.0,VENTURE,F,7097,23.73,0.2498,N,3,0
71,26095,3.0,DEBTCONSOLIDATION,C,8715,12.02,0.334,N,45,0
35,38535,5.0,DEBTCONSOLIDATION,A,14515,8.46,0.3767,Y,18,0
30,56234,2.0,DEBTCONSOLIDATION,A,12751,5.56,0.2267,N,11,0
49,17128,6.0,PERSONAL,D,9059,16.06,0.5289,N,30,1
42,47786,3.0,DEBTCONSOLIDATION,B,4601,8.59,0.0963,Y,22,1
23,112849,4.0,EDUCATION,A,37694,7.87,0.334,N,1,0
64,90857,4.0,PERSONAL,B,9842,8.85,0.1083,N,42,0
66,35530,5.0,EDUCATION,A,22130,7.49,0.6229,N,43,0
60,22736,12.0,EDUCATION,D,1781,15.4,0.0783,N,43,0
53,63127,5.0,VENTURE,C,4169,13.03,0.066,N,30,0
40,13703,1.0,DEBTCONSOLIDATION,B,21421,10.81,1.5632,Y,18,1
48,90272,4.0,HOMEIMPROVEMENT,B,8689,11.37,0.0963,N,30,0
47,43587,7.0,VENTURE,E,20697,18.09,0.4748,N,30,1
27,134217,4.0,PERSONAL,C,6545,14.02,0.0488,N,4,0
22,18961,2.0,VENTURE,C,9021,12.16,0.4758,N,3,0
32,81225,9.0,EDUCATION,B,5812,8.68,0.0716,N,10,0
43,46384,15.0,EDUCATION,F,19628,24.38,0.4232,N,21,1
27,40860,11.0,MEDICAL,C,7844,12.43,0.192,N,7,0
24,23076,7.0,DEBTCONSOLIDATION,A,17708,7.87,0.7674,N,6,1
66,68027,2.0,PERSONAL,E,28443,20.62,0.4181,N,45,1
39,71102,7.0,DEBTCONSOLIDATION,B,8594,10.37,0.1209,N,18,0
51,130851,7.0,MEDICAL,A,9274,6.23,0.0709,N,30,0
47,85342,3.0,PERSONAL,B,6896,8.93,0.0808,N,26,0
59,35360,4.0,VENTURE,D,39722,15.02,1.1234,N,36,1
60,28222,7.0,VENTURE,B,9179,10.38,0.3252,N,41,0
34,23094,6.0,DEBTCONSOLIDATION,B,8394,9.97,0.3635,N,15,0
66,110224,7.0,EDUCATION,B,4542,10.51,0.0412,N,45,0
39,31952,4.0,PERSONAL,E,6709,17.75,0.21,N,17,0
65,110649,9.0,MEDICAL,A,7268,5.91,0.0657,N,43,0
41,65433,1.0,EDUCATION,A,21311,5.66,0.3257,N,19,0
24,58773,4.0,MEDICAL,D,8028,17.27,0.1366,N,3,0
61,41407,11.0,MEDICAL,A,7695,5.87,0.1858,N,43,0
19,70500,4.0,EDUCATION,B,16908,8.65,0.2398,N,1,0
62,48605,7.0,DEBTCONSOLIDATION,D,10097,14.81,0.2077,N,42,0
20,40011,8.0,PERSONAL,A,4627,6.84,0.1156,Y,1,1
29,71883,6.0,PERSONAL,A,29335,5.08,0.4081,N,7,0
52,45288,3.0,EDUCATION,B,6726,9.32,0.1485,N,32,0
71,31600,8.0,MEDICAL,C,12073,13.25,0.3821,Y,45,1
41,68179,8.0,MEDICAL,B,13548,8.78,0.1987,N,19,0
24,47325,7.0,VENTURE,D,2117,15.99,0.0447,N,7,0
31,64144,4.0,PERSONAL,A,7875,7.76,0.1228,N,10,0
69,38191,4.0,DEBTCONSOLIDATION,A,6551,7.7,0.1715,N,45,0
59,25209,2.0,PERSONAL,D,4310,15.1,0.171,N,38,0
23,127298,8.0,VENTURE,B,9093,9.06,0.0714,N,1,0
39,114764,4.0,MEDICAL,B,10732,11.07,0.0935,N,16,0
33,79704,8.0,EDUCATION,E,14430,20.05,0.181,Y,12,1
28,39604,5.0,EDUCATION,A,10692,6.34,0.27,N,9,0
66,41557,2.0,MEDICAL,C,9567,13.94,0.2302,N,45,0
53,104849,5.0,PERSONAL,C,30345,11.69,0.2894,N,31,0
28,40351,3.0,EDUCATION,B,7743,9.07,0.1919,N,5,0
55,34616,8.0,EDUCATION,A,3054,7.16,0.0882,N,35,0
41,137273,2.0,MEDICAL,A,5598,7.09,0.0408,Y,23,0
21,47752,6.0,MEDICAL,C,21747,13.41,0.4554,N,4,0
43,129655,7.0,DEBTCONSOLIDATION,A,8590,7.48,0.0663,N,26,0
28,22717,6.0,DEBTCONSOLIDATION,A,5354,6.3,0.2357,N,9,0
31,65186,10.0,VENTURE,B,16394,9.27,0.2515,N,14,0
68,153138,4.0,DEBTCONSOLIDATION,C,29465,13.37,0.1924,N,45,0
58,49829,6.0,EDUCATION,D,8691,17.4,0.1744,N,39,0
25,42395,4.0,EDUCATION,C,15604,12.8,0.3681,N,6,0
66,25789,7.0,MEDICAL,C,27834,11.69,1.0793,N,45,0
50,88901,7.0,VENTURE,A,42609,7.7,0.4793,N,29,0
67,32094,5.0,VENTURE,A,14737,6.45,0.4592,N,45,0
60,46530,8.0,VENTURE,A,9588,5.73,0.2061,N,43,0
37,24860,7.0,PERSONAL,C,9504,11.75,0.3823,Y,20,1
48,115415,5.0,PERSONAL,C,2162,14.13,0.0187,N,29,0
48,92520,6.0,EDUCATION,B,4063,11.34,0.0439,Y,31,1
59,48176,8.0,MEDICAL,C,14124,13.72,0.2932,N,37,0
32,25983,2.0,EDUCATION,C,50000,12.46,1.9243,N,10,0
36,114090,5.0,VENTURE,C,6685,13.53,0.0586,N,14,0
31,40084,5.0,VENTURE,F,8510,22.4,0.2123,N,12,0
34,26692,6.0,EDUCATION,A,13324,5.64,0.4992,Y,15,1
27,18598,6.0,HOMEIMPROVEMENT,C,29850,13.94,1.605,Y,6,1
20,34362,5.0,EDUCATION,A,5564,7.61,0.1619,N,1,0
71,22025,3.0,PERSONAL,A,7287,8.04,0.3309,Y,45,1
22,34802,4.0,VENTURE,A,10135,8.07,0.2912,N,4,0
68,73822,3.0,HOMEIMPROVEMENT,B,11098,10.82,0.1503,N,45,0
18,39875,5.0,VENTURE,A,11571,7.37,0.2902,N,1,0
62,59613,3.0,PERSONAL,D,13194,14.65,0.2213,N,45,0
36,32930,4.0,MEDICAL,B,15198,8.93,0.4615,N,19,0
47,50809,2.0,HOMEIMPROVEMENT,C,12835,12.29,0.2526,N,30,0
34,140997,6.0,PERSONAL,C,10158,11.73,0.072,N,12,0
45,40470,2.0,DEBTCONSOLIDATION,E,3879,18.23,0.0958,N,25,0
43,60562,3.0,PERSONAL,A,4094,5.57,0.0676,N,26,0
48,20722,6.0,PERSONAL,A,6050,8.47,0.292,N,31,0
40,113103,5.0,VENTURE,C,22551,13.9,0.1994,N,19,0
48,37704,2.0,MEDICAL,D,27600,14.67,0.732,N,25,1
65,87360,5.0,VENTURE,A,3997,5.2,0.0458,N,45,0
42,45809,6.0,MEDICAL,B,19836,10.69,0.433,N,23,0
38,68622,3.0,HOMEIMPROVEMENT,B,3404,9.22,0.0496,N,17,0
25,70902,3.0,DEBTCONSOLIDATION,E,15772,20.67,0.2224,N,2,0
38,38221,10.0,HOMEIMPROVEMENT,C,7514,14.38,0.1966,N,15,0
25,89370,6.0,MEDICAL,F,2296,23.84,0.0257,N,8,0
28,32291,4.0,EDUCATION,B,5058,9.44,0.1566,N,6,0
72,75196,4.0,VENTURE,A,6795,7.93,0.0904,N,45,0
23,39552,6.0,HOMEIMPROVEMENT,C,13999,12.42,0.3539,N,4,0
45,59412,5.0,HOMEIMPROVEMENT,C,9962,13.09,0.1677,Y,25,1
65,38021,5.0,PERSONAL,B,9447,8.68,0.2485,N,45,0
72,50386,3.0,VENTURE,A,8426,6.75,0.1672,N,45,0
26,27144,8.0,PERSONAL,A,20558,5.98,0.7574,N,9,0
27,56171,7.0,MEDICAL,C,5091,13.82,0.0906,Y,5,0
39,50226,2.0,HOMEIMPROVEMENT,A,14841,7.16,0.2955,Y,18,0
49,36421,6.0,DEBTCONSOLIDATION,A,50000,6.68,1.3728,N,31,0
72,47559,6.0,PERSONAL,C,14966,13.45,0.3147,N,45,0
29,52770,6.0,EDUCATION,C,14596,12.43,0.2766,Y,10,0
27,34926,4.0,PERSONAL,B,6449,8.81,0.1846,N,7,0
32,45669,8.0,HOMEIMPROVEMENT,C,42649,12.59,0.9339,N,11,0
67,28196,5.0,PERSONAL,B,5854,10.31,0.2076,N,45,0
19,178109,10.0,PERSONAL,B,9629,8.95,0.0541,N,1,0
39,87773,2.0,PERSONAL,E,2213,19.26,0.0252,N,22,0
24,56965,3.0,VENTURE,A,6443,7.73,0.1131,N,6,0
26,93401,7.0,PERSONAL,A,17269,8.25,0.1849,N,6,0
70,16504,6.0,MEDICAL,B,9243,9.51,0.56,N,45,1
18,12007,3.0,PERSONAL,B,21167,10.12,1.7629,N,1,1
36,39355,5.0,VENTURE,D,11715,15.54,0.2977,N,16,0
70,22966,14.0,PERSONAL,B,14302,10.31,0.6227,N,45,0
52,43039,7.0,EDUCATION,C,20374,11.71,0.4734,N,34,1
22,54891,4.0,HOMEIMPROVEMENT,C,3343,11.67,0.0609,N,3,0
44,81326,6.0,PERSONAL,B,18244,10.22,0.2243,N,25,0
73,26211,7.0,PERSONAL,D,7791,15.54,0.2972,N,45,0
40,61071,1.0,HOMEIMPROVEMENT,A,7206,6.48,0.118,N,22,0
48,49410,5.0,PERSONAL,C,4747,12.96,0.0961,Y,26,0
48,59345,7.0,EDUCATION,C,13839,12.82,0.2332,N,28,0
55,36832,9.0,PERSONAL,E,11066,18.02,0.3004,N,38,0
28,104895,3.0,MEDICAL,B,18197,11.29,0.1735,N,6,0
65,46308,3.0,EDUCATION,A,3418,5.63,0.0738,N,45,0
74,130066,10.0,HOMEIMPROVEMENT,B,21041,9.56,0.1618,N,45,0
26,31738,4.0,PERSONAL,A,14374,6.55,0.4529,N,9,0
64,73758,7.0,DEBTCONSOLIDATION,D,5413,16.6,0.0734,N,41,0
64,47438,7.0,PERSONAL,C,20295,11.81,0.4278,Y,41,1
60,40935,6.0,EDUCATION,B,13188,9.24,0.3222,N,43,0
39,69409,8.0,PERSONAL,C,4095,14.04,0.059,N,17,0
44,41583,2.0,HOMEIMPROVEMENT,A,11273,7.3,0.2711,N,21,0
65,12000,5.0,EDUCATION,B,1703,8.57,0.1419,N,42,0
26,12000,9.0,PERSONAL,B,16067,10.69,1.3389,N,3,0
65,98699,4.0,MEDICAL,E,6247,18.76,0.0633,N,44,0
70,96436,2.0,EDUCATION,B,3104,10.86,0.0322,N,45,0
56,138418,4.0,VENTURE,B,1898,8.82,0.0137,N,38,0
37,48550,4.0,MEDICAL,E,12268,18.83,0.2527,N,16,0
49,24077,2.0,PERSONAL,D,9032,15.94,0.3751,N,30,0
20,38918,3.0,DEBTCONSOLIDATION,C,7855,14.2,0.2018,Y,1,0
71,49329,7.0,EDUCATION,A,11790,8.32,0.239,N,45,0
37,28173,5.0,PERSONAL,A,9977,6.5,0.3541,N,19,0
21,121384,8.0,MEDICAL,A,16598,6.87,0.1367,N,1,0
63,168001,3.0,HOMEIMPROVEMENT,D,9811,15.75,0.0584,N,44,0
55,63771,7.0,MEDICAL,E,7101,18.38,0.1114,N,38,0
53,48728,4.0,HOMEIMPROVEMENT,C,7189,12.55,0.1475,N,34,0
21,24047,5.0,PERSONAL,D,11504,17.01,0.4784,Y,1,1
60,114753,3.0,EDUCATION,B,13675,11.1,0.1192,N,41,0
54,51121,6.0,VENTURE,A,6532,7.88,0.1278,N,33,0
63,41812,5.0,HOMEIMPROVEMENT,C,7067,11.51,0.169,N,44,0
65,63872,4.0,PERSONAL,D,11916,15.56,0.1866,N,45,0
30,35520,8.0,VENTURE,D,12423,16.54,0.3497,N,9,0
30,53145,7.0,HOMEIMPROVEMENT,A,5142,8.43,0.0968,Y,11,0
70,22173,1.0,PERSONAL,E,4058,17.62,0.183,N,45,0
48,89134,3.0,PERSONAL,B,10271,8.61,0.1152,N,28,0
42,46285,4.0,MEDICAL,B,13819,8.98,0.2986,N,23,0
34,92720,4.0,MEDICAL,B,11984,11.33,0.1292,N,13,0
54,43887,4.0,MEDICAL,A,3725,6.44,0.0849,N,32,0
60,45482,4.0,HOMEIMPROVEMENT,B,12499,9.54,0.2748,N,43,0
18,25165,5.0,PERSONAL,C,18109,12.81,0.7196,N,1,0
49,74448,6.0,HOMEIMPROVEMENT,E,7323,17.9,0.0984,Y,27,1
74,30281,2.0,HOMEIMPROVEMENT,E,6248,20.46,0.2063,N,45,0
33,37513,3.0,EDUCATION,A,22561,6.69,0.6014,N,16,0
34,49049,10.0,VENTURE,A,20886,6.71,0.4258,N,14,0
68,52400,8.0,MEDICAL,A,5134,7.81,0.098,N,45,0
21,19180,7.0,EDUCATION,B,11370,9.04,0.5928,N,2,1
40,43176,11.0,MEDICAL,B,4611,9.3,0.1068,N,20,0
44,75915,6.0,PERSONAL,B,13402,9.39,0.1765,N,23,0
63,39811,6.0,HOMEIMPROVEMENT,A,7059,5.94,0.1773,N,45,0
25,43321,6.0,PERSONAL,A,4949,6.21,0.1142,Y,5,0
42,53601,7.0,EDUCATION,C,3646,13.78,0.068,N,24,0
26,45739,8.0,EDUCATION,D,23662,17.03,0.5173,N,5,1
62,27811,4.0,MEDICAL,D,7136,14.79,0.2566,Y,43,1
54,48050,6.0,MEDICAL,A,50000,5.14,1.0406,N,32,0
46,84688,5.0,VENTURE,B,26796,9.14,0.3164,N,27,0
40,27497,6.0,DEBTCONSOLIDATION,E,24593,20.63,0.8944,N,21,1
26,39896,4.0,MEDICAL,F,2369,21.95,0.0594,N,6,1
70,22927,5.0,VENTURE,F,9067,24.26,0.3955,N,45,0
54,82269,5.0,PERSONAL,D,2285,14.78,0.0278,N,35,0
36,46592,6.0,HOMEIMPROVEMENT,C,13794,12.06,0.2961,Y,17,0
41,30711,3.0,EDUCATION,D,9520,15.76,0.31,N,22,0
59,51572,5.0,MEDICAL,E,28036,19.69,0.5436,N,42,1
59,25286,8.0,DEBTCONSOLIDATION,C,4747,12.92,0.1877,Y,37,0
44,27766,4.0,HOMEIMPROVEMENT,A,13750,5.73,0.4952,N,26,1
35,21958,4.0,EDUCATION,A,10165,5.5,0.4629,N,18,0
55,27262,3.0,MEDICAL,C,9713,12.44,0.3563,N,37,0
55,103418,4.0,PERSONAL,C,17174,13.54,0.1661,N,33,0
52,32754,5.0,VENTURE,B,13931,8.67,0.4253,Y,32,1
22,63349,5.0,MEDICAL,A,18220,8.48,0.2876,N,1,0
44,30947,7.0,MEDICAL,A,14470,5.67,0.4676,N,23,0
52,74439,4.0,EDUCATION,F,12828,23.64,0.1723,N,35,0
72,27879,9.0,VENTURE,A,5879,7.35,0.2109,N,45,0
47,50089,7.0,EDUCATION,D,7972,16.32,0.1592,N,30,0
37,50466,3.0,MEDICAL,C,4779,12.77,0.0947,N,17,0
49,176361,6.0,PERSONAL,A,8029,6.25,0.0455,N,32,0
28,69336,2.0,VENTURE,B,13525,8.64,0.1951,Y,8,1
23,35380,5.0,PERSONAL,D,3637,15.72,0.1028,N,2,0
56,71451,4.0,MEDICAL,C,17246,12.37,0.2414,N,37,0
74,158894,5.0,HOMEIMPROVEMENT,E,8234,18.97,0.0518,N,45,0
66,20004,5.0,MEDICAL,E,8966,19.85,0.4482,Y,44,1
51,30842,4.0,VENTURE,D,9766,15.55,0.3166,Y,32,1
20,43032,5.0,DEBTCONSOLIDATION,C,11193,13.09,0.2601,Y,1,0
74,38972,4.0,DEBTCONSOLIDATION,A,1787,8.33,0.0459,N,45,0
43,40822,9.0,PERSONAL,D,9228,14.92,0.2261,Y,23,1
34,23924,5.0,MEDICAL,C,6070,14.05,0.2537,N,14,0
68,106104,6.0,EDUCATION,B,8238,9.32,0.0776,Y,45,1
60,22416,7.0,PERSONAL,D,16888,15.92,0.7534,N,43,1
60,43909,2.0,EDUCATION,B,6988,9.05,0.1591,N,41,0
33,87134,2.0,VENTURE,C,5763,12.13,0.0661,N,15,0
74,48213,3.0,HOMEIMPROVEMENT,C,12316,11.86,0.2554,N,45,0
43,28604,3.0,HOMEIMPROVEMENT,D,4332,15.59,0.1514,N,22,0
48,23347,3.0,PERSONAL,B,22824,8.92,0.9776,N,28,0
60,43195,4.0,EDUCATION,A,38584,6.72,0.8933,N,42,1
55,32326,7.0,DEBTCONSOLIDATION,C,3760,14.09,0.1163,N,33,0
27,54878,5.0,MEDICAL,B,15317,11.11,0.2791,N,6,0
35,22679,11.0,DEBTCONSOLIDATION,F,28210,24.64,1.2439,N,12,1
38,76662,6.0,EDUCATION,F,7110,22.89,0.0927,N,15,0
72,52237,9.0,EDUCATION,E,6557,17.65,0.1255,Y,45,1
58,54415,6.0,MEDICAL,B,6488,10.03,0.1192,N,38,0
38,108292,3.0,HOMEIMPROVEMENT,E,23511,19.07,0.2171,N,20,0
59,38530,6.0,EDUCATION,A,25090,8.46,0.6512,N,37,0
60,32885,8.0,MEDICAL,C,8252,12.9,0.2509,N,42,0
40,36269,7.0,HOMEIMPROVEMENT,F,28676,23.91,0.7906,N,17,1
40,44095,9.0,EDUCATION,A,4258,8.44,0.0966,N,17,0
68,46628,6.0,EDUCATION,D,14148,16.57,0.3034,N,45,0
50,31042,1.0,DEBTCONSOLIDATION,C,5399,14.09,0.1739,N,29,0
26,16111,5.0,EDUCATION,A,11111,8.39,0.6897,N,9,1
59,36007,10.0,MEDICAL,A,7737,7.96,0.2149,N,38,0
51,59748,5.0,PERSONAL,A,4753,7.56,0.0796,N,33,0
47,52835,5.0,DEBTCONSOLIDATION,C,12501,12.62,0.2366,N,29,0
59,94821,4.0,VENTURE,D,4233,16.44,0.0446,N,42,0
69,143704,7.0,DEBTCONSOLIDATION,F,16377,24.97,0.114,N,45,0
36,74431,3.0,HOMEIMPROVEMENT,D,16544,15.5,0.2223,N,16,0
41,104860,1.0,HOMEIMPROVEMENT,D,10717,15.22,0.1022,Y,21,1
28,74736,5.0,PERSONAL,B,8002,10.81,0.1071,N,9,0
54,125548,4.0,MEDICAL,A,16446,5.23,0.131,Y,35,0
40,135668,5.0,PERSONAL,B,17509,10.61,0.1291,N,19,0
37,82713,5.0,MEDICAL,A,7042,7.15,0.0851,N,18,0
57,72294,6.0,DEBTCONSOLIDATION,D,11197,16.3,0.1549,N,40,0
41,43788,8.0,EDUCATION,B,7456,9.66,0.1703,N,18,0
44,47918,4.0,EDUCATION,D,13656,14.65,0.285,N,26,0
43,40708,1.0,EDUCATION,E,5903,19.64,0.145,N,24,0
32,68988,7.0,MEDICAL,B,11436,9.32,0.1658,N,14,0
25,32985,2.0,DEBTCONSOLIDATION,A,9199,6.75,0.2789,N,2,0
65,44129,9.0,MEDICAL,A,18460,7.29,0.4183,N,43,0
23,13422,10.0,HOMEIMPROVEMENT,C,6761,12.16,0.5037,N,1,1
36,126462,3.0,EDUCATION,A,11964,5.47,0.0946,N,16,0
56,43422,4.0,EDUCATION,B,7359,9.34,0.1695,N,36,0
25,62979,5.0,EDUCATION,C,3392,13.4,0.0539,N,6,0
55,109292,5.0,PERSONAL,B,8281,10.68,0.0758,N,32,0
59,57824,7.0,HOMEIMPROVEMENT,A,15381,5.22,0.266,N,37,0
55,108487,4.0,HOMEIMPROVEMENT,B,15729,9.34,0.145,N,36,0
35,24761,4.0,PERSONAL,B,6413,11.32,0.259,N,17,0
19,183240,7.0,MEDICAL,C,19688,11.98,0.1074,Y,1,0
68,89135,4.0,VENTURE,B,24116,11.23,0.2706,N,45,0
36,54998,5.0,HOMEIMPROVEMENT,D,5175,14.52,0.0941,N,18,0
63,107343,7.0,PERSONAL,A,10871,6.93,0.1013,N,44,0
29,25777,3.0,PERSONAL,B,20847,11.06,0.8087,N,8,0
27,41825,6.0,EDUCATION,D,24631,17.33,0.5889,Y,10,1
62,108481,4.0,EDUCATION,A,11479,6.56,0.1058,N,44,0
71,17555,4.0,PERSONAL,A,21553,8.38,1.2277,N,45,1
67,66719,5.0,DEBTCONSOLIDATION,C,24662,14.43,0.3696,N,45,0
60,65689,3.0,DEBTCONSOLIDATION,B,14772,9.2,0.2249,N,42,0
32,144794,6.0,VENTURE,E,8164,17.68,0.0564,N,10,0
70,20524,3.0,HOMEIMPROVEMENT,D,12840,16.61,0.6256,N,45,1
56,118811,2.0,MEDICAL,B,6187,9.76,0.0521,N,34,0
27,36036,4.0,VENTURE,A,6426,7.35,0.1783,N,4,0
25,38336,3.0,HOMEIMPROVEMENT,A,3371,5.09,0.0879,N,8,0
67,25031,3.0,DEBTCONSOLIDATION,B,18302,8.84,0.7312,N,45,0
33,26948,7.0,EDUCATION,A,20772,6.98,0.7708,N,11,0
61,61202,10.0,HOMEIMPROVEMENT,A,2640,5.98,0.0431,N,41,0
25,26588,5.0,PERSONAL,D,7101,15.76,0.2671,N,4,1
33,73655,9.0,PERSONAL,C,6468,12.86,0.0878,N,10,0
34,34042,7.0,EDUCATION,A,14181,7.22,0.4166,N,12,0
34,25155,1.0,MEDICAL,A,9827,6.7,0.3907,N,17,0
56,36669,3.0,EDUCATION,B,15566,10.9,0.4245,N,39,0
70,58993,4.0,DEBTCONSOLIDATION,A,10076,5.28,0.1708,N,45,0
69,42085,6.0,MEDICAL,B,11935,8.78,0.2836,N,45,0
60,49951,5.0,EDUCATION,A,10210,6.91,0.2044,N,40,0
29,71891,6.0,HOMEIMPROVEMENT,B,22464,11.03,0.3125,N,12,0
72,88905,3.0,VENTURE,C,4966,14.0,0.0559,Y,45,0
48,41334,3.0,HOMEIMPROVEMENT,C,5841,12.27,0.1413,N,27,0
49,27602,4.0,EDUCATION,B,5381,10.8,0.1949,N,32,0
57,51115,2.0,EDUCATION,C,13481,12.54,0.2637,N,40,0
61,63503,9.0,EDUCATION,C,3158,13.19,0.0497,N,43,0
72,21951,6.0,HOMEIMPROVEMENT,B,2556,8.76,0.1164,Y,45,1
51,30036,8.0,EDUCATION,B,15975,9.55,0.5319,N,28,0
52,33006,6.0,PERSONAL,C,3762,14.27,0.114,N,34,0
60,43725,7.0,MEDICAL,A,5275,7.21,0.1206,N,37,0
32,32255,3.0,PERSONAL,A,3808,6.16,0.1181,N,11,0
35,72321,3.0,MEDICAL,A,5983,6.28,0.0827,Y,12,1
53,20275,3.0,MEDICAL,B,50000,8.64,2.4661,Y,33,1
21,20561,5.0,EDUCATION,F,7814,21.95,0.38,N,2,0
36,40796,5.0,DEBTCONSOLIDATION,B,9735,10.52,0.2386,Y,15,1
58,44506,7.0,MEDICAL,B,4855,9.03,0.1091,N,41,0
73,22025,4.0,MEDICAL,C,9110,11.79,0.4136,N,45,0
47,35111,2.0,VENTURE,A,19567,6.94,0.5573,N,28,0
40,39317,6.0,VENTURE,D,10632,15.96,0.2704,N,19,0
43,39485,4.0,PERSONAL,F,40263,21.18,1.0197,N,26,1
57,53291,3.0,MEDICAL,C,5765,14.39,0.1082,N,38,0
49,34068,6.0,DEBTCONSOLIDATION,A,2200,7.68,0.0646,N,26,0
19,110504,2.0,DEBTCONSOLIDATION,E,13116,19.76,0.1187,N,1,0
48,64120,3.0,PERSONAL,A,13271,6.75,0.207,N,25,0
40,31447,3.0,EDUCATION,A,10373,7.2,0.3299,N,17,0
57,51636,6.0,EDUCATION,C,3802,12.81,0.0736,N,37,0
67,52481,8.0,DEBTCONSOLIDATION,C,6742,12.21,0.1285,N,45,0
72,95616,6.0,DEBTCONSOLIDATION,A,11371,7.46,0.1189,Y,45,0
52,35234,2.0,MEDICAL,C,11782,14.43,0.3344,N,31,0
38,74759,6.0,VENTURE,E,15830,19.16,0.2117,N,18,0
43,50162,6.0,PERSONAL,D,4944,17.37,0.0986,N,25,0
28,111341,5.0,VENTURE,A,2624,6.26,0.0236,Y,9,1
71,99706,5.0,PERSONAL,B,8722,9.35,0.0875,N,45,0
66,54630,9.0,PERSONAL,F,15310,24.66,0.2802,N,45,0
66,42435,4.0,EDUCATION,B,3923,10.39,0.0924,N,45,0
36,64772,4.0,HOMEIMPROVEMENT,D,30062,15.87,0.4641,N,19,1
36,44389,6.0,PERSONAL,A,7785,5.13,0.1754,N,14,0
66,123521,4.0,EDUCATION,A,21890,6.93,0.1772,Y,45,1
49,51182,3.0,VENTURE,A,34223,6.25,0.6687,N,32,1
58,39218,4.0,EDUCATION,A,3156,7.75,0.0805,Y,41,0
45,38071,9.0,PERSONAL,D,13938,15.57,0.3661,N,26,0
43,25155,3.0,MEDICAL,A,35160,8.26,1.3977,N,21,1
54,66576,5.0,PERSONAL,D,7214,17.17,0.1084,N,33,0
64,31225,7.0,EDUCATION,C,38812,13.57,1.243,N,45,1
37,89678,3.0,DEBTCONSOLIDATION,B,19853,10.12,0.2214,N,20,0
64,24073,4.0,MEDICAL,B,7855,10.46,0.3263,N,43,0
31,52574,6.0,HOMEIMPROVEMENT,C,9648,13.38,0.1835,N,8,0
40,92283,5.0,PERSONAL,B,3282,11.19,0.0356,Y,19,1
70,15006,3.0,HOMEIMPROVEMENT,D,6143,15.2,0.4094,N,45,1
72,148753,9.0,PERSONAL,A,15778,5.72,0.1061,N,45,0
70,38796,2.0,DEBTCONSOLIDATION,A,8168,7.36,0.2105,N,45,0
36,52976,6.0,VENTURE,C,12611,14.48,0.2381,N,18,0
66,67124,3.0,VENTURE,B,22218,9.01,0.331,Y,45,1
71,73084,5.0,EDUCATION,A,21638,7.96,0.2961,N,45,0
73,56990,0.0,MEDICAL,C,13035,14.2,0.2287,N,45,0
19,84843,3.0,PERSONAL,D,6708,16.38,0.0791,N,1,0
60,65217,4.0,EDUCATION,C,11224,13.46,0.1721,N,42,0
74,129118,8.0,PERSONAL,B,11682,10.6,0.0905,N,45,0
61,65334,5.0,PERSONAL,C,6326,13.63,0.0968,N,41,0
31,144429,6.0,PERSONAL,B,12883,8.69,0.0892,N,14,0
61,80466,7.0,VENTURE,C,5621,14.39,0.0699,N,43,0
23,18157,5.0,EDUCATION,B,9781,10.15,0.5387,N,1,0
45,206097,10.0,DEBTCONSOLIDATION,C,6531,12.43,0.0317,N,22,0
53,35743,4.0,MEDICAL,E,7115,19.01,0.1991,N,31,0
44,111585,5.0,MEDICAL,C,18817,12.57,0.1686,Y,21,1
57,49748,5.0,MEDICAL,C,18727,12.77,0.3764,Y,38,1
31,87868,5.0,MEDICAL,A,8792,7.87,0.1001,N,12,0
52,33568,8.0,PERSONAL,A,23962,6.84,0.7138,N,32,1
54,69158,2.0,EDUCATION,A,16656,5.46,0.2408,N,33,0
54,42648,4.0,PERSONAL,B,15013,9.88,0.352,N,37,0
34,116827,3.0,EDUCATION,A,9418,5.51,0.0806,N,13,0
35,62396,4.0,EDUCATION,A,15799,5.15,0.2532,N,13,0
32,82024,2.0,PERSONAL,A,7327,6.26,0.0893,N,13,0
44,14909,4.0,VENTURE,E,11621,20.87,0.7795,N,26,1
51,46767,5.0,HOMEIMPROVEMENT,A,23629,5.73,0.5052,N,28,1
38,61439,7.0,PERSONAL,B,18914,10.05,0.3079,N,15,0
41,55436,6.0,MEDICAL,F,6594,21.83,0.1189,N,21,1
34,83169,3.0,DEBTCONSOLIDATION,A,21479,5.7,0.2583,Y,15,0
30,40084,4.0,DEBTCONSOLIDATION,A,4239,5.6,0.1058,N,8,0
55,50353,4.0,EDUCATION,C,9725,13.92,0.1931,N,38,0
64,93870,4.0,EDUCATION,C,22159,13.43,0.2361,N,44,0
34,13998,7.0,PERSONAL,D,5674,15.72,0.4053,N,11,1
67,67788,4.0,MEDICAL,C,12459,11.6,0.1838,Y,45,1
50,40796,4.0,HOMEIMPROVEMENT,A,13746,5.68,0.3369,N,33,0
27,29679,5.0,EDUCATION,A,24488,5.51,0.8251,N,8,0
38,58988,5.0,VENTURE,B,7048,11.46,0.1195,N,19,0
18,96287,4.0,VENTURE,A,17907,6.8,0.186,N,1,0
20,86814,6.0,PERSONAL,A,6092,5.12,0.0702,N,1,0
37,45510,8.0,PERSONAL,D,7735,17.15,0.17,N,14,0
43,79352,5.0,PERSONAL,C,9969,13.41,0.1256,N,25,0
63,79018,4.0,MEDICAL,A,9119,8.17,0.1154,N,42,0
25,46720,7.0,EDUCATION,B,19609,8.91,0.4197,N,6,1
65,33483,7.0,EDUCATION,F,50000,21.99,1.4933,N,45,1
31,34565,9.0,DEBTCONSOLIDATION,C,9943,14.19,0.2877,N,8,0
25,77716,2.0,EDUCATION,C,10164,12.75,0.1308,Y,4,1
57,47897,5.0,EDUCATION,C,32839,13.34,0.6856,N,40,0
62,27573,5.0,HOMEIMPROVEMENT,B,50000,8.75,1.8134,N,40,0
52,19405,4.0,DEBTCONSOLIDATION,D,8954,17.37,0.4614,N,31,1
24,77459,5.0,VENTURE,A,12448,8.15,0.1607,N,1,0
24,36289,5.0,HOMEIMPROVEMENT,C,3899,13.33,0.1074,N,1,0
40,58789,7.0,EDUCATION,B,5837,10.42,0.0993,N,19,0
43,96939,1.0,PERSONAL,D,3186,15.86,0.0329,Y,25,1
74,23863,5.0,DEBTCONSOLIDATION,C,8030,12.62,0.3365,N,45,0
34,47818,6.0,DEBTCONSOLIDATION,A,32126,6.06,0.6718,N,15,1
28,44628,0.0,EDUCATION,D,5423,15.23,0.1215,N,7,0
71,60406,3.0,HOMEIMPROVEMENT,B,6376,9.46,0.1056,N,45,0
26,96910,9.0,EDUCATION,D,13833,15.75,0.1427,N,7,0
19,23595,3.0,PERSONAL,A,3299,7.9,0.1398,N,2,0
42,67063,6.0,VENTURE,B,12515,8.65,0.1866,N,22,0
40,86451,4.0,MEDICAL,C,1724,13.04,0.0199,N,21,0
53,44244,4.0,PERSONAL,A,8254,5.92,0.1866,N,35,0
68,45451,4.0,MEDICAL,B,3326,10.21,0.0732,N,45,0
71,61706,5.0,MEDICAL,D,5946,16.34,0.0964,N,45,0
34,59257,6.0,EDUCATION,A,9139,6.63,0.1542,Y,11,0
73,67527,4.0,PERSONAL,B,9182,8.88,0.136,Y,45,1
54,66749,7.0,DEBTCONSOLIDATION,D,8662,15.68,0.1298,Y,31,1
21,28564,4.0,DEBTCONSOLIDATION,A,47880,5.58,1.6762,N,1,1
71,84511,2.0,DEBTCONSOLIDATION,A,16516,7.68,0.1954,N,45,0
25,93128,4.0,VENTURE,B,3071,10.59,0.033,N,4,0
51,54303,6.0,DEBTCONSOLIDATION,E,3759,20.11,0.0692,N,33,0
63,21551,2.0,HOMEIMPROVEMENT,C,25425,12.26,1.1798,N,42,1
32,46022,2.0,MEDICAL,D,9983,16.94,0.2169,N,9,0
33,54552,7.0,MEDICAL,E,24163,18.34,0.4429,N,14,1
45,26120,7.0,VENTURE,B,20526,10.92,0.7858,N,27,0
68,40212,4.0,EDUCATION,A,8195,5.81,0.2038,N,45,0
30,22580,6.0,PERSONAL,A,11132,5.93,0.493,N,7,0
55,68460,4.0,DEBTCONSOLIDATION,C,6602,13.21,0.0964,N,37,0
43,53705,6.0,MEDICAL,C,19401,12.67,0.3613,N,25,0
24,19827,3.0,PERSONAL,A,10924,7.8,0.551,N,6,0
58,59474,7.0,DEBTCONSOLIDATION,C,23472,12.51,0.3947,N,37,0
65,47520,4.0,HOMEIMPROVEMENT,A,6198,7.84,0.1304,N,45,0
50,65122,3.0,VENTURE,C,8240,14.21,0.1265,Y,32,1
28,39523,4.0,DEBTCONSOLIDATION,B,6790,10.31,0.1718,N,10,0
26,31545,2.0,HOMEIMPROVEMENT,C,28575,13.18,0.9058,Y,8,1
42,32081,11.0,PERSONAL,C,9681,13.96,0.3018,N,20,0
46,36461,5.0,HOMEIMPROVEMENT,D,9208,16.23,0.2525,N,27,0
49,49530,4.0,PERSONAL,B,8677,10.3,0.1752,N,31,0
31,53176,4.0,HOMEIMPROVEMENT,B,22560,10.39,0.4243,N,11,0
46,44139,7.0,EDUCATION,A,50000,5.87,1.1328,Y,23,1
34,38838,3.0,EDUCATION,B,50000,8.89,1.2874,N,17,0
57,40405,5.0,HOMEIMPROVEMENT,A,16318,5.64,0.4039,N,38,0
63,194706,7.0,PERSONAL,E,5088,19.57,0.0261,N,41,0
55,32083,4.0,DEBTCONSOLIDATION,B,6572,9.2,0.2048,N,35,0
18,36066,1.0,PERSONAL,B,12210,11.49,0.3385,N,1,0
74,300024,8.0,PERSONAL,B,1947,8.94,0.0065,N,45,0
19,61793,5.0,PERSONAL,B,6285,10.9,0.1017,N,1,0
74,22948,2.0,HOMEIMPROVEMENT,C,18243,13.67,0.795,N,45,1
19,77923,3.0,MEDICAL,E,3224,20.83,0.0414,N,1,0
47,29717,8.0,MEDICAL,B,14351,9.27,0.4829,Y,30,1
24,80820,2.0,HOMEIMPROVEMENT,D,6723,16.95,0.0832,N,2,0
23,43650,1.0,MEDICAL,B,6319,10.07,0.1448,N,6,0
56,38488,2.0,DEBTCONSOLIDATION,B,14891,9.45,0.3869,N,36,0
59,118781,1.0,PERSONAL,E,29867,19.34,0.2514,N,40,0
24,66937,4.0,PERSONAL,A,9417,6.96,0.1407,N,3,0
73,83712,4.0,HOMEIMPROVEMENT,B,25870,8.88,0.309,N,45,0
36,62268,3.0,DEBTCONSOLIDATION,D,12490,16.59,0.2006,N,14,0
36,38390,7.0,VENTURE,C,4476,12.07,0.1166,N,13,0
34,68613,3.0,EDUCATION,A,21392,6.7,0.3118,N,17,0
44,95327,3.0,HOMEIMPROVEMENT,A,24763,6.88,0.2598,N,22,0
28,52791,7.0,EDUCATION,D,13060,14.66,0.2474,N,5,0
42,132045,3.0,MEDICAL,B,4047,9.66,0.0306,N,20,0
29,78258,7.0,HOMEIMPROVEMENT,B,3513,10.41,0.0449,N,6,0
20,55082,7.0,EDUCATION,A,13771,5.32,0.25,Y,1,1
39,56292,3.0,HOMEIMPROVEMENT,B,13751,9.01,0.2443,Y,22,1
56,52864,6.0,VENTURE,B,16236,11.38,0.3071,N,37,0
61,24632,2.0,HOMEIMPROVEMENT,D,2143,16.36,0.087,N,43,0
38,46651,5.0,EDUCATION,A,5398,7.93,0.1157,Y,15,1
36,55362,7.0,VENTURE,C,6625,12.88,0.1197,N,13,0
62,38993,8.0,VENTURE,F,20987,21.55,0.5382,N,45,1
56,59025,7.0,EDUCATION,B,10051,10.3,0.1703,N,37,0
65,49598,7.0,MEDICAL,C,21936,11.72,0.4423,N,45,0
69,75021,6.0,DEBTCONSOLIDATION,A,4963,5.48,0.0662,N,45,0
64,70594,4.0,EDUCATION,B,2714,9.4,0.0384,N,41,0
71,53741,10.0,PERSONAL,B,17875,10.18,0.3326,N,45,0
41,23110,1.0,MEDICAL,C,8487,11.6,0.3672,N,18,0
40,131255,5.0,DEBTCONSOLIDATION,E,10268,18.85,0.0782,Y,23,1
36,45340,3.0,DEBTCONSOLIDATION,D,4150,16.26,0.0915,N,18,0
31,46887,6.0,DEBTCONSOLIDATION,A,10912,6.75,0.2327,N,13,0
60,40603,6.0,HOMEIMPROVEMENT,D,11480,16.15,0.2827,N,40,0
58,37472,5.0,PERSONAL,A,10053,8.28,0.2683,Y,37,0
63,114603,4.0,VENTURE,C,15822,14.45,0.1381,N,44,0
27,105063,5.0,VENTURE,A,17193,7.94,0.1636,N,4,0
46,62593,3.0,MEDICAL,D,23965,16.31,0.3829,N,27,0
30,46206,8.0,HOMEIMPROVEMENT,E,10421,18.66,0.2255,N,11,0
68,68907,1.0,DEBTCONSOLIDATION,C,32398,13.25,0.4702,N,45,1
33,51051,4.0,DEBTCONSOLIDATION,A,4042,7.54,0.0792,N,16,0
26,44151,9.0,PERSONAL,A,19100,6.38,0.4326,N,4,0
50,59039,6.0,PERSONAL,A,10232,6.8,0.1733,N,30,0
68,38459,7.0,PERSONAL,B,9207,10.0,0.2394,N,45,0
70,56316,8.0,EDUCATION,B,7266,10.82,0.129,N,45,0
23,54848,5.0,HOMEIMPROVEMENT,A,14565,5.39,0.2656,Y,2,1
36,68296,2.0,MEDICAL,D,36400,17.02,0.533,N,14,0
26,34873,8.0,MEDICAL,B,25008,9.7,0.7171,N,9,1
35,72444,5.0,HOMEIMPROVEMENT,C,18698,13.26,0.2581,Y,18,1
48,29778,4.0,EDUCATION,C,9021,11.57,0.3029,N,25,0
33,35777,4.0,DEBTCONSOLIDATION,A,31263,6.53,0.8738,N,13,0
21,36647,3.0,EDUCATION,C,13351,13.13,0.3643,N,1,0
47,27183,1.0,EDUCATION,B,4770,10.68,0.1755,N,30,0
21,85700,3.0,HOMEIMPROVEMENT,B,5618,9.93,0.0656,N,1,0
30,28768,11.0,HOMEIMPROVEMENT,C,30839,13.2,1.072,N,9,0
18,33376,6.0,PERSONAL,A,21859,7.32,0.6549,Y,1,1
22,97779,4.0,PERSONAL,A,24078,7.04,0.2462,N,1,0
42,35817,6.0,VENTURE,B,11088,10.77,0.3096,N,19,0
66,44201,10.0,VENTURE,A,5460,7.69,0.1235,N,43,0
62,28096,2.0,DEBTCONSOLIDATION,A,2880,6.67,0.1025,N,44,0
23,77506,5.0,PERSONAL,C,5530,13.85,0.0713,N,4,0
19,78096,4.0,HOMEIMPROVEMENT,C,3543,12.63,0.0454,N,1,0
37,73601,3.0,EDUCATION,A,50000,8.15,0.6793,N,17,0
55,65883,7.0,EDUCATION,B,6710,9.32,0.1018,N,36,0
60,51045,6.0,VENTURE,E,6713,18.04,0.1315,Y,40,1
64,36738,8.0,HOMEIMPROVEMENT,E,6678,19.06,0.1818,N,41,0
37,31312,4.0,EDUCATION,B,2918,8.73,0.0932,N,20,0
27,99652,7.0,PERSONAL,E,2763,20.29,0.0277,Y,7,1
19,74655,4.0,VENTURE,D,30739,16.53,0.4117,N,1,1
26,33479,3.0,MEDICAL,A,34674,8.33,1.0357,N,6,1
21,50106,3.0,DEBTCONSOLIDATION,A,22827,6.28,0.4556,N,2,1
67,41561,2.0,MEDICAL,A,14225,5.94,0.3423,N,45,0
33,26356,2.0,VENTURE,A,4247,5.58,0.1611,N,13,0
64,54052,3.0,DEBTCONSOLIDATION,B,24480,9.62,0.4529,N,45,0
49,39006,4.0,EDUCATION,C,9989,11.59,0.2561,Y,30,1
48,29030,6.0,PERSONAL,A,14481,8.36,0.4988,N,25,1
43,21730,6.0,HOMEIMPROVEMENT,C,12233,13.14,0.563,N,24,0
64,20741,6.0,VENTURE,A,17145,6.04,0.8266,N,44,0
20,39963,1.0,DEBTCONSOLIDATION,A,19673,6.8,0.4923,N,1,1
23,46779,7.0,EDUCATION,A,8993,7.27,0.1922,Y,3,0
42,30290,3.0,MEDICAL,A,20665,7.56,0.6822,N,22,0
40,70116,9.0,PERSONAL,C,8101,12.53,0.1155,N,17,0
49,47285,5.0,VENTURE,A,20224,7.71,0.4277,N,28,0
60,67325,5.0,PERSONAL,E,20590,20.81,0.3058,N,42,0
51,44329,6.0,MEDICAL,E,3045,20.99,0.0687,N,34,0
32,31795,7.0,MEDICAL,A,10212,7.32,0.3212,N,12,0
36,52196,11.0,EDUCATION,D,2199,15.08,0.0421,N,16,0
60,24477,7.0,PERSONAL,C,3392,12.38,0.1386,Y,41,1
29,65952,4.0,VENTURE,B,10400,10.7,0.1577,N,6,0
46,29277,7.0,MEDICAL,A,9033,5.28,0.3085,N,23,0
48,81229,3.0,EDUCATION,C,8291,14.05,0.1021,N,29,0
60,40694,7.0,VENTURE,E,15774,19.54,0.3876,N,41,0
58,87938,7.0,DEBTCONSOLIDATION,A,7642,7.8,0.0869,N,38,0
44,26437,3.0,DEBTCONSOLIDATION,E,4396,19.8,0.1663,N,23,0
35,33766,7.0,DEBTCONSOLIDATION,C,3392,11.51,0.1005,Y,17,1
38,60446,5.0,HOMEIMPROVEMENT,A,3109,6.87,0.0514,Y,19,1
41,93318,8.0,HOMEIMPROVEMENT,B,5378,9.1,0.0576,N,23,0
30,122594,3.0,VENTURE,A,5901,5.4,0.0481,Y,7,0
53,50148,4.0,EDUCATION,C,26822,13.21,0.5349,Y,30,1
29,134693,8.0,PERSONAL,A,11214,6.97,0.0833,N,8,0
54,41801,4.0,HOMEIMPROVEMENT,B,4872,9.51,0.1166,N,34,0
60,89708,5.0,VENTURE,A,17907,6.18,0.1996,N,43,0
72,29196,6.0,HOMEIMPROVEMENT,E,17446,17.84,0.5975,N,45,1
24,61766,5.0,DEBTCONSOLIDATION,B,7340,11.36,0.1188,Y,4,1
61,13521,3.0,EDUCATION,B,24381,11.03,1.8032,N,41,0
22,26453,2.0,DEBTCONSOLIDATION,A,20582,6.06,0.7781,N,5,0
37,63365,7.0,PERSONAL,C,8013,14.04,0.1265,Y,15,1
28,23817,7.0,EDUCATION,A,9641,7.4,0.4048,Y,8,1
27,61995,4.0,MEDICAL,C,7800,12.0,0.1258,N,6,0
27,80704,9.0,DEBTCONSOLIDATION,A,14588,5.77,0.1808,N,9,0
20,37207,3.0,DEBTCONSOLIDATION,E,1994,18.84,0.0536,N,1,0
64,28769,8.0,MEDICAL,C,19344,13.46,0.6724,N,41,0
21,37767,7.0,MEDICAL,E,3658,19.33,0.0969,N,1,1
40,28819,8.0,MEDICAL,A,6332,7.79,0.2197,Y,17,1
57,46366,8.0,DEBTCONSOLIDATION,B,43364,8.64,0.9353,N,36,0
74,51852,8.0,HOMEIMPROVEMENT,C,7969,11.92,0.1537,N,45,0
66,41427,5.0,EDUCATION,C,12913,13.43,0.3117,N,45,0
25,123117,4.0,PERSONAL,D,13599,16.64,0.1105,N,3,0
74,33002,4.0,PERSONAL,A,13062,5.73,0.3958,N,45,0
55,105375,5.0,DEBTCONSOLIDATION,C,7545,14.16,0.0716,N,37,0
28,27648,2.0,HOMEIMPROVEMENT,C,13908,13.62,0.503,N,6,1
43,51022,3.0,PERSONAL,E,9695,18.1,0.19,N,22,0
70,93967,5.0,VENTURE,D,3007,16.63,0.032,N,45,0
40,91331,6.0,EDUCATION,B,4512,9.19,0.0494,N,21,0
28,38904,5.0,MEDICAL,A,9074,5.58,0.2332,N,11,0
67,66522,8.0,MEDICAL,C,14657,14.31,0.2203,N,45,0
72,61799,6.0,VENTURE,B,14814,8.72,0.2397,N,45,0
73,36425,4.0,EDUCATION,D,11572,15.34,0.3177,N,45,1
72,68787,13.0,DEBTCONSOLIDATION,A,10172,6.19,0.1479,Y,45,1
67,136539,3.0,DEBTCONSOLIDATION,C,9266,13.39,0.0679,N,45,0
43,63540,4.0,PERSONAL,F,12754,24.69,0.2007,N,23,0
28,66936,2.0,VENTURE,A,5138,6.4,0.0768,Y,10,0
53,70946,1.0,MEDICAL,A,10404,7.42,0.1466,Y,31,0
30,21948,2.0,MEDICAL,A,18879,6.34,0.8602,N,10,0
44,63140,7.0,PERSONAL,A,10870,7.95,0.1722,Y,26,0
55,28023,10.0,MEDICAL,A,5048,7.93,0.1801,N,34,0
71,35438,4.0,HOMEIMPROVEMENT,C,4993,13.54,0.1409,N,45,0
34,160985,5.0,PERSONAL,B,24715,9.45,0.1535,N,16,0
32,42646,5.0,MEDICAL,A,9100,5.56,0.2134,N,11,0
59,32627,2.0,VENTURE,B,3640,9.66,0.1116,Y,42,1
18,92403,6.0,PERSONAL,B,4927,10.09,0.0533,N,1,0
50,29108,8.0,DEBTCONSOLIDATION,C,3079,12.54,0.1058,N,28,0
60,38327,5.0,VENTURE,A,3150,5.98,0.0822,N,38,0
49,97438,4.0,VENTURE,A,12180,5.93,0.125,N,30,0
39,50187,5.0,MEDICAL,A,6587,7.35,0.1312,N,17,0
65,20767,3.0,PERSONAL,A,4194,7.93,0.202,Y,44,1
39,66117,6.0,DEBTCONSOLIDATION,D,23546,16.03,0.3561,N,17,0
58,39416,8.0,PERSONAL,A,8089,7.51,0.2052,N,39,0
44,114338,5.0,HOMEIMPROVEMENT,B,10075,9.13,0.0881,N,24,0
19,35122,7.0,PERSONAL,B,16604,8.82,0.4728,Y,1,1
48,87393,4.0,VENTURE,D,3457,15.4,0.0396,N,26,0
20,130174,6.0,MEDICAL,D,4013,14.98,0.0308,Y,3,1
71,30698,6.0,MEDICAL,C,10046,11.81,0.3273,N,45,0
52,44078,3.0,DEBTCONSOLIDATION,C,959,13.22,0.0218,N,29,0
39,60702,6.0,DEBTCONSOLIDATION,C,41055,12.06,0.6763,Y,21,1
45,30590,6.0,PERSONAL,E,12909,19.68,0.422,N,24,1
53,56877,6.0,DEBTCONSOLIDATION,A,9104,7.16,0.1601,N,36,0
32,43316,2.0,PERSONAL,B,13774,8.5,0.318,Y,15,1
34,42839,4.0,VENTURE,C,15630,14.23,0.3649,N,15,0
41,50358,5.0,HOMEIMPROVEMENT,C,12447,11.8,0.2472,N,24,0
32,50980,6.0,EDUCATION,F,17537,21.19,0.344,N,15,0
61,53644,10.0,VENTURE,C,22351,14.17,0.4167,Y,43,1
23,35264,2.0,VENTURE,C,33410,12.16,0.9474,N,5,0
65,36121,4.0,MEDICAL,A,5499,6.8,0.1522,N,45,0
37,45925,9.0,HOMEIMPROVEMENT,E,4122,19.49,0.0898,N,20,0
49,47828,7.0,VENTURE,B,4116,8.76,0.0861,N,29,0
26,38508,2.0,HOMEIMPROVEMENT,C,11429,11.98,0.2968,N,6,0
39,58581,3.0,PERSONAL,B,2733,9.62,0.0467,N,18,0
61,18067,5.0,PERSONAL,C,3699,12.88,0.2047,N,40,0
33,32801,4.0,MEDICAL,B,14287,10.39,0.4356,N,12,0
25,42025,6.0,HOMEIMPROVEMENT,B,7026,10.86,0.1672,N,7,0
47,30611,1.0,HOMEIMPROVEMENT,B,8921,10.05,0.2914,N,25,0
27,120097,7.0,MEDICAL,D,30230,15.0,0.2517,Y,9,0
35,49531,1.0,HOMEIMPROVEMENT,C,20008,13.47,0.4039,N,16,1
43,54026,5.0,DEBTCONSOLIDATION,B,11650,10.08,0.2156,Y,25,1
50,37579,2.0,MEDICAL,B,4719,10.11,0.1256,Y,27,1
54,48597,1.0,PERSONAL,B,8590,10.78,0.1768,N,33,0
56,25124,5.0,VENTURE,D,5320,17.2,0.2117,N,35,0
66,44649,4.0,EDUCATION,B,8111,9.56,0.1817,N,45,0
21,29279,6.0,EDUCATION,B,5105,10.5,0.1744,N,3,0
38,42084,4.0,DEBTCONSOLIDATION,A,10304,7.73,0.2448,N,20,0
18,12000,3.0,DEBTCONSOLIDATION,A,7794,5.86,0.6495,N,1,0
18,26359,5.0,VENTURE,D,5064,16.23,0.1921,Y,1,1
30,109662,7.0,EDUCATION,D,4012,17.32,0.0366,N,8,0
52,77398,7.0,EDUCATION,B,30049,10.76,0.3882,Y,30,1
68,101262,3.0,PERSONAL,A,5847,5.11,0.0577,Y,45,0
62,105160,7.0,PERSONAL,D,20141,15.76,0.1915,Y,41,1
54,70979,3.0,PERSONAL,E,8825,18.69,0.1243,N,33,1
62,38212,5.0,VENTURE,C,10269,14.15,0.2687,N,44,0
27,27708,9.0,PERSONAL,B,10375,9.81,0.3744,Y,7,0
65,92107,2.0,PERSONAL,B,7802,8.82,0.0847,N,45,0
68,50792,5.0,DEBTCONSOLIDATION,D,9530,16.49,0.1876,N,45,0
23,193244,3.0,VENTURE,A,14092,8.36,0.0729,N,1,0
44,40102,8.0,VENTURE,A,3919,7.03,0.0977,Y,25,1
65,145087,7.0,MEDICAL,E,8396,17.97,0.0579,N,45,0
45,44970,1.0,DEBTCONSOLIDATION,C,9772,14.09,0.2173,Y,26,1
65,102214,4.0,VENTURE,C,15168,12.3,0.1484,N,43,0
71,124639,1.0,PERSONAL,A,7159,5.72,0.0574,N,45,0
45,27927,3.0,MEDICAL,C,8292,14.04,0.2969,N,27,0
21,37543,4.0,MEDICAL,C,16531,13.73,0.4403,N,3,0
37,27774,4.0,DEBTCONSOLIDATION,B,3080,11.1,0.1109,N,16,0
30,24922,5.0,MEDICAL,C,20995,13.51,0.8424,N,9,1
45,70748,5.0,HOMEIMPROVEMENT,E,5273,19.99,0.0745,N,27,0
51,43996,9.0,HOMEIMPROVEMENT,E,20040,18.78,0.4555,Y,32,1
44,50453,6.0,PERSONAL,A,23057,5.55,0.457,N,23,1
29,66564,2.0,DEBTCONSOLIDATION,A,7488,5.34,0.1125,N,6,0
35,17649,11.0,MEDICAL,B,19294,9.18,1.0932,N,14,0
56,99480,6.0,HOMEIMPROVEMENT,C,7430,11.82,0.0747,N,33,0
19,40457,11.0,VENTURE,E,5781,20.37,0.1429,N,1,0
30,65697,2.0,MEDICAL,C,12589,13.12,0.1916,N,8,0
68,68967,4.0,EDUCATION,D,17736,15.91,0.2572,N,45,0
23,104186,4.0,PERSONAL,C,4894,12.64,0.047,Y,3,0
41,46273,3.0,VENTURE,B,2844,10.73,0.0615,N,18,0
29,15244,3.0,PERSONAL,B,11099,8.67,0.7281,Y,9,1
23,50585,7.0,EDUCATION,C,30453,11.83,0.602,N,2,0
42,54742,5.0,MEDICAL,C,9493,14.33,0.1734,N,22,0
47,27754,2.0,PERSONAL,B,23877,8.88,0.8603,N,30,0
28,53163,8.0,MEDICAL,B,20870,9.12,0.3926,N,6,0
22,40192,6.0,EDUCATION,A,18074,5.47,0.4497,N,1,0
25,23423,7.0,EDUCATION,A,8652,5.45,0.3694,Y,6,1
55,70920,5.0,VENTURE,A,6140,7.51,0.0866,N,32,0
67,35952,8.0,EDUCATION,C,10708,13.9,0.2978,N,44,0
28,39202,5.0,PERSONAL,B,4326,10.32,0.1104,N,9,0
36,38009,7.0,PERSONAL,D,17479,15.72,0.4599,N,15,1
37,96713,1.0,PERSONAL,A,7368,5.83,0.0762,Y,14,0
38,47929,6.0,PERSONAL,F,8736,21.48,0.1823,N,17,0
31,51200,4.0,VENTURE,B,8520,10.39,0.1664,N,12,0
21,38470,8.0,MEDICAL,D,5649,16.62,0.1468,N,1,0
47,63232,6.0,PERSONAL,A,6661,8.15,0.1053,N,28,0
38,102962,6.0,MEDICAL,B,12697,10.12,0.1233,N,15,0
37,70005,5.0,HOMEIMPROVEMENT,A,4388,6.05,0.0627,N,16,0
33,71523,1.0,MEDICAL,B,4513,9.21,0.0631,N,12,0
70,68420,3.0,DEBTCONSOLIDATION,B,5314,10.46,0.0777,N,45,0
52,22945,6.0,PERSONAL,B,10184,8.55,0.4438,N,33,0
41,30276,7.0,VENTURE,E,3147,19.76,0.1039,N,19,0
29,43794,3.0,MEDICAL,D,5885,17.34,0.1344,Y,7,1
63,32885,5.0,MEDICAL,A,1914,8.31,0.0582,N,45,0
68,27296,7.0,MEDICAL,B,3154,10.19,0.1155,N,45,0
19,17506,2.0,MEDICAL,B,7257,9.9,0.4145,Y,1,1
70,23374,5.0,DEBTCONSOLIDATION,E,12110,18.44,0.5181,Y,45,1
57,42570,11.0,EDUCATION,C,10399,12.42,0.2443,N,37,0
23,47184,6.0,VENTURE,E,9620,18.63,0.2039,N,3,1
60,31692,6.0,EDUCATION,B,6551,10.41,0.2067,N,39,0
24,51195,3.0,EDUCATION,C,22378,11.97,0.4371,N,5,1
20,38614,9.0,MEDICAL,A,7009,5.38,0.1815,N,3,0
24,89305,6.0,VENTURE,A,3511,8.21,0.0393,N,7,0
44,44851,10.0,DEBTCONSOLIDATION,C,25734,12.25,0.5738,N,23,0
53,71896,4.0,VENTURE,C,5248,13.16,0.073,N,31,0
41,54817,2.0,VENTURE,E,8001,17.85,0.146,N,20,0
24,22671,5.0,MEDICAL,C,19377,12.27,0.8547,N,7,0
29,46636,2.0,EDUCATION,A,6183,6.69,0.1326,N,10,0
66,24844,5.0,VENTURE,B,21352,9.56,0.8594,Y,45,1
72,46190,4.0,EDUCATION,A,10666,5.68,0.2309,N,45,0
60,32538,5.0,DEBTCONSOLIDATION,C,14015,12.92,0.4307,N,43,1
23,60480,4.0,HOMEIMPROVEMENT,A,11571,5.59,0.1913,N,1,0
64,23428,6.0,PERSONAL,B,8215,9.03,0.3506,N,45,0
57,49418,6.0,PERSONAL,A,29282,6.76,0.5925,N,39,1
47,67159,7.0,MEDICAL,C,16713,12.5,0.2489,N,30,0
26,80755,7.0,EDUCATION,C,2892,13.34,0.0358,N,4,0
74,32199,3.0,EDUCATION,A,7137,6.12,0.2217,N,45,0
43,49501,6.0,EDUCATION,A,16998,6.27,0.3434,N,22,0
20,54245,6.0,HOMEIMPROVEMENT,B,1868,9.44,0.0344,N,1,0
29,114796,3.0,PERSONAL,F,5507,23.5,0.048,N,11,0
40,21704,4.0,DEBTCONSOLIDATION,D,20779,15.44,0.9574,N,22,1
21,29699,9.0,VENTURE,B,12282,10.93,0.4135,N,1,0
36,229223,5.0,HOMEIMPROVEMENT,D,6802,16.01,0.0297,N,16,0
44,42184,3.0,PERSONAL,A,16226,6.43,0.3846,N,23,0
72,17325,5.0,PERSONAL,A,45167,5.22,2.607,N,45,0
22,35582,8.0,EDUCATION,C,5119,13.52,0.1439,N,4,0
50,12000,8.0,DEBTCONSOLIDATION,E,4178,20.29,0.3482,N,29,0
70,55966,7.0,HOMEIMPROVEMENT,A,32976,8.16,0.5892,N,45,0
63,76525,9.0,EDUCATION,D,20044,15.42,0.2619,N,42,0
70,29690,8.0,EDUCATION,A,8082,6.69,0.2722,N,45,0
27,37839,3.0,MEDICAL,B,10297,10.05,0.2721,N,7,0
63,81471,10.0,EDUCATION,D,17887,15.79,0.2196,N,45,0
73,18720,4.0,DEBTCONSOLIDATION,B,17907,8.99,0.9566,N,45,0
36,23697,5.0,VENTURE,C,18770,13.91,0.7921,N,16,1
46,43240,5.0,MEDICAL,B,5579,9.79,0.129,N,28,0
48,32409,5.0,PERSONAL,C,8218,14.36,0.2536,N,25,0
46,41704,2.0,PERSONAL,D,38660,16.89,0.927,Y,27,1
34,24463,5.0,MEDICAL,A,15629,5.35,0.6389,N,15,0
73,55153,5.0,HOMEIMPROVEMENT,A,31868,7.66,0.5778,N,45,0
72,45157,5.0,VENTURE,A,11360,5.3,0.2516,Y,45,1
39,66307,4.0,HOMEIMPROVEMENT,B,6932,9.47,0.1045,Y,20,1
63,54732,5.0,HOMEIMPROVEMENT,A,5094,6.75,0.0931,N,45,0
40,54922,8.0,HOMEIMPROVEMENT,B,7406,8.92,0.1348,N,19,0
63,22126,2.0,VENTURE,A,23304,8.33,1.0532,N,44,1
51,64274,5.0,HOMEIMPROVEMENT,F,10668,21.14,0.166,N,28,0
44,40864,9.0,EDUCATION,D,3579,17.34,0.0876,N,24,0
25,44728,4.0,PERSONAL,B,4984,8.73,0.1114,N,2,0
55,87251,6.0,HOMEIMPROVEMENT,E,50000,18.92,0.5731,N,37,1
36,33001,2.0,EDUCATION,E,5492,18.37,0.1664,Y,17,1
30,103068,3.0,EDUCATION,C,11913,13.87,0.1156,N,10,0
29,108495,6.0,MEDICAL,B,18495,11.36,0.1705,N,10,0
73,74163,5.0,MEDICAL,D,7966,15.88,0.1074,N,45,0
23,28585,6.0,PERSONAL,A,1876,6.96,0.0656,N,1,0
63,14728,6.0,VENTURE,B,4185,11.2,0.2842,N,42,0
67,88730,3.0,EDUCATION,C,5089,12.39,0.0574,N,45,0
19,52117,6.0,PERSONAL,A,3644,7.69,0.0699,N,1,0
51,32537,3.0,DEBTCONSOLIDATION,A,26865,5.05,0.8257,N,30,0
50,93475,5.0,EDUCATION,C,17322,11.9,0.1853,N,29,0
38,30520,6.0,EDUCATION,A,23582,7.2,0.7727,N,18,0
56,38820,4.0,PERSONAL,D,5282,15.82,0.1361,N,39,0
41,65426,4.0,DEBTCONSOLIDATION,D,8382,15.11,0.1281,N,24,0
43,26569,2.0,PERSONAL,B,20266,9.17,0.7628,N,26,1
42,46156,3.0,PERSONAL,A,2871,5.23,0.0622,N,25,0
63,89234,6.0,EDUCATION,B,35934,8.92,0.4027,Y,40,1
54,55056,2.0,PERSONAL,C,22190,13.87,0.403,N,34,1
39,97351,4.0,PERSONAL,A,13255,8.4,0.1362,Y,17,0
70,91443,2.0,EDUCATION,B,6401,8.91,0.07,N,45,0
63,49229,5.0,MEDICAL,A,3911,6.24,0.0794,N,42,0
71,13558,4.0,DEBTCONSOLIDATION,C,15837,12.36,1.1681,N,45,0
59,26684,4.0,MEDICAL,D,28726,16.87,1.0765,N,41,1
40,74595,6.0,HOMEIMPROVEMENT,E,12827,20.59,0.172,N,17,0
62,20897,6.0,DEBTCONSOLIDATION,A,15519,5.53,0.7426,N,42,1
36,40958,8.0,HOMEIMPROVEMENT,A,15815,6.04,0.3861,N,13,0
33,59051,10.0,HOMEIMPROVEMENT,C,11211,13.89,0.1899,N,14,0
43,110003,10.0,HOMEIMPROVEMENT,A,14074,7.9,0.1279,N,25,0
73,35729,3.0,PERSONAL,B,28948,10.58,0.8102,N,45,0
50,34409,8.0,PERSONAL,C,14786,13.01,0.4297,N,27,0
39,47626,5.0,EDUCATION,B,10913,8.75,0.2291,Y,16,1
44,59456,2.0,VENTURE,B,5663,10.98,0.0952,N,27,0
34,45033,7.0,EDUCATION,B,17690,9.43,0.3928,N,16,0
55,87299,5.0,MEDICAL,B,10520,10.74,0.1205,N,34,0
37,31586,5.0,HOMEIMPROVEMENT,B,10639,10.51,0.3368,N,17,0
49,52369,5.0,PERSONAL,D,14652,17.37,0.2798,N,31,1
39,62621,6.0,HOMEIMPROVEMENT,D,10091,15.25,0.1611,N,21,0
36,39335,4.0,MEDICAL,C,12976,12.67,0.3299,N,18,0
73,77795,6.0,MEDICAL,B,11351,10.17,0.1459,N,45,0
37,53206,1.0,EDUCATION,B,7749,9.27,0.1456,N,17,0
22,75649,5.0,PERSONAL,C,18428,14.5,0.2436,N,2,0
39,54543,5.0,MEDICAL,B,1617,9.49,0.0296,N,21,0
48,60296,3.0,HOMEIMPROVEMENT,A,14947,7.42,0.2479,N,25,0
23,34619,6.0,HOMEIMPROVEMENT,C,4848,11.51,0.14,N,1,0
35,34650,6.0,HOMEIMPROVEMENT,A,22144,6.78,0.6391,N,18,0
27,96126,7.0,EDUCATION,F,2744,21.05,0.0285,N,9,0
46,69531,7.0,VENTURE,B,6823,10.94,0.0981,N,23,0
59,27927,5.0,MEDICAL,A,13109,6.48,0.4694,N,36,0
73,54147,9.0,PERSONAL,C,8985,13.1,0.1659,N,45,0
40,13285,5.0,MEDICAL,C,6013,13.11,0.4526,N,18,1
67,35750,5.0,PERSONAL,C,21341,11.9,0.597,N,45,1
30,83163,7.0,HOMEIMPROVEMENT,A,3936,5.31,0.0473,N,10,0
62,45760,2.0,DEBTCONSOLIDATION,B,10614,10.35,0.2319,N,40,0
50,52305,3.0,DEBTCONSOLIDATION,C,6376,12.65,0.1219,N,32,0
61,12000,2.0,EDUCATION,D,16922,15.45,1.4102,N,43,1
61,39508,6.0,VENTURE,B,6605,11.33,0.1672,N,39,0
48,59044,3.0,HOMEIMPROVEMENT,A,9937,5.37,0.1683,N,28,0
32,63317,14.0,VENTURE,B,8002,9.3,0.1264,N,11,0
47,83224,3.0,PERSONAL,C,9465,12.89,0.1137,N,25,0
65,43667,3.0,MEDICAL,A,10990,5.15,0.2517,N,45,0
73,44751,8.0,MEDICAL,E,10187,19.3,0.2276,N,45,0
70,23560,7.0,HOMEIMPROVEMENT,A,9493,7.67,0.4029,N,45,0
28,43805,2.0,HOMEIMPROVEMENT,A,6071,7.57,0.1386,N,5,0
52,24492,2.0,VENTURE,A,11659,6.88,0.476,N,29,0
23,17741,3.0,PERSONAL,A,4339,8.39,0.2446,N,2,0
56,26988,5.0,MEDICAL,D,12862,14.63,0.4766,N,35,0
74,112395,5.0,DEBTCONSOLIDATION,C,9790,14.17,0.0871,N,45,0
20,42242,4.0,PERSONAL,A,2064,6.28,0.0489,N,1,0
55,55322,7.0,HOMEIMPROVEMENT,E,11329,19.44,0.2048,N,37,0
71,36959,3.0,PERSONAL,C,32492,11.94,0.8791,Y,45,1
66,18309,7.0,DEBTCONSOLIDATION,B,9239,9.47,0.5046,N,45,0
40,82031,6.0,DEBTCONSOLIDATION,A,11225,6.74,0.1368,N,22,0
23,14843,10.0,DEBTCONSOLIDATION,D,6001,15.2,0.4043,N,4,1
70,36129,5.0,EDUCATION,C,50000,12.45,1.3839,N,45,0
70,47570,3.0,HOMEIMPROVEMENT,A,47616,5.56,1.001,N,45,0
51,55646,5.0,EDUCATION,B,33323,8.74,0.5988,N,33,0
73,32874,4.0,PERSONAL,A,43020,6.76,1.3086,N,45,0
18,17838,5.0,MEDICAL,A,5340,8.33,0.2994,Y,1,1
53,31552,2.0,HOMEIMPROVEMENT,A,4070,7.11,0.129,Y,31,0
20,32473,4.0,PERSONAL,B,50000,8.71,1.5397,N,1,1
71,32041,3.0,MEDICAL,D,8842,16.33,0.276,N,45,0
56,83577,2.0,VENTURE,C,5542,12.08,0.0663,N,36,0
70,25147,5.0,HOMEIMPROVEMENT,C,13691,13.33,0.5444,N,45,1
50,57845,2.0,EDUCATION,A,4525,5.47,0.0782,N,27,0
22,53480,2.0,PERSONAL,A,11909,6.29,0.2227,N,1,0
19,83137,5.0,PERSONAL,B,5551,10.23,0.0668,N,1,0
37,45559,2.0,VENTURE,E,18656,17.86,0.4095,N,19,1
60,75744,6.0,VENTURE,C,5371,13.57,0.0709,N,42,0
26,44590,7.0,EDUCATION,A,4317,6.03,0.0968,N,3,0
66,62250,7.0,MEDICAL,A,5126,6.23,0.0823,N,45,0
31,21447,9.0,EDUCATION,A,12523,7.52,0.5839,N,10,0
46,12000,6.0,PERSONAL,A,6423,6.1,0.5352,N,26,0
29,60333,1.0,PERSONAL,C,18316,11.55,0.3036,N,9,0
44,62140,2.0,MEDICAL,A,9677,5.29,0.1557,N,22,0
43,63673,12.0,DEBTCONSOLIDATION,A,15212,8.12,0.2389,N,20,0
18,36727,4.0,MEDICAL,C,5110,13.46,0.1391,N,1,0
50,111229,8.0,MEDICAL,A,8823,7.08,0.0793,N,31,0
62,38065,5.0,HOMEIMPROVEMENT,A,9697,7.92,0.2547,N,45,0
71,61789,6.0,MEDICAL,E,5616,20.93,0.0909,Y,45,1
36,67985,5.0,PERSONAL,D,6985,15.97,0.1027,N,16,0
68,126160,6.0,EDUCATION,D,13095,16.86,0.1038,N,45,0
68,41176,6.0,PERSONAL,A,3018,5.52,0.0733,Y,45,0
74,34226,9.0,DEBTCONSOLIDATION,F,7231,22.49,0.2113,N,45,0
39,21504,7.0,DEBTCONSOLIDATION,B,9067,9.8,0.4216,N,21,0
66,115128,7.0,EDUCATION,A,3993,6.24,0.0347,N,45,0
50,61807,3.0,MEDICAL,B,2327,9.62,0.0376,N,29,0
21,62892,2.0,PERSONAL,A,9359,6.39,0.1488,N,1,0
33,272171,5.0,EDUCATION,B,4913,10.42,0.0181,N,16,0
56,58616,8.0,PERSONAL,A,2978,5.01,0.0508,Y,34,0
27,23949,6.0,PERSONAL,A,5503,6.19,0.2298,N,6,0
42,44013,11.0,VENTURE,A,11777,7.38,0.2676,N,20,0
62,28677,5.0,MEDICAL,A,13020,7.07,0.454,N,40,1
26,39429,2.0,VENTURE,B,8345,9.83,0.2116,N,8,0
46,39284,6.0,DEBTCONSOLIDATION,E,21825,18.07,0.5556,N,29,1
30,35494,6.0,DEBTCONSOLIDATION,A,15803,6.52,0.4452,N,11,0
48,22781,2.0,PERSONAL,D,4212,16.58,0.1849,N,29,0
31,117697,6.0,EDUCATION,D,6500,16.21,0.0552,N,10,0
73,57778,5.0,DEBTCONSOLIDATION,C,2222,12.21,0.0385,N,45,0
22,43303,6.0,DEBTCONSOLIDATION,B,25431,9.85,0.5873,N,3,0
72,74362,8.0,HOMEIMPROVEMENT,B,7040,9.73,0.0947,N,45,0
63,63518,5.0,EDUCATION,E,45330,17.79,0.7137,N,43,1
66,57046,5.0,MEDICAL,E,7182,17.91,0.1259,N,45,0
66,71449,3.0,EDUCATION,C,8568,12.08,0.1199,N,45,0
28,52768,5.0,EDUCATION,D,14713,17.25,0.2788,N,7,0
71,70871,1.0,EDUCATION,D,34212,16.64,0.4827,Y,45,1
51,74177,8.0,VENTURE,C,38239,12.18,0.5155,Y,32,1
72,53610,8.0,VENTURE,A,9889,8.27,0.1845,N,45,0
68,43424,8.0,MEDICAL,B,9298,10.67,0.2141,Y,45,1
51,113745,3.0,DEBTCONSOLIDATION,A,6499,7.4,0.0571,N,30,0
39,37690,11.0,HOMEIMPROVEMENT,C,36372,14.43,0.965,N,20,1
24,60792,4.0,MEDICAL,B,15800,9.83,0.2599,N,5,0
23,61552,8.0,HOMEIMPROVEMENT,C,6392,13.07,0.1038,N,1,0
40,35057,2.0,EDUCATION,B,19088,10.54,0.5445,N,23,0
64,31435,10.0,EDUCATION,A,15770,8.26,0.5017,Y,42,1
46,40351,9.0,PERSONAL,E,6096,20.56,0.1511,N,29,0
45,37394,7.0,DEBTCONSOLIDATION,B,6840,10.53,0.1829,Y,27,1
31,21983,6.0,EDUCATION,A,4345,8.05,0.1977,N,10,0
50,34258,4.0,PERSONAL,B,22056,9.54,0.6438,Y,27,1
54,56750,8.0,HOMEIMPROVEMENT,A,6743,6.85,0.1188,N,33,0
73,98348,5.0,DEBTCONSOLIDATION,A,4215,7.67,0.0429,N,45,0
59,66497,3.0,HOMEIMPROVEMENT,A,27645,5.09,0.4157,N,41,0
52,12000,3.0,EDUCATION,F,12336,24.07,1.028,N,35,1
69,69753,5.0,DEBTCONSOLIDATION,D,2180,16.26,0.0313,N,45,0
42,36062,3.0,EDUCATION,D,16176,16.59,0.4486,N,21,1
71,62893,9.0,EDUCATION,B,2516,11.12,0.04,N,45,0
39,48641,6.0,PERSONAL,B,5544,9.85,0.114,N,20,0
25,44091,4.0,PERSONAL,A,13430,5.92,0.3046,N,2,0
41,46340,5.0,MEDICAL,B,13157,11.39,0.2839,N,23,0
25,48419,2.0,HOMEIMPROVEMENT,C,5733,14.27,0.1184,Y,4,0
24,102685,4.0,VENTURE,D,3865,15.61,0.0376,Y,4,1
68,48493,5.0,MEDICAL,D,34549,14.62,0.7125,N,45,0
63,89058,6.0,VENTURE,D,27912,15.62,0.3134,Y,41,1
30,82203,4.0,DEBTCONSOLIDATION,E,7995,17.89,0.0973,N,7,0
65,70747,3.0,EDUCATION,E,9420,17.54,0.1332,N,43,0
21,18349,6.0,MEDICAL,A,5852,6.66,0.3189,N,1,0
34,90594,3.0,DEBTCONSOLIDATION,A,7937,5.94,0.0876,N,12,0
58,38107,2.0,EDUCATION,B,9753,9.92,0.2559,N,41,0
35,72667,6.0,PERSONAL,A,16584,6.84,0.2282,N,14,0
59,28713,3.0,EDUCATION,D,2985,16.29,0.104,N,36,0
67,25545,7.0,VENTURE,B,12900,9.03,0.505,Y,45,1
21,145366,3.0,PERSONAL,A,28735,7.21,0.1977,N,1,0
19,28959,7.0,PERSONAL,B,7566,10.86,0.2613,N,1,0
71,92074,2.0,MEDICAL,C,4805,13.14,0.0522,N,45,0
47,52319,2.0,EDUCATION,B,20813,11.35,0.3978,N,26,0
46,38907,1.0,DEBTCONSOLIDATION,B,4459,10.01,0.1146,N,28,0
44,47826,3.0,MEDICAL,B,3826,11.48,0.08,N,22,0
42,23966,7.0,DEBTCONSOLIDATION,A,2654,6.88,0.1107,N,25,0
57,48651,3.0,EDUCATION,B,13656,10.93,0.2807,N,36,0
51,27024,5.0,MEDICAL,C,3954,14.28,0.1463,N,31,0
27,39438,7.0,MEDICAL,E,2927,18.09,0.0742,N,10,0
53,81545,5.0,PERSONAL,A,10585,7.72,0.1298,N,35,0
56,56376,4.0,PERSONAL,F,4503,24.29,0.0799,N,35,0
24,21694,2.0,EDUCATION,B,14608,9.06,0.6734,N,6,1
39,78301,3.0,PERSONAL,D,13725,15.87,0.1753,N,19,0
63,48829,4.0,HOMEIMPROVEMENT,C,10117,13.79,0.2072,N,44,0
53,36380,1.0,HOMEIMPROVEMENT,D,5538,14.82,0.1522,N,32,0
25,73915,4.0,EDUCATION,A,16874,5.96,0.2283,N,4,0
20,44713,6.0,PERSONAL,A,3525,5.58,0.0788,Y,1,1
51,25819,0.0,PERSONAL,A,21381,5.96,0.8281,Y,29,1
44,135441,3.0,MEDICAL,A,8114,6.78,0.0599,N,22,0
72,48556,1.0,MEDICAL,C,8946,12.01,0.1842,N,45,0
47,46874,7.0,DEBTCONSOLIDATION,B,12403,9.18,0.2646,N,29,0
71,39229,9.0,DEBTCONSOLIDATION,C,23705,12.11,0.6043,N,45,1
30,93805,7.0,DEBTCONSOLIDATION,F,11871,24.62,0.1265,N,11,1
43,36728,6.0,VENTURE,A,6976,6.35,0.1899,N,24,0
25,20957,3.0,HOMEIMPROVEMENT,A,14471,6.57,0.6905,N,2,0
50,33749,7.0,HOMEIMPROVEMENT,A,21273,5.41,0.6303,N,28,0
28,101694,8.0,EDUCATION,C,19722,13.23,0.1939,N,11,0
46,77472,4.0,VENTURE,A,11184,5.66,0.1444,Y,23,0
37,42605,3.0,MEDICAL,B,11398,10.17,0.2675,N,20,0
28,104327,7.0,MEDICAL,B,12753,10.13,0.1222,Y,11,0
23,73966,9.0,MEDICAL,A,17564,6.83,0.2375,N,6,0
47,42335,3.0,EDUCATION,E,8838,19.03,0.2088,N,29,0
71,44745,3.0,HOMEIMPROVEMENT,E,10977,18.03,0.2453,N,45,0
29,58754,3.0,PERSONAL,D,10757,15.55,0.1831,N,9,0
41,31022,8.0,EDUCATION,B,3643,9.62,0.1174,N,20,0
30,49142,4.0,HOMEIMPROVEMENT,C,6321,13.7,0.1286,N,11,0
64,58086,7.0,DEBTCONSOLIDATION,A,19729,8.46,0.3397,N,45,0
41,19383,4.0,DEBTCONSOLIDATION,D,38830,16.64,2.0033,N,24,1
73,44173,2.0,DEBTCONSOLIDATION,A,10334,6.57,0.2339,N,45,0
31,41494,5.0,PERSONAL,C,9037,12.37,0.2178,N,10,0
22,86287,2.0,MEDICAL,A,6687,5.61,0.0775,N,1,0
51,17774,6.0,PERSONAL,D,1814,14.93,0.1021,N,33,0
55,39742,7.0,MEDICAL,B,29283,8.95,0.7368,N,33,1
74,37610,8.0,HOMEIMPROVEMENT,A,5676,6.99,0.1509,N,45,0
67,83119,4.0,DEBTCONSOLIDATION,A,3076,6.79,0.037,N,45,0
68,47860,7.0,DEBTCONSOLIDATION,A,12168,7.92,0.2542,N,45,0
54,131643,2.0,MEDICAL,E,9841,18.99,0.0748,N,36,0
38,70559,4.0,EDUCATION,A,44026,6.17,0.624,N,18,0
42,39119,9.0,EDUCATION,B,13895,8.54,0.3552,N,24,0
25,55927,6.0,MEDICAL,A,30029,5.82,0.5369,N,8,0
42,40346,3.0,PERSONAL,C,16346,14.21,0.4051,N,23,1
38,78642,9.0,EDUCATION,D,6517,14.98,0.0829,N,15,0
20,23559,5.0,PERSONAL,E,50000,18.02,2.1223,N,3,1
29,31162,3.0,PERSONAL,B,31001,9.96,0.9948,N,8,0
48,62983,3.0,DEBTCONSOLIDATION,B,14837,9.88,0.2356,N,27,0
39,96198,8.0,EDUCATION,A,21671,5.73,0.2253,N,21,0
74,14602,7.0,MEDICAL,C,12697,12.2,0.8695,N,45,0
45,104397,6.0,VENTURE,F,11690,24.49,0.112,N,24,0
72,45384,5.0,MEDICAL,B,14013,11.38,0.3088,N,45,0
55,17393,6.0,DEBTCONSOLIDATION,C,43436,12.26,2.4973,N,35,1
20,12000,6.0,DEBTCONSOLIDATION,D,23610,14.97,1.9675,N,3,1
29,21138,7.0,EDUCATION,D,9904,14.6,0.4685,N,8,1
58,48492,5.0,MEDICAL,C,11651,14.41,0.2403,N,40,0
49,47275,10.0,PERSONAL,B,3316,9.68,0.0701,N,28,0
35,69442,4.0,DEBTCONSOLIDATION,C,10975,13.82,0.158,N,18,0
47,36235,5.0,PERSONAL,A,15382,6.76,0.4245,N,30,0
69,26650,7.0,HOMEIMPROVEMENT,E,13286,19.05,0.4985,N,45,1
40,39057,2.0,HOMEIMPROVEMENT,A,11474,8.48,0.2938,N,19,0
20,49935,6.0,DEBTCONSOLIDATION,A,6240,5.94,0.125,N,1,0
35,55654,2.0,VENTURE,C,18748,13.89,0.3369,N,12,0
71,31759,5.0,MEDICAL,B,20312,10.81,0.6396,N,45,1
61,80482,4.0,VENTURE,A,10536,6.58,0.1309,Y,39,0
65,34829,6.0,PERSONAL,C,10554,13.79,0.303,N,45,0
69,30383,4.0,PERSONAL,C,9758,13.86,0.3212,N,45,0
24,36376,5.0,HOMEIMPROVEMENT,B,12375,9.04,0.3402,N,1,0
34,88535,7.0,MEDICAL,C,14373,11.67,0.1623,N,16,0
21,45568,3.0,DEBTCONSOLIDATION,A,3112,6.37,0.0683,N,1,0
18,33457,4.0,EDUCATION,E,7131,18.66,0.2131,N,1,0
65,81581,6.0,EDUCATION,F,4060,22.9,0.0498,N,43,0
71,159294,3.0,MEDICAL,C,6760,12.07,0.0424,N,45,0
26,55013,12.0,PERSONAL,C,23307,12.33,0.4237,N,6,0
59,96626,4.0,HOMEIMPROVEMENT,C,4941,13.67,0.0511,Y,41,0
48,86668,4.0,PERSONAL,D,3237,15.8,0.0373,N,27,0
21,35133,4.0,MEDICAL,A,3893,7.94,0.1108,N,1,0
70,49744,8.0,PERSONAL,B,11937,10.94,0.24,N,45,0
67,24211,4.0,EDUCATION,B,16322,8.55,0.6742,N,45,0
50,43795,4.0,MEDICAL,A,10052,6.83,0.2295,N,31,0
58,34738,7.0,MEDICAL,B,2293,8.77,0.066,Y,41,1
40,39277,4.0,DEBTCONSOLIDATION,D,6013,17.16,0.1531,N,18,0
63,32453,3.0,VENTURE,A,31117,5.52,0.9588,N,44,0
43,41860,8.0,MEDICAL,A,10582,5.06,0.2528,N,23,0
74,65691,5.0,VENTURE,C,2296,12.11,0.035,N,45,0
21,45902,3.0,HOMEIMPROVEMENT,A,5546,6.81,0.1208,N,1,0
27,17581,5.0,DEBTCONSOLIDATION,A,2298,6.39,0.1307,N,7,0
73,32520,3.0,PERSONAL,E,7034,18.59,0.2163,N,45,0
34,21254,5.0,VENTURE,B,10709,10.67,0.5039,N,14,1
35,56063,8.0,PERSONAL,A,8831,6.81,0.1575,N,12,0
63,64655,2.0,PERSONAL,B,7512,8.72,0.1162,N,43,0
28,56449,4.0,VENTURE,A,42559,7.58,0.7539,N,9,0
47,31790,2.0,MEDICAL,A,11549,6.26,0.3633,N,28,0
34,56149,5.0,HOMEIMPROVEMENT,C,7724,13.82,0.1376,N,12,0
29,37851,3.0,EDUCATION,A,17021,8.02,0.4497,N,7,1
72,26212,3.0,PERSONAL,E,17111,18.73,0.6528,N,45,0
29,73722,4.0,VENTURE,A,13203,7.58,0.1791,N,10,0
23,76873,7.0,MEDICAL,B,50000,9.56,0.6504,N,6,1
56,82610,6.0,EDUCATION,C,5860,12.36,0.0709,N,38,0
67,35080,1.0,MEDICAL,D,23995,16.39,0.684,N,45,1
25,93774,13.0,MEDICAL,A,22405,6.22,0.2389,N,2,0
58,37366,2.0,PERSONAL,C,3577,12.15,0.0957,Y,38,1
48,70222,4.0,HOMEIMPROVEMENT,C,14526,13.25,0.2069,N,28,0
65,37012,3.0,VENTURE,D,5051,14.93,0.1365,N,45,0
25,43339,4.0,PERSONAL,A,10463,5.02,0.2414,N,7,0
73,12943,1.0,MEDICAL,F,23629,21.82,1.8256,Y,45,1
53,41520,9.0,EDUCATION,A,10935,6.64,0.2634,N,31,0
66,51539,4.0,DEBTCONSOLIDATION,D,2137,15.79,0.0415,N,45,0
38,39123,5.0,MEDICAL,A,17237,7.38,0.4406,N,20,0
71,128785,2.0,PERSONAL,C,3298,14.4,0.0256,N,45,0
53,25864,3.0,VENTURE,B,7104,9.15,0.2747,Y,31,0
25,35955,8.0,EDUCATION,B,23503,8.56,0.6537,N,8,0
70,29801,4.0,DEBTCONSOLIDATION,B,4368,9.29,0.1466,N,45,0
63,35951,6.0,PERSONAL,C,14017,12.66,0.3899,N,44,0
35,86446,6.0,PERSONAL,B,5953,10.2,0.0689,N,12,0
49,110516,8.0,DEBTCONSOLIDATION,E,2034,20.48,0.0184,N,31,0
40,33341,2.0,DEBTCONSOLIDATION,A,5931,6.32,0.1779,N,23,0
48,32936,3.0,PERSONAL,A,6201,6.41,0.1883,Y,28,1
73,25940,0.0,EDUCATION,A,4007,5.71,0.1545,N,45,0
69,100554,3.0,DEBTCONSOLIDATION,E,10043,20.28,0.0999,N,45,0
30,90812,3.0,EDUCATION,C,10429,14.42,0.1148,N,12,0
73,46245,5.0,HOMEIMPROVEMENT,C,7313,12.58,0.1581,N,45,0
42,22746,7.0,MEDICAL,F,7461,22.6,0.328,N,22,0
58,23892,6.0,HOMEIMPROVEMENT,B,15908,8.71,0.6658,N,38,0
61,53843,6.0,VENTURE,B,3762,9.88,0.0699,N,42,0
45,66312,9.0,HOMEIMPROVEMENT,A,23160,6.27,0.3493,N,22,0
44,15734,2.0,EDUCATION,A,6337,7.76,0.4028,N,21,0
44,41080,2.0,DEBTCONSOLIDATION,B,7691,9.25,0.1872,N,22,0
67,119379,4.0,EDUCATION,A,5127,8.07,0.0429,N,45,0
40,43493,5.0,PERSONAL,D,4304,17.32,0.099,N,18,0
33,111223,5.0,HOMEIMPROVEMENT,B,20227,9.32,0.1819,N,14,0
38,70050,2.0,PERSONAL,D,5501,16.84,0.0785,Y,20,1
29,27001,4.0,PERSONAL,C,14251,12.01,0.5278,N,8,0
40,41732,9.0,VENTURE,C,13191,13.06,0.3161,Y,20,1
24,45670,5.0,HOMEIMPROVEMENT,C,8292,14.46,0.1816,N,6,0
23,29030,8.0,VENTURE,C,21787,13.14,0.7505,N,1,1
59,28755,2.0,EDUCATION,B,10620,9.7,0.3693,N,42,0
22,112276,7.0,PERSONAL,C,2123,12.33,0.0189,N,3,0
50,28636,4.0,EDUCATION,D,6293,15.03,0.2198,N,29,0
62,88711,10.0,VENTURE,C,50000,14.35,0.5636,N,43,0
59,38558,7.0,PERSONAL,C,10229,12.77,0.2653,N,39,0
43,48334,11.0,HOMEIMPROVEMENT,D,9342,16.6,0.1933,N,26,0
29,66770,2.0,DEBTCONSOLIDATION,A,20286,6.07,0.3038,N,9,0
71,35270,3.0,DEBTCONSOLIDATION,B,27537,11.36,0.7807,N,45,0
65,66993,2.0,MEDICAL,C,5091,12.41,0.076,N,43,0
52,15906,7.0,MEDICAL,A,10027,7.22,0.6304,N,32,0
22,62432,8.0,MEDICAL,C,9887,12.2,0.1584,N,3,0
20,12610,5.0,MEDICAL,C,3548,14.27,0.2814,N,1,0
35,43270,3.0,HOMEIMPROVEMENT,A,8531,6.27,0.1972,Y,12,1
26,78419,4.0,HOMEIMPROVEMENT,C,11553,12.1,0.1473,N,6,0
67,69027,7.0,EDUCATION,A,8592,5.66,0.1245,N,45,0
29,24001,2.0,PERSONAL,A,41281,7.34,1.72,Y,8,1
34,25762,6.0,MEDICAL,A,17181,7.67,0.6669,N,11,0
73,33564,3.0,PERSONAL,A,12613,6.02,0.3758,N,45,0
64,54307,2.0,VENTURE,D,10116,17.41,0.1863,N,41,1
30,16033,9.0,VENTURE,C,16950,14.15,1.0572,N,9,0
39,48665,6.0,VENTURE,A,8392,6.19,0.1724,N,22,0
47,58179,4.0,EDUCATION,E,3283,17.93,0.0564,N,24,0
55,41954,5.0,HOMEIMPROVEMENT,B,4133,9.01,0.0985,N,38,0
71,65442,3.0,EDUCATION,C,11834,14.06,0.1808,Y,45,1
67,55439,9.0,MEDICAL,C,24536,12.26,0.4426,N,45,0
73,36391,0.0,VENTURE,D,7269,15.42,0.1997,N,45,0
20,16900,5.0,EDUCATION,C,18870,12.59,1.1166,N,1,0
31,52753,3.0,DEBTCONSOLIDATION,C,13671,13.14,0.2592,N,9,0
50,29021,5.0,EDUCATION,A,22739,7.6,0.7835,N,28,0
20,35664,4.0,HOMEIMPROVEMENT,A,4476,5.84,0.1255,N,1,0
38,63800,10.0,DEBTCONSOLIDATION,A,4369,6.62,0.0685,N,18,0
26,106887,2.0,EDUCATION,B,34947,9.81,0.327,N,7,0
71,48005,4.0,PERSONAL,E,2890,17.9,0.0602,N,45,0
21,66485,3.0,EDUCATION,A,12983,7.0,0.1953,N,3,0
26,22148,5.0,HOMEIMPROVEMENT,E,30495,18.01,1.3769,N,9,1
29,56108,5.0,PERSONAL,A,13367,5.37,0.2382,N,10,0
26,47431,8.0,DEBTCONSOLIDATION,D,27295,17.4,0.5755,N,3,1
50,96382,6.0,MEDICAL,B,25676,9.51,0.2664,N,27,0
38,36415,5.0,HOMEIMPROVEMENT,B,17825,11.18,0.4895,N,21,1
70,42920,8.0,HOMEIMPROVEMENT,C,12880,13.22,0.3001,N,45,0
32,87758,5.0,HOMEIMPROVEMENT,D,4451,16.85,0.0507,N,9,0
48,46601,5.0,PERSONAL,A,3567,8.42,0.0765,N,26,0
55,26639,6.0,HOMEIMPROVEMENT,D,8485,17.01,0.3185,N,38,0
53,199465,9.0,VENTURE,F,2661,23.08,0.0133,Y,35,1
63,27086,7.0,VENTURE,B,15125,10.93,0.5584,N,42,0
29,47307,4.0,HOMEIMPROVEMENT,A,50000,7.91,1.0569,N,9,0
46,59318,6.0,MEDICAL,C,10212,13.1,0.1722,Y,25,0
63,56794,8.0,MEDICAL,A,12871,6.17,0.2266,Y,45,0
67,44162,5.0,MEDICAL,A,4214,5.85,0.0954,N,45,0
53,44284,5.0,HOMEIMPROVEMENT,C,9013,13.8,0.2035,N,33,0
55,43078,3.0,DEBTCONSOLIDATION,B,10373,11.32,0.2408,N,32,0
67,26535,8.0,MEDICAL,B,8323,9.29,0.3137,N,45,0
53,159950,6.0,EDUCATION,E,13187,20.76,0.0824,N,32,0
72,43434,3.0,MEDICAL,A,6179,7.26,0.1423,N,45,0
25,68071,2.0,DEBTCONSOLIDATION,B,10794,9.83,0.1586,N,4,0
37,40779,5.0,PERSONAL,C,13869,11.65,0.3401,N,20,0
24,40331,9.0,DEBTCONSOLIDATION,C,26500,11.73,0.6571,N,4,1
23,38158,9.0,HOMEIMPROVEMENT,C,10538,13.61,0.2762,N,1,0
44,20901,3.0,EDUCATION,D,6469,15.32,0.3095,N,22,0
30,44875,5.0,DEBTCONSOLIDATION,B,8913,11.08,0.1986,N,13,0
41,39188,6.0,HOMEIMPROVEMENT,B,13720,9.83,0.3501,N,20,0
42,93371,5.0,DEBTCONSOLIDATION,B,5160,9.72,0.0553,N,19,0
53,25382,6.0,MEDICAL,A,5910,6.68,0.2328,N,32,0
71,35687,8.0,VENTURE,B,10803,10.03,0.3027,N,45,0
66,29907,4.0,EDUCATION,B,2343,11.42,0.0783,Y,45,1
39,108379,3.0,EDUCATION,B,8977,8.61,0.0828,Y,18,0
36,30388,5.0,PERSONAL,D,7187,17.02,0.2365,N,15,0
61,66787,4.0,MEDICAL,B,14876,10.83,0.2227,N,40,0
25,83582,3.0,PERSONAL,B,5291,9.87,0.0633,N,2,0
48,45235,9.0,DEBTCONSOLIDATION,B,7221,10.88,0.1596,N,29,0
42,22988,9.0,EDUCATION,B,9573,9.63,0.4164,N,21,0
28,23149,8.0,VENTURE,B,5970,9.05,0.2579,N,5,0
53,78658,8.0,DEBTCONSOLIDATION,D,4880,14.53,0.062,N,30,0
36,24506,9.0,EDUCATION,A,6165,6.93,0.2516,N,19,0
28,60816,5.0,PERSONAL,B,2202,10.39,0.0362,N,9,0
55,52202,3.0,EDUCATION,B,4852,8.99,0.0929,N,38,0
27,60320,6.0,DEBTCONSOLIDATION,C,14902,11.77,0.247,N,6,0
56,63536,4.0,DEBTCONSOLIDATION,B,3314,11.46,0.0522,N,34,0
27,29333,0.0,VENTURE,A,4554,5.44,0.1553,N,6,0
42,28665,1.0,VENTURE,B,7981,8.91,0.2784,N,21,0
64,72635,3.0,MEDICAL,A,15935,5.95,0.2194,N,45,0
31,34677,6.0,MEDICAL,A,3993,6.76,0.1151,N,13,0
61,12000,5.0,MEDICAL,A,6115,5.03,0.5096,N,43,0
59,70039,2.0,EDUCATION,A,25142,5.29,0.359,N,40,0
69,27724,4.0,HOMEIMPROVEMENT,A,10884,7.83,0.3926,N,45,0
27,63381,5.0,DEBTCONSOLIDATION,A,15542,8.24,0.2452,N,6,0
58,105456,5.0,HOMEIMPROVEMENT,B,4609,11.43,0.0437,N,37,0
71,49474,4.0,EDUCATION,A,6185,6.41,0.125,N,45,0
61,84767,7.0,PERSONAL,B,19844,10.39,0.2341,N,44,0
28,53347,6.0,DEBTCONSOLIDATION,A,12447,5.17,0.2333,N,11,0
64,117369,4.0,PERSONAL,D,14694,16.46,0.1252,N,45,0
24,27332,3.0,EDUCATION,A,15859,7.44,0.5802,N,7,0
51,48799,5.0,PERSONAL,C,17714,13.19,0.363,N,33,0
46,70986,0.0,PERSONAL,A,7437,6.05,0.1048,N,26,0
48,44146,4.0,MEDICAL,E,4549,20.21,0.103,N,30,0
47,92385,6.0,PERSONAL,C,5985,14.21,0.0648,N,27,0
19,38652,4.0,MEDICAL,D,7278,15.19,0.1883,N,1,0
46,152994,8.0,MEDICAL,A,2012,7.23,0.0132,Y,25,1
71,157504,6.0,MEDICAL,C,13640,12.27,0.0866,Y,45,0
42,57247,5.0,HOMEIMPROVEMENT,A,18045,6.1,0.3152,N,19,0
33,66431,2.0,EDUCATION,B,10529,9.38,0.1585,N,13,0
74,94411,4.0,PERSONAL,F,6118,22.63,0.0648,N,45,1
23,25515,4.0,VENTURE,B,10444,9.46,0.4093,N,1,0
45,23822,2.0,VENTURE,C,2963,12.38,0.1244,N,27,0
47,97834,0.0,MEDICAL,B,2778,10.32,0.0284,N,25,0
45,56993,6.0,PERSONAL,B,31971,11.09,0.561,N,24,1
70,43278,5.0,DEBTCONSOLIDATION,A,2332,5.24,0.0539,N,45,0
42,49321,5.0,EDUCATION,D,17299,15.38,0.3507,N,23,0
73,13196,6.0,EDUCATION,C,25650,12.53,1.9438,N,45,0
21,44143,7.0,PERSONAL,F,9535,23.38,0.216,N,2,0
59,32397,4.0,VENTURE,C,9212,11.78,0.2843,N,37,0
51,81221,5.0,MEDICAL,A,10909,5.18,0.1343,N,32,0
31,84733,3.0,DEBTCONSOLIDATION,B,2142,8.98,0.0253,N,14,0
30,67317,4.0,VENTURE,A,6212,6.0,0.0923,N,12,0
59,60931,4.0,EDUCATION,E,26156,18.54,0.4293,N,37,1
54,21514,2.0,HOMEIMPROVEMENT,A,10497,6.21,0.4879,N,33,1
52,67836,6.0,EDUCATION,B,8652,11.4,0.1275,N,29,0
20,69297,2.0,DEBTCONSOLIDATION,E,10160,18.29,0.1466,N,1,0
52,97232,3.0,PERSONAL,A,5912,6.48,0.0608,N,33,0
73,157159,3.0,MEDICAL,C,4069,13.35,0.0259,N,45,0
18,19323,3.0,DEBTCONSOLIDATION,C,18592,12.68,0.9622,N,1,0
44,39590,8.0,HOMEIMPROVEMENT,B,5011,9.77,0.1266,N,27,0
46,32589,3.0,EDUCATION,A,45965,6.47,1.4104,N,24,0
69,53899,3.0,HOMEIMPROVEMENT,D,7820,17.37,0.1451,Y,45,1
34,49383,7.0,PERSONAL,A,12462,5.38,0.2524,N,15,0
45,43098,10.0,PERSONAL,D,31148,15.57,0.7227,N,22,1
58,86265,6.0,EDUCATION,C,13442,13.78,0.1558,N,35,0
21,26748,7.0,DEBTCONSOLIDATION,A,3668,8.37,0.1371,Y,3,1
63,27650,7.0,MEDICAL,C,6387,12.3,0.231,N,43,0
64,27908,4.0,PERSONAL,C,2902,13.15,0.104,N,43,0
59,40207,5.0,MEDICAL,B,8346,8.8,0.2076,N,38,0
54,24941,2.0,DEBTCONSOLIDATION,D,4661,17.09,0.1869,N,37,0
60,47728,6.0,MEDICAL,E,8205,18.61,0.1719,N,41,0
62,44755,6.0,EDUCATION,C,25275,12.68,0.5647,Y,40,1
69,31806,5.0,DEBTCONSOLIDATION,A,31671,5.16,0.9958,N,45,0
42,79266,6.0,DEBTCONSOLIDATION,B,2799,10.43,0.0353,N,25,0
43,47442,3.0,MEDICAL,E,2766,17.74,0.0583,N,21,1
54,87944,6.0,HOMEIMPROVEMENT,B,10101,9.88,0.1149,N,35,0
29,44034,8.0,EDUCATION,A,8301,7.34,0.1885,N,6,0
66,48372,7.0,EDUCATION,A,3703,7.96,0.0766,N,45,0
61,35971,4.0,MEDICAL,D,8094,16.63,0.225,N,42,0
53,48831,11.0,DEBTCONSOLIDATION,A,9323,5.68,0.1909,N,34,0
35,72527,3.0,HOMEIMPROVEMENT,B,7491,9.9,0.1033,N,15,0
37,39095,6.0,DEBTCONSOLIDATION,B,22537,9.13,0.5765,Y,14,1
42,65194,4.0,HOMEIMPROVEMENT,E,20018,19.1,0.3071,N,24,0
55,31350,5.0,HOMEIMPROVEMENT,C,8581,11.77,0.2737,N,37,0
62,74419,2.0,HOMEIMPROVEMENT,E,22833,20.69,0.3068,N,43,0
56,35633,5.0,PERSONAL,A,17743,7.92,0.4979,N,38,0
71,78309,7.0,VENTURE,D,10186,16.04,0.1301,N,45,0
72,50692,2.0,PERSONAL,A,1537,6.93,0.0303,N,45,0
58,113156,5.0,MEDICAL,A,3449,6.86,0.0305,N,41,0
39,25984,7.0,MEDICAL,F,7016,23.66,0.27,Y,21,1
52,21765,4.0,HOMEIMPROVEMENT,B,13140,10.72,0.6037,N,33,0
42,34929,4.0,DEBTCONSOLIDATION,B,3664,10.91,0.1049,N,20,0
53,22890,6.0,PERSONAL,C,20283,12.38,0.8861,N,35,0
64,22913,7.0,DEBTCONSOLIDATION,D,26196,15.59,1.1433,N,45,1
39,68999,6.0,VENTURE,B,13026,11.02,0.1888,N,19,0
46,48908,3.0,VENTURE,D,13440,14.86,0.2748,N,23,0
20,37653,6.0,HOMEIMPROVEMENT,C,15793,12.91,0.4194,N,2,0
59,39623,9.0,PERSONAL,D,12481,15.2,0.315,N,40,0
45,35295,3.0,PERSONAL,E,9924,18.71,0.2812,N,24,0
44,121504,3.0,PERSONAL,C,8544,12.73,0.0703,N,26,0
48,32711,2.0,EDUCATION,C,18051,13.64,0.5518,Y,29,1
30,23690,4.0,MEDICAL,A,17590,5.42,0.7425,N,8,1
52,75949,3.0,PERSONAL,D,3548,15.59,0.0467,Y,33,1
60,43535,7.0,HOMEIMPROVEMENT,F,9209,23.27,0.2115,N,39,0
37,150440,4.0,MEDICAL,B,13363,10.93,0.0888,N,17,0
25,36702,5.0,VENTURE,B,3328,10.45,0.0907,N,5,0
40,78064,3.0,PERSONAL,C,14747,13.14,0.1889,N,17,0
29,88894,3.0,MEDICAL,A,8330,5.98,0.0937,N,11,0
39,36800,3.0,DEBTCONSOLIDATION,A,37543,8.42,1.0202,N,20,0
53,32578,6.0,HOMEIMPROVEMENT,E,15900,20.07,0.4881,N,32,1
24,73699,6.0,VENTURE,A,10218,5.37,0.1386,Y,5,1
60,67251,7.0,VENTURE,C,13066,12.16,0.1943,N,39,0
30,22565,3.0,DEBTCONSOLIDATION,B,10375,10.41,0.4598,N,11,0
68,26353,5.0,PERSONAL,A,3205,6.93,0.1216,N,45,0
59,12148,3.0,PERSONAL,A,9156,7.02,0.7537,Y,40,1
33,68013,4.0,HOMEIMPROVEMENT,D,2991,15.65,0.044,Y,10,1
50,42446,6.0,EDUCATION,A,7648,8.31,0.1802,N,30,0
24,44838,6.0,PERSONAL,A,10571,5.61,0.2358,N,3,0
23,19335,7.0,DEBTCONSOLIDATION,C,4018,12.11,0.2078,Y,5,1
72,26796,5.0,PERSONAL,F,9032,22.31,0.3371,N,45,1
63,37688,8.0,HOMEIMPROVEMENT,C,27023,13.97,0.717,N,41,0
26,33867,4.0,EDUCATION,B,6516,11.29,0.1924,N,3,0
34,52303,3.0,EDUCATION,B,4902,9.48,0.0937,Y,14,1
29,67569,5.0,EDUCATION,C,20685,12.14,0.3061,N,11,0
40,170806,5.0,EDUCATION,A,11158,7.5,0.0653,Y,18,0
34,48484,11.0,PERSONAL,A,9359,7.77,0.193,N,13,0
36,90533,7.0,VENTURE,C,13927,13.55,0.1538,N,13,0
48,31054,5.0,MEDICAL,E,10743,17.83,0.3459,N,30,0
28,19511,4.0,EDUCATION,D,5587,15.72,0.2864,N,11,0
68,40385,3.0,MEDICAL,B,4281,10.44,0.106,Y,45,1
59,20358,3.0,MEDICAL,E,33654,17.54,1.6531,Y,40,1
61,49418,4.0,EDUCATION,A,13333,5.02,0.2698,N,43,0
27,31912,5.0,PERSONAL,A,28692,6.58,0.8991,N,6,0
58,16733,5.0,HOMEIMPROVEMENT,B,8096,8.7,0.4838,N,35,1
65,127365,3.0,VENTURE,C,22860,14.15,0.1795,N,44,0
27,36473,6.0,PERSONAL,A,5535,6.5,0.1518,Y,9,1
60,19916,7.0,PERSONAL,C,3181,13.53,0.1597,N,40,0
38,80337,5.0,MEDICAL,A,13352,8.47,0.1662,N,17,0
62,32835,4.0,VENTURE,E,18504,17.9,0.5635,N,40,1
45,89285,4.0,MEDICAL,C,20055,13.99,0.2246,Y,26,0
63,32749,6.0,EDUCATION,E,12934,17.99,0.3949,N,43,0
26,36406,7.0,HOMEIMPROVEMENT,C,5967,14.33,0.1639,N,3,0
40,59258,1.0,PERSONAL,D,12589,16.64,0.2124,N,21,0
33,67932,4.0,MEDICAL,E,12454,18.36,0.1833,N,10,1
32,74806,9.0,PERSONAL,B,9133,9.0,0.1221,N,15,0
35,46659,4.0,EDUCATION,B,7000,10.23,0.15,N,12,0
39,65561,7.0,MEDICAL,B,4358,9.38,0.0665,N,19,0
25,73872,6.0,MEDICAL,B,11089,11.45,0.1501,N,4,0
58,54737,4.0,PERSONAL,A,11362,7.65,0.2076,Y,38,0
49,45321,8.0,EDUCATION,E,3438,20.56,0.0759,N,30,0
65,22138,7.0,MEDICAL,B,37506,8.69,1.6942,N,45,0
58,68155,6.0,HOMEIMPROVEMENT,C,3521,13.82,0.0517,N,37,0
26,50171,9.0,EDUCATION,A,5990,5.28,0.1194,N,9,0
21,39046,2.0,HOMEIMPROVEMENT,D,11432,15.79,0.2928,N,4,0
42,98989,4.0,DEBTCONSOLIDATION,A,12551,6.29,0.1268,N,23,0
45,22352,5.0,VENTURE,B,5396,10.99,0.2414,N,28,0
31,121081,4.0,HOMEIMPROVEMENT,D,4959,17.37,0.041,Y,8,0
62,48423,5.0,HOMEIMPROVEMENT,A,8909,6.64,0.184,N,42,0
51,58374,3.0,HOMEIMPROVEMENT,D,9385,15.26,0.1608,N,33,0
60,39447,4.0,PERSONAL,C,26072,13.47,0.6609,N,41,1
24,19596,12.0,EDUCATION,B,4505,10.19,0.2299,N,2,0
64,45397,5.0,MEDICAL,B,10053,10.89,0.2214,N,41,0
29,58930,2.0,EDUCATION,C,8568,12.23,0.1454,N,9,0
43,71105,1.0,EDUCATION,E,12486,19.39,0.1756,N,21,0
43,43962,0.0,DEBTCONSOLIDATION,A,7898,6.69,0.1797,N,22,0
64,14677,3.0,HOMEIMPROVEMENT,A,20066,5.8,1.3672,N,41,0
33,20995,5.0,EDUCATION,A,15362,6.86,0.7317,N,10,0
31,151540,4.0,EDUCATION,F,23948,24.43,0.158,Y,14,1
37,26879,4.0,VENTURE,C,10447,13.55,0.3887,Y,15,1
38,107460,3.0,MEDICAL,B,9490,10.91,0.0883,N,17,0
28,29326,4.0,EDUCATION,A,7249,6.94,0.2472,N,11,0
28,44340,4.0,HOMEIMPROVEMENT,B,3380,11.23,0.0762,N,8,0
31,69138,4.0,DEBTCONSOLIDATION,C,12464,12.67,0.1803,N,8,0
44,31222,6.0,EDUCATION,A,13087,7.08,0.4192,N,27,0
37,117679,4.0,VENTURE,B,14143,10.25,0.1202,N,18,0
40,51105,1.0,EDUCATION,A,7263,5.55,0.1421,N,23,0
58,63162,6.0,DEBTCONSOLIDATION,C,4240,13.98,0.0671,N,38,0
31,42311,2.0,EDUCATION,A,5418,8.17,0.1281,N,8,0
69,70424,2.0,PERSONAL,F,11204,23.05,0.1591,Y,45,1
60,116813,6.0,EDUCATION,E,20774,19.17,0.1778,N,42,0
27,45605,8.0,EDUCATION,A,3166,6.96,0.0694,N,6,0
35,126923,7.0,MEDICAL,B,29690,11.09,0.2339,N,18,0
28,35018,4.0,PERSONAL,B,2185,8.89,0.0624,N,7,0
33,74626,6.0,VENTURE,C,34677,11.95,0.4647,N,12,0
38,64152,7.0,HOMEIMPROVEMENT,C,4631,12.43,0.0722,N,15,0
25,27235,5.0,EDUCATION,C,26658,14.49,0.9788,N,8,0
18,55138,5.0,EDUCATION,C,7013,12.59,0.1272,Y,1,1
43,49219,5.0,EDUCATION,A,25805,7.19,0.5243,N,22,0
57,30660,5.0,MEDICAL,B,1898,11.02,0.0619,N,37,0
35,59688,7.0,PERSONAL,E,14468,19.45,0.2424,Y,16,1
67,53127,7.0,MEDICAL,A,19679,5.3,0.3704,N,45,0
39,47102,6.0,VENTURE,A,11925,7.36,0.2532,N,17,0
69,47206,7.0,DEBTCONSOLIDATION,A,14570,6.55,0.3086,N,45,0
31,46653,3.0,DEBTCONSOLIDATION,D,20057,16.25,0.4299,N,11,1
48,40045,3.0,EDUCATION,F,11061,23.76,0.2762,N,30,0
61,52939,2.0,VENTURE,A,7054,5.79,0.1332,N,39,0
21,34401,4.0,HOMEIMPROVEMENT,B,3879,8.69,0.1128,N,1,0
71,211344,5.0,HOMEIMPROVEMENT,D,18684,17.27,0.0884,N,45,0
38,22581,5.0,PERSONAL,C,20964,13.74,0.9284,N,20,1
46,35539,4.0,PERSONAL,B,15846,10.61,0.4459,Y,24,1
53,37117,3.0,EDUCATION,C,16715,13.19,0.4503,N,35,0
54,150583,5.0,EDUCATION,A,11672,6.82,0.0775,N,31,0
19,23716,2.0,HOMEIMPROVEMENT,C,7148,13.79,0.3014,Y,2,0
67,61960,4.0,HOMEIMPROVEMENT,A,21764,5.13,0.3513,N,45,0
53,56196,6.0,MEDICAL,C,6983,13.72,0.1243,N,35,0
74,58893,3.0,MEDICAL,B,10664,11.3,0.1811,N,45,0
44,96759,8.0,MEDICAL,B,14432,10.89,0.1492,N,23,0
52,95674,4.0,PERSONAL,B,25916,11.4,0.2709,Y,31,0
43,38252,3.0,EDUCATION,F,1273,22.9,0.0333,N,24,1
68,54541,5.0,PERSONAL,B,18129,11.13,0.3324,N,45,0
65,17583,5.0,PERSONAL,A,7193,7.42,0.4091,N,43,0
69,51766,3.0,VENTURE,A,14013,7.96,0.2707,N,45,0
46,31675,3.0,MEDICAL,A,2632,5.19,0.0831,Y,25,0
63,44244,2.0,MEDICAL,C,5828,11.5,0.1317,Y,45,1
38,19400,2.0,HOMEIMPROVEMENT,A,22377,7.72,1.1535,N,15,0
44,61247,5.0,MEDICAL,A,22392,6.9,0.3656,N,23,0
61,19281,1.0,EDUCATION,F,8605,21.4,0.4463,N,40,1
22,53186,1.0,VENTURE,C,32429,12.05,0.6097,N,3,0
58,24969,3.0,EDUCATION,B,9818,8.96,0.3932,N,40,0
18,30720,6.0,PERSONAL,C,12381,12.15,0.403,N,1,1
51,92512,6.0,DEBTCONSOLIDATION,B,5504,11.48,0.0595,N,33,0
45,67734,3.0,HOMEIMPROVEMENT,C,7134,13.11,0.1053,N,24,0
44,92231,8.0,MEDICAL,E,13149,20.92,0.1426,N,26,0
46,115595,8.0,PERSONAL,D,1936,15.09,0.0167,N,23,0
46,32046,7.0,MEDICAL,B,10553,9.91,0.3293,N,24,0
41,111796,3.0,MEDICAL,A,13402,6.83,0.1199,Y,24,0
43,21894,0.0,EDUCATION,A,9877,7.87,0.4511,N,20,0
50,73891,4.0,PERSONAL,B,26982,8.57,0.3652,N,27,0
61,37371,9.0,MEDICAL,A,7031,6.56,0.1881,N,38,0
49,29387,8.0,DEBTCONSOLIDATION,F,8342,21.9,0.2839,N,27,0
54,68731,3.0,EDUCATION,B,7435,10.88,0.1082,N,36,0
65,82431,5.0,DEBTCONSOLIDATION,A,7974,6.56,0.0967,N,45,0
74,81096,4.0,EDUCATION,A,8796,5.01,0.1085,N,45,0
24,55169,5.0,EDUCATION,A,6658,5.3,0.1207,N,2,0
58,52710,7.0,HOMEIMPROVEMENT,B,21628,9.01,0.4103,N,41,1
30,65498,3.0,PERSONAL,B,26151,8.56,0.3993,N,7,0
29,57934,7.0,HOMEIMPROVEMENT,C,21958,12.47,0.379,N,10,0
63,66022,7.0,MEDICAL,B,16222,11.22,0.2457,N,43,0
21,54841,4.0,PERSONAL,C,4978,13.42,0.0908,N,3,0
66,77927,2.0,VENTURE,B,9323,9.22,0.1196,N,45,0
61,20030,2.0,EDUCATION,B,42390,8.79,2.1163,Y,40,1
74,45606,7.0,HOMEIMPROVEMENT,A,8470,5.94,0.1857,N,45,0
56,22899,9.0,MEDICAL,D,12957,16.88,0.5658,N,37,0
67,57078,7.0,HOMEIMPROVEMENT,B,3453,9.04,0.0605,N,44,0
24,120941,8.0,PERSONAL,A,14372,7.6,0.1188,N,6,0
68,37769,3.0,MEDICAL,B,6137,10.96,0.1625,N,45,0
27,52574,3.0,MEDICAL,B,8180,10.61,0.1556,N,6,0
35,74314,6.0,HOMEIMPROVEMENT,A,1429,6.84,0.0192,N,14,0
25,15720,4.0,HOMEIMPROVEMENT,C,9495,12.25,0.604,N,7,0
40,36784,3.0,MEDICAL,B,18466,10.45,0.502,Y,17,1
60,59903,4.0,EDUCATION,B,19004,10.12,0.3172,N,39,0
33,12000,11.0,MEDICAL,B,7483,8.54,0.6236,N,10,1
64,28645,5.0,HOMEIMPROVEMENT,C,16890,14.44,0.5896,Y,42,1
52,89811,3.0,PERSONAL,D,19330,16.77,0.2152,N,31,0
53,85105,5.0,DEBTCONSOLIDATION,B,5755,8.6,0.0676,N,34,0
71,60226,7.0,VENTURE,B,19420,9.72,0.3225,N,45,0
42,79634,10.0,MEDICAL,C,7812,13.32,0.0981,N,23,0
37,55177,7.0,MEDICAL,A,3901,8.04,0.0707,Y,18,1
74,66533,2.0,DEBTCONSOLIDATION,D,6051,16.37,0.0909,N,45,0
49,41208,3.0,EDUCATION,A,11493,5.69,0.2789,N,31,0
53,52244,3.0,EDUCATION,A,3434,7.28,0.0657,N,31,0
34,34620,4.0,VENTURE,F,2332,23.03,0.0674,N,14,0
30,98215,6.0,PERSONAL,C,12964,12.82,0.132,N,9,0
27,113193,3.0,EDUCATION,B,12604,10.36,0.1113,N,6,0
30,104710,9.0,PERSONAL,C,8139,14.19,0.0777,Y,12,0
29,39165,7.0,HOMEIMPROVEMENT,B,10495,8.7,0.268,N,6,0
60,29010,3.0,HOMEIMPROVEMENT,B,15576,9.69,0.5369,N,43,1
21,98946,7.0,HOMEIMPROVEMENT,C,2970,13.16,0.03,N,1,0
53,66114,5.0,PERSONAL,B,1498,10.12,0.0227,N,31,0
72,58730,7.0,PERSONAL,B,17349,10.96,0.2954,N,45,0
61,34596,5.0,DEBTCONSOLIDATION,A,12753,7.13,0.3686,N,41,0
40,61951,2.0,VENTURE,D,14202,14.71,0.2292,N,18,0
21,26986,2.0,EDUCATION,B,5472,9.73,0.2028,N,2,0
65,69475,10.0,MEDICAL,C,11202,13.11,0.1612,N,45,0
18,104651,1.0,HOMEIMPROVEMENT,B,20585,10.24,0.1967,Y,1,1
56,120219,4.0,VENTURE,C,11308,12.52,0.0941,Y,33,0
56,72380,8.0,EDUCATION,B,6806,10.88,0.094,N,35,0
28,22922,4.0,VENTURE,E,11431,20.38,0.4987,N,11,1
60,54640,5.0,PERSONAL,E,25033,20.23,0.4581,N,40,1
28,159026,1.0,DEBTCONSOLIDATION,A,10945,7.21,0.0688,N,8,0
30,30401,4.0,HOMEIMPROVEMENT,E,4434,18.9,0.1459,N,10,0
64,47450,5.0,DEBTCONSOLIDATION,B,32580,10.84,0.6866,N,45,0
73,106663,7.0,EDUCATION,B,7903,9.38,0.0741,N,45,0
33,68831,2.0,EDUCATION,C,6014,12.43,0.0874,N,13,0
70,191776,9.0,MEDICAL,B,6327,9.13,0.033,N,45,0
70,32758,4.0,EDUCATION,C,13869,14.35,0.4234,N,45,0
61,28442,4.0,PERSONAL,B,6391,10.35,0.2247,N,41,0
25,96111,11.0,HOMEIMPROVEMENT,C,3100,11.81,0.0323,N,3,0
35,25393,2.0,PERSONAL,B,13382,11.48,0.527,Y,14,1
56,43992,2.0,PERSONAL,A,11345,8.28,0.2579,Y,38,0
74,47282,5.0,HOMEIMPROVEMENT,C,10450,12.57,0.221,Y,45,0
64,86664,6.0,PERSONAL,C,4755,12.62,0.0549,N,45,0
41,68723,2.0,DEBTCONSOLIDATION,A,7324,5.32,0.1066,N,19,0
31,63031,5.0,MEDICAL,C,13337,13.92,0.2116,N,11,0
72,39287,6.0,VENTURE,F,10499,22.83,0.2672,N,45,1
33,95630,6.0,PERSONAL,B,12204,10.21,0.1276,N,11,0
37,448741,3.0,MEDICAL,B,28463,10.3,0.0634,N,18,0
72,71697,4.0,DEBTCONSOLIDATION,A,11746,8.1,0.1638,N,45,0
50,51783,3.0,HOMEIMPROVEMENT,A,13827,8.31,0.267,N,33,0
33,24008,3.0,EDUCATION,A,5098,7.17,0.2123,N,16,0
18,34523,4.0,PERSONAL,B,4411,8.52,0.1278,N,1,0
42,43584,2.0,PERSONAL,A,15714,7.08,0.3605,N,23,0
74,36532,7.0,HOMEIMPROVEMENT,B,7033,10.05,0.1925,N,45,0
42,48589,6.0,MEDICAL,D,2873,14.75,0.0591,N,20,0
57,130340,2.0,MEDICAL,B,13795,9.2,0.1058,N,40,0
32,97337,8.0,HOMEIMPROVEMENT,B,20243,10.63,0.208,N,12,0
62,44920,5.0,MEDICAL,C,4674,12.14,0.1041,N,44,0
62,25221,3.0,MEDICAL,F,2941,24.11,0.1166,N,45,1
52,102288,5.0,PERSONAL,B,26748,9.11,0.2615,N,32,0
61,47715,5.0,HOMEIMPROVEMENT,E,24465,19.77,0.5127,N,43,1
50,18966,5.0,MEDICAL,D,20105,16.05,1.0601,N,32,1
39,72535,3.0,DEBTCONSOLIDATION,B,5516,11.05,0.076,N,20,0
60,86174,3.0,EDUCATION,D,8028,16.85,0.0932,N,42,0
65,12909,4.0,PERSONAL,E,13070,17.64,1.0125,N,42,1
65,31147,5.0,PERSONAL,E,18424,18.13,0.5915,N,45,1
30,46131,5.0,VENTURE,B,9010,10.45,0.1953,N,10,0
56,73422,5.0,MEDICAL,E,50000,20.85,0.681,N,33,1
18,36913,0.0,EDUCATION,C,15075,11.92,0.4084,N,1,1
50,31017,7.0,EDUCATION,A,10831,6.28,0.3492,N,27,0
50,73126,6.0,EDUCATION,A,8891,6.95,0.1216,N,29,0
38,37889,3.0,EDUCATION,B,11641,11.42,0.3072,N,17,0
74,66047,2.0,EDUCATION,C,12977,12.99,0.1965,Y,45,1
68,26599,4.0,MEDICAL,E,4513,20.17,0.1697,N,45,0
20,23300,8.0,HOMEIMPROVEMENT,A,4277,6.59,0.1836,Y,1,0
29,74265,9.0,MEDICAL,A,5888,6.44,0.0793,N,9,0
29,56324,4.0,HOMEIMPROVEMENT,C,7912,13.52,0.1405,Y,12,0
69,81417,4.0,MEDICAL,B,11121,10.39,0.1366,N,45,0
47,36573,9.0,EDUCATION,C,7247,11.98,0.1982,N,27,0
59,31656,6.0,DEBTCONSOLIDATION,B,9727,8.91,0.3073,Y,37,0
64,103610,9.0,PERSONAL,A,3654,8.28,0.0353,N,42,0
61,21213,8.0,DEBTCONSOLIDATION,A,23086,7.14,1.0883,N,38,0
23,97567,5.0,DEBTCONSOLIDATION,B,3762,9.11,0.0386,N,3,0
25,101344,4.0,PERSONAL,A,12270,5.12,0.1211,Y,4,1
40,78672,2.0,PERSONAL,A,4843,8.03,0.0616,N,17,0
37,33580,4.0,EDUCATION,B,13090,10.91,0.3898,N,19,0
60,31285,2.0,VENTURE,E,29472,19.18,0.942,N,39,1
26,43672,7.0,MEDICAL,C,17539,14.24,0.4016,N,9,0
39,24046,2.0,HOMEIMPROVEMENT,A,5317,5.79,0.2211,N,19,0
31,28884,4.0,DEBTCONSOLIDATION,C,11660,14.42,0.4037,N,8,0
28,69884,3.0,MEDICAL,D,7686,16.19,0.11,N,8,0
27,70062,9.0,PERSONAL,D,3936,15.61,0.0562,Y,4,1
29,27521,5.0,DEBTCONSOLIDATION,F,19825,21.21,0.7204,N,12,1
50,71101,2.0,MEDICAL,C,50000,11.77,0.7032,N,33,0
41,62935,2.0,MEDICAL,B,24484,9.12,0.389,N,18,0
42,112469,2.0,VENTURE,C,4222,12.91,0.0375,N,25,0
45,67038,7.0,HOMEIMPROVEMENT,A,42327,5.08,0.6314,N,22,0
60,87747,7.0,MEDICAL,C,6418,12.96,0.0731,N,41,0
67,63728,4.0,PERSONAL,A,7424,8.26,0.1165,N,45,0
48,84032,6.0,VENTURE,C,5878,13.83,0.0699,N,27,0
54,24151,4.0,MEDICAL,B,11066,11.49,0.4582,N,31,0
60,45845,4.0,MEDICAL,A,2354,7.69,0.0513,N,38,0
57,47980,5.0,EDUCATION,D,5005,15.83,0.1043,N,39,0
25,42870,4.0,PERSONAL,D,22460,15.33,0.5239,N,6,0
74,62576,4.0,PERSONAL,C,50000,14.45,0.799,N,45,0
27,69487,4.0,MEDICAL,D,2098,16.18,0.0302,N,10,0
41,60824,5.0,VENTURE,D,20717,15.6,0.3406,N,21,0
55,44474,3.0,PERSONAL,A,4249,7.88,0.0955,N,35,0
40,32707,6.0,MEDICAL,C,7166,14.04,0.2191,N,22,0
31,89630,6.0,VENTURE,F,4081,23.0,0.0455,N,13,0
70,59418,5.0,MEDICAL,A,19954,6.57,0.3358,N,45,0
22,27994,3.0,VENTURE,C,14784,14.21,0.5281,N,1,0
32,44067,8.0,DEBTCONSOLIDATION,B,10771,9.48,0.2444,N,14,0
74,18791,6.0,EDUCATION,B,17043,11.16,0.907,Y,45,1
59,49983,5.0,HOMEIMPROVEMENT,A,15340,7.89,0.3069,N,40,0
22,43953,7.0,EDUCATION,B,4479,9.02,0.1019,N,4,0
61,35740,4.0,MEDICAL,D,12483,14.92,0.3493,N,41,0
73,117187,6.0,DEBTCONSOLIDATION,A,6352,5.38,0.0542,Y,45,0
23,25954,6.0,DEBTCONSOLIDATION,B,5819,11.19,0.2242,N,1,0
41,72295,2.0,EDUCATION,F,14140,23.7,0.1956,Y,24,1
44,163193,5.0,HOMEIMPROVEMENT,A,25150,5.95,0.1541,N,24,0
25,88654,7.0,MEDICAL,D,9394,16.03,0.106,N,5,0
29,48177,5.0,VENTURE,F,31511,22.34,0.6541,N,6,1
27,26272,7.0,MEDICAL,D,7879,17.31,0.2999,Y,7,1
28,23175,5.0,MEDICAL,D,3030,15.4,0.1307,Y,7,1
41,39090,5.0,PERSONAL,F,3856,21.8,0.0986,N,19,1
44,33595,1.0,HOMEIMPROVEMENT,A,3282,6.63,0.0977,N,22,0
31,32999,4.0,EDUCATION,E,13199,17.5,0.4,N,9,0
34,40967,4.0,PERSONAL,B,38233,11.05,0.9333,N,14,1
28,46340,10.0,EDUCATION,A,22477,7.26,0.485,N,9,0
63,64014,5.0,PERSONAL,D,18774,16.56,0.2933,N,44,0
30,24815,5.0,PERSONAL,A,31246,6.12,1.2592,Y,7,1
69,33683,8.0,EDUCATION,A,15999,6.86,0.475,N,45,1
48,44899,3.0,MEDICAL,A,22102,5.85,0.4923,N,31,0
63,44023,5.0,DEBTCONSOLIDATION,B,10678,11.23,0.2426,N,42,0
54,134596,7.0,EDUCATION,B,5349,10.42,0.0397,Y,34,0
33,55700,4.0,HOMEIMPROVEMENT,A,4159,8.04,0.0747,N,10,0
52,20181,5.0,VENTURE,D,7536,14.55,0.3734,Y,33,0
33,61697,4.0,MEDICAL,D,2935,15.9,0.0476,N,12,0
24,66178,6.0,PERSONAL,B,7761,10.24,0.1173,N,6,0
32,45760,7.0,HOMEIMPROVEMENT,B,7896,9.71,0.1726,Y,15,1
33,25150,2.0,VENTURE,E,18404,18.7,0.7318,N,14,1
25,128917,4.0,PERSONAL,A,8926,7.36,0.0692,Y,3,0
19,27216,5.0,EDUCATION,A,24160,8.47,0.8877,N,1,0
71,70503,5.0,HOMEIMPROVEMENT,B,7205,9.05,0.1022,N,45,0
47,54722,4.0,HOMEIMPROVEMENT,A,4899,6.67,0.0895,Y,28,1
40,68216,7.0,HOMEIMPROVEMENT,A,35037,5.68,0.5136,N,19,0
71,125338,2.0,PERSONAL,E,22440,17.52,0.179,N,45,0
30,66762,6.0,PERSONAL,A,10948,5.59,0.164,N,9,0
40,36052,4.0,MEDICAL,B,6560,8.83,0.182,N,23,0
66,90065,4.0,MEDICAL,A,49258,5.93,0.5469,N,45,0
54,34644,7.0,MEDICAL,B,10198,9.77,0.2944,Y,35,0
40,53634,2.0,MEDICAL,A,18424,8.12,0.3435,N,18,0
32,24071,5.0,VENTURE,A,28612,8.18,1.1887,Y,11,1
20,27769,3.0,MEDICAL,C,13648,12.1,0.4915,Y,3,1
22,50426,1.0,EDUCATION,B,4438,8.75,0.088,N,1,0
27,60020,4.0,PERSONAL,A,8784,8.28,0.1464,N,5,0
62,19219,7.0,MEDICAL,E,6991,19.05,0.3638,N,44,0
54,64441,1.0,PERSONAL,F,9811,23.16,0.1522,N,36,0
42,31235,6.0,EDUCATION,C,12545,12.55,0.4016,N,19,0
62,99094,4.0,EDUCATION,A,7587,8.35,0.0766,N,44,0
27,40393,3.0,MEDICAL,E,7726,20.83,0.1913,N,6,1
30,26423,3.0,EDUCATION,B,11089,11.33,0.4197,Y,8,1
40,51107,4.0,EDUCATION,B,3463,10.59,0.0678,N,17,0
70,29616,6.0,PERSONAL,C,7883,13.65,0.2662,N,45,0
53,98510,3.0,MEDICAL,C,12098,12.1,0.1228,Y,34,1
66,49035,4.0,VENTURE,B,11277,9.49,0.23,Y,45,0
32,45097,3.0,MEDICAL,B,5852,9.28,0.1298,Y,9,0
66,67879,5.0,DEBTCONSOLIDATION,F,6968,22.99,0.1027,N,45,0
22,28205,3.0,MEDICAL,B,3452,8.62,0.1224,N,1,0
30,24124,7.0,PERSONAL,C,5746,14.11,0.2382,N,9,0
47,61364,6.0,HOMEIMPROVEMENT,A,2673,8.48,0.0436,N,28,0
20,26773,3.0,MEDICAL,C,8353,13.14,0.312,N,1,0
66,26768,5.0,EDUCATION,A,13623,6.43,0.5089,Y,45,1
67,77669,5.0,MEDICAL,B,5927,10.73,0.0763,N,45,0
48,65433,6.0,PERSONAL,B,2025,9.94,0.0309,N,28,0
35,24597,4.0,DEBTCONSOLIDATION,C,18078,12.93,0.735,N,14,0
23,34873,6.0,HOMEIMPROVEMENT,A,11460,7.69,0.3286,N,5,0
53,29820,8.0,DEBTCONSOLIDATION,A,5366,5.06,0.1799,N,31,0
48,130219,6.0,MEDICAL,A,5200,7.54,0.0399,N,26,0
61,80684,3.0,EDUCATION,B,18532,8.97,0.2297,N,44,0
52,38891,5.0,PERSONAL,A,13424,6.46,0.3452,N,29,0
25,67299,7.0,VENTURE,D,16195,15.63,0.2406,N,2,0
24,23250,4.0,EDUCATION,D,3427,17.46,0.1474,N,7,0
62,33861,2.0,EDUCATION,A,14476,7.84,0.4275,N,43,0
27,51931,6.0,PERSONAL,C,4738,12.02,0.0912,N,10,0
71,62863,2.0,DEBTCONSOLIDATION,B,3669,8.94,0.0584,N,45,0
24,46462,6.0,HOMEIMPROVEMENT,A,9680,5.86,0.2083,N,6,0
59,56185,6.0,VENTURE,C,13872,13.55,0.2469,N,36,0
73,51179,5.0,HOMEIMPROVEMENT,C,10132,14.02,0.198,N,45,0
43,44803,2.0,HOMEIMPROVEMENT,D,10459,15.94,0.2334,N,25,0
21,41652,2.0,EDUCATION,B,4371,10.81,0.1049,N,4,0
67,38775,5.0,MEDICAL,A,2485,5.79,0.0641,N,45,0
28,55690,4.0,MEDICAL,E,13550,20.4,0.2433,N,11,0
48,61448,5.0,PERSONAL,E,11704,20.05,0.1905,N,25,0
74,54671,6.0,VENTURE,B,7006,10.8,0.1281,N,45,0
60,25636,4.0,PERSONAL,A,7205,5.46,0.2811,N,43,0
20,28299,9.0,MEDICAL,C,10565,11.79,0.3733,N,3,1
64,61046,4.0,HOMEIMPROVEMENT,B,7370,9.98,0.1207,N,43,0
27,110130,3.0,PERSONAL,C,16189,13.78,0.147,Y,4,0
60,53307,4.0,PERSONAL,A,16684,6.02,0.313,N,41,0
53,39088,3.0,DEBTCONSOLIDATION,B,9293,8.96,0.2377,N,36,0
34,55458,2.0,HOMEIMPROVEMENT,B,8435,8.97,0.1521,N,12,0
42,26232,7.0,HOMEIMPROVEMENT,C,11910,12.41,0.454,N,19,1
24,100701,5.0,PERSONAL,C,1315,14.14,0.0131,N,7,0
74,54318,4.0,VENTURE,E,9449,18.86,0.174,Y,45,1
31,33921,8.0,PERSONAL,B,3207,8.96,0.0945,Y,12,1
35,44723,5.0,EDUCATION,A,13286,6.26,0.2971,N,16,0
46,36685,4.0,PERSONAL,E,18622,18.71,0.5076,N,28,1
56,100852,2.0,EDUCATION,C,1663,11.61,0.0165,N,37,0
46,43860,5.0,DEBTCONSOLIDATION,E,15866,18.46,0.3617,N,29,0
46,53393,8.0,VENTURE,D,9191,14.63,0.1721,N,29,0
51,67208,6.0,PERSONAL,B,14010,9.18,0.2085,N,30,0
66,32616,7.0,HOMEIMPROVEMENT,A,19862,5.59,0.609,N,43,0
40,54531,10.0,EDUCATION,B,11551,10.87,0.2118,N,21,0
65,57007,4.0,EDUCATION,C,10911,12.81,0.1914,Y,42,0
62,20853,9.0,PERSONAL,C,4389,12.18,0.2105,N,43,0
72,56330,2.0,MEDICAL,A,5373,6.72,0.0954,N,45,0
70,47802,7.0,EDUCATION,C,40227,14.35,0.8415,N,45,0
63,52653,7.0,DEBTCONSOLIDATION,A,19861,5.07,0.3772,N,41,0
32,49990,1.0,VENTURE,A,13688,6.41,0.2738,N,15,0
62,56530,7.0,DEBTCONSOLIDATION,A,5062,6.39,0.0895,Y,45,1
59,102287,3.0,PERSONAL,A,12694,6.13,0.1241,N,37,0
34,25623,6.0,PERSONAL,A,7302,6.81,0.285,N,15,0
56,40611,4.0,VENTURE,C,47055,13.88,1.1587,N,37,0
32,70731,6.0,VENTURE,E,26093,20.47,0.3689,N,10,1
47,63863,8.0,VENTURE,E,5523,18.8,0.0865,N,29,1
63,63112,2.0,MEDICAL,B,5923,10.42,0.0938,Y,41,1
28,222897,11.0,PERSONAL,D,8450,15.04,0.0379,N,6,0
37,68718,5.0,VENTURE,A,24417,7.45,0.3553,N,14,0
63,91310,8.0,HOMEIMPROVEMENT,C,21388,13.95,0.2342,N,45,0
43,41403,3.0,VENTURE,C,2152,11.83,0.052,N,22,0
72,28393,5.0,HOMEIMPROVEMENT,B,13281,10.33,0.4678,N,45,0
18,41238,4.0,MEDICAL,A,22343,5.63,0.5418,N,1,1
59,72517,4.0,PERSONAL,B,8526,10.98,0.1176,Y,41,1
64,61313,5.0,DEBTCONSOLIDATION,A,14569,6.06,0.2376,N,45,0
70,61193,5.0,HOMEIMPROVEMENT,D,37365,14.84,0.6106,N,45,1
26,43569,4.0,MEDICAL,F,26278,24.76,0.6031,N,6,1
74,39911,3.0,PERSONAL,A,13944,5.85,0.3494,N,45,0
40,44403,2.0,PERSONAL,D,12557,15.99,0.2828,N,19,0
38,73018,2.0,PERSONAL,E,9653,17.9,0.1322,N,15,0
38,77839,3.0,PERSONAL,B,14650,11.36,0.1882,N,17,0
54,28185,2.0,HOMEIMPROVEMENT,C,8631,13.84,0.3062,N,35,0
55,74554,5.0,MEDICAL,A,20701,5.49,0.2777,N,33,0
45,34272,3.0,EDUCATION,A,4826,7.66,0.1408,N,24,0
22,63443,5.0,EDUCATION,C,6442,11.64,0.1015,N,3,0
74,44108,7.0,EDUCATION,B,7477,9.49,0.1695,N,45,0
30,115981,11.0,MEDICAL,D,23441,16.96,0.2021,N,13,0
23,38950,6.0,MEDICAL,E,17346,18.8,0.4453,N,6,1
52,54080,3.0,DEBTCONSOLIDATION,A,12262,5.76,0.2267,N,32,0
41,68434,4.0,PERSONAL,A,12683,6.43,0.1853,N,24,0
53,30312,8.0,HOMEIMPROVEMENT,A,2454,7.25,0.081,N,32,0
67,47095,10.0,EDUCATION,B,15637,10.91,0.332,N,45,0
23,42335,5.0,DEBTCONSOLIDATION,B,4563,9.57,0.1078,Y,4,0
34,36953,4.0,VENTURE,C,6141,11.79,0.1662,N,16,0
47,38489,3.0,DEBTCONSOLIDATION,B,50000,11.17,1.2991,Y,24,1
62,90364,1.0,DEBTCONSOLIDATION,A,13831,7.15,0.1531,N,45,0
52,35270,6.0,MEDICAL,C,10778,13.5,0.3056,N,32,0
39,66938,8.0,MEDICAL,B,8331,9.98,0.1245,N,16,0
52,58280,9.0,PERSONAL,C,23315,12.82,0.4001,N,30,1
73,22735,3.0,EDUCATION,D,4538,16.1,0.1996,Y,45,1
45,65221,4.0,EDUCATION,A,6560,5.58,0.1006,N,25,0
68,22529,5.0,EDUCATION,C,21815,13.4,0.9683,N,45,0
62,69248,7.0,PERSONAL,E,9726,19.55,0.1405,N,44,1
35,37087,6.0,PERSONAL,A,12790,7.64,0.3449,Y,17,0
32,49246,7.0,HOMEIMPROVEMENT,C,6364,14.41,0.1292,N,15,0
61,24056,2.0,HOMEIMPROVEMENT,A,14643,5.51,0.6087,N,38,0
29,52433,8.0,HOMEIMPROVEMENT,B,6687,10.79,0.1275,N,6,0
37,81619,3.0,PERSONAL,C,3145,12.85,0.0385,N,20,0
31,31450,6.0,DEBTCONSOLIDATION,D,19421,16.22,0.6175,N,8,1
52,35103,5.0,EDUCATION,E,5163,18.0,0.1471,Y,31,1
34,62946,10.0,PERSONAL,D,3992,16.75,0.0634,N,13,0
55,63817,4.0,PERSONAL,D,4844,16.48,0.0759,N,33,1
71,12851,5.0,PERSONAL,A,10085,7.52,0.7848,Y,45,1
65,148519,3.0,EDUCATION,C,5745,14.15,0.0387,N,44,0
72,65558,9.0,DEBTCONSOLIDATION,C,35464,11.8,0.541,N,45,1
19,71919,7.0,HOMEIMPROVEMENT,A,21110,6.82,0.2935,N,1,0
43,45299,6.0,MEDICAL,B,10530,9.82,0.2325,N,26,0
30,17668,6.0,EDUCATION,B,5075,10.88,0.2872,N,7,0
70,71047,1.0,MEDICAL,C,19051,11.84,0.2681,N,45,0
58,35923,2.0,MEDICAL,B,12132,11.01,0.3377,N,39,0
36,66115,8.0,DEBTCONSOLIDATION,E,5974,20.76,0.0904,N,18,0
50,43462,6.0,EDUCATION,A,11539,7.36,0.2655,Y,29,0
52,55877,5.0,PERSONAL,C,11335,11.84,0.2029,N,30,0
46,32008,2.0,EDUCATION,A,5738,8.46,0.1793,N,25,0
45,78858,3.0,HOMEIMPROVEMENT,D,3677,15.78,0.0466,Y,25,1
21,25498,2.0,MEDICAL,B,22718,10.17,0.891,N,1,0
43,168562,5.0,HOMEIMPROVEMENT,A,16247,5.65,0.0964,Y,20,0
37,167857,8.0,MEDICAL,B,8900,10.61,0.053,N,20,0
64,120328,3.0,EDUCATION,A,14172,6.3,0.1178,N,43,0
67,98865,6.0,EDUCATION,A,18312,6.04,0.1852,N,45,0
60,46793,3.0,HOMEIMPROVEMENT,B,7349,10.45,0.1571,Y,39,0
19,93115,4.0,EDUCATION,A,7816,6.02,0.0839,N,1,0
65,46495,8.0,PERSONAL,B,33356,10.35,0.7174,N,42,0
40,20859,6.0,EDUCATION,A,6219,7.04,0.2981,N,23,0
41,112056,6.0,PERSONAL,C,36686,13.75,0.3274,N,22,0
71,91203,3.0,MEDICAL,A,50000,6.58,0.5482,Y,45,1
67,48183,7.0,MEDICAL,A,11897,7.77,0.2469,Y,45,1
20,24987,8.0,MEDICAL,D,2969,15.78,0.1188,N,2,0
38,35510,5.0,EDUCATION,F,9225,22.56,0.2598,N,19,0
60,18004,5.0,PERSONAL,B,10434,8.65,0.5795,N,41,0
48,82437,2.0,PERSONAL,B,9339,10.11,0.1133,N,26,0
32,20296,6.0,EDUCATION,B,24641,8.95,1.2141,N,10,1
47,57397,6.0,VENTURE,B,7050,10.66,0.1228,N,27,0
67,30821,7.0,PERSONAL,A,13570,6.94,0.4403,N,44,0
30,22366,3.0,PERSONAL,C,13081,11.94,0.5849,N,12,0
60,55887,8.0,PERSONAL,A,13387,6.33,0.2395,N,40,0
59,40798,7.0,MEDICAL,B,5124,10.21,0.1256,N,36,0
68,77730,4.0,EDUCATION,B,18973,8.66,0.2441,N,45,0
34,24411,9.0,MEDICAL,C,4888,13.14,0.2002,N,13,0
30,32321,4.0,EDUCATION,D,13036,17.36,0.4033,N,11,1
49,13184,3.0,VENTURE,A,14097,6.5,1.0693,Y,27,1
48,14744,9.0,EDUCATION,C,4918,14.47,0.3336,N,27,0
41,131795,1.0,PERSONAL,A,4654,7.36,0.0353,N,18,0
62,154195,5.0,HOMEIMPROVEMENT,A,7724,5.92,0.0501,N,45,0
63,51585,3.0,DEBTCONSOLIDATION,B,21603,9.49,0.4188,Y,45,1
32,31160,6.0,MEDICAL,A,13326,5.7,0.4277,N,12,0
63,41599,6.0,PERSONAL,E,20574,17.68,0.4946,Y,42,1
31,79258,7.0,HOMEIMPROVEMENT,C,21737,12.38,0.2743,N,8,0
41,36941,4.0,MEDICAL,C,16704,11.77,0.4522,Y,19,1
19,55865,4.0,VENTURE,A,9652,6.33,0.1728,N,1,0
37,48678,6.0,MEDICAL,D,1017,16.87,0.0209,Y,19,0
72,35851,5.0,MEDICAL,A,15975,5.47,0.4456,Y,45,1
43,36702,3.0,EDUCATION,A,50000,8.15,1.3623,N,26,1
58,57602,7.0,PERSONAL,E,5889,19.4,0.1022,N,36,0
24,28644,4.0,EDUCATION,C,9634,14.23,0.3363,N,6,0
54,62846,9.0,PERSONAL,C,34351,12.53,0.5466,N,36,1
39,37821,2.0,VENTURE,F,14350,22.07,0.3794,N,19,0
60,52577,5.0,PERSONAL,B,13769,10.83,0.2619,N,39,0
70,104943,3.0,VENTURE,A,7392,8.03,0.0704,Y,45,0
48,44689,8.0,HOMEIMPROVEMENT,A,12070,8.17,0.2701,N,30,0
23,81299,5.0,VENTURE,A,11378,8.35,0.14,N,2,0
45,18294,2.0,HOMEIMPROVEMENT,D,13203,15.48,0.7217,N,23,1
25,37846,6.0,EDUCATION,B,4432,9.68,0.1171,N,4,0
43,49773,6.0,MEDICAL,A,50000,8.13,1.0046,N,25,0
21,141185,6.0,MEDICAL,D,10017,17.46,0.0709,N,1,0
54,16681,4.0,VENTURE,E,4905,18.94,0.294,N,35,0
35,46494,8.0,MEDICAL,D,6046,16.06,0.13,Y,16,1
29,109226,3.0,PERSONAL,B,4560,9.91,0.0417,N,11,0
18,31832,4.0,MEDICAL,A,8284,7.78,0.2602,N,1,0
68,43605,5.0,PERSONAL,D,7900,16.6,0.1812,N,45,0
65,58832,5.0,MEDICAL,C,19713,11.79,0.3351,N,44,0
64,54256,6.0,PERSONAL,A,4048,6.18,0.0746,N,42,0
21,115980,7.0,MEDICAL,E,3751,19.33,0.0323,N,1,0
37,62734,7.0,EDUCATION,C,2415,13.69,0.0385,N,16,0
73,101750,10.0,MEDICAL,C,12755,14.36,0.1254,N,45,0
50,40215,7.0,MEDICAL,B,15913,8.92,0.3957,N,32,0
25,32620,7.0,HOMEIMPROVEMENT,A,910,5.76,0.0279,N,5,0
26,43297,4.0,DEBTCONSOLIDATION,C,13259,11.53,0.3062,N,6,0
32,25912,2.0,EDUCATION,B,6003,8.8,0.2317,N,14,0
73,63954,4.0,DEBTCONSOLIDATION,A,20453,6.04,0.3198,N,45,0
27,39646,2.0,EDUCATION,A,37989,5.67,0.9582,N,6,0
69,33877,6.0,PERSONAL,D,2982,16.97,0.088,Y,45,1
56,64489,7.0,VENTURE,E,6600,20.36,0.1023,Y,35,1
70,26133,4.0,EDUCATION,A,20356,6.82,0.7789,N,45,0
65,74890,4.0,EDUCATION,B,20448,9.01,0.273,Y,45,1
36,37681,5.0,VENTURE,C,8916,12.62,0.2366,Y,18,1
65,92735,2.0,VENTURE,C,18917,11.8,0.204,N,45,0
27,39497,6.0,MEDICAL,B,13776,9.3,0.3488,N,6,0
34,69393,7.0,EDUCATION,B,19692,11.48,0.2838,N,15,0
30,54109,6.0,HOMEIMPROVEMENT,F,20664,23.26,0.3819,Y,9,1
25,73802,2.0,VENTURE,A,9073,7.39,0.1229,N,3,0
23,52076,5.0,VENTURE,D,17772,16.77,0.3413,N,6,0
28,19636,4.0,DEBTCONSOLIDATION,B,9152,9.0,0.4661,N,6,0
24,85377,2.0,DEBTCONSOLIDATION,A,18254,8.12,0.2138,N,7,0
39,46712,4.0,PERSONAL,D,5885,17.41,0.126,Y,18,1
22,75677,8.0,EDUCATION,F,13527,23.38,0.1787,N,4,0
21,71656,6.0,HOMEIMPROVEMENT,D,13321,15.62,0.1859,N,1,0
74,32038,4.0,PERSONAL,C,19230,14.2,0.6002,N,45,1
22,29639,4.0,PERSONAL,C,9151,13.25,0.3087,N,2,0
22,70294,6.0,EDUCATION,A,5121,8.3,0.0729,N,5,0
19,41490,5.0,HOMEIMPROVEMENT,A,9386,6.83,0.2262,Y,1,0
25,82046,5.0,EDUCATION,D,3589,15.34,0.0437,N,6,0
48,44444,4.0,PERSONAL,C,7374,11.7,0.1659,N,29,0
65,86066,5.0,PERSONAL,B,3292,8.96,0.0382,N,43,0
59,61871,7.0,MEDICAL,C,10449,12.48,0.1689,N,36,0
51,57433,4.0,EDUCATION,B,21336,10.81,0.3715,N,28,0
22,39906,3.0,VENTURE,E,19152,19.01,0.4799,N,1,1
62,55705,5.0,HOMEIMPROVEMENT,B,3019,10.53,0.0542,N,43,0
20,94472,1.0,PERSONAL,A,11793,7.51,0.1248,N,2,0
53,47580,8.0,EDUCATION,A,50000,5.1,1.0509,N,31,1
41,65653,4.0,MEDICAL,E,6695,17.61,0.102,Y,18,1
68,50286,4.0,VENTURE,B,13755,10.92,0.2735,N,45,0
35,52498,3.0,EDUCATION,F,23145,23.99,0.4409,N,18,1
54,126484,8.0,MEDICAL,A,3478,7.36,0.0275,N,33,0
43,94935,6.0,PERSONAL,A,12820,5.89,0.135,N,23,0
47,51209,3.0,PERSONAL,D,19337,15.22,0.3776,N,25,0
71,55157,9.0,HOMEIMPROVEMENT,B,7858,8.55,0.1425,Y,45,1
58,33321,7.0,MEDICAL,C,3550,12.29,0.1065,Y,36,0
41,44572,7.0,MEDICAL,C,23958,14.45,0.5375,N,21,0
43,58114,1.0,MEDICAL,C,2862,12.84,0.0492,N,22,0
58,78263,10.0,DEBTCONSOLIDATION,B,2029,8.86,0.0259,N,39,0
37,74018,6.0,MEDICAL,C,3639,13.16,0.0492,Y,15,1
27,26633,6.0,EDUCATION,C,7388,13.34,0.2774,N,5,0
44,83896,7.0,PERSONAL,B,3279,9.42,0.0391,N,27,0
21,46684,7.0,HOMEIMPROVEMENT,C,4254,11.89,0.0911,N,4,0
27,28485,9.0,DEBTCONSOLIDATION,A,6030,6.78,0.2117,N,9,0
41,102233,5.0,DEBTCONSOLIDATION,A,25066,7.83,0.2452,Y,20,0
63,109623,10.0,PERSONAL,A,13644,6.56,0.1245,N,45,0
62,56673,3.0,VENTURE,D,11624,16.43,0.2051,N,45,0
32,72390,3.0,MEDICAL,C,31576,12.02,0.4362,N,13,1
42,74764,7.0,EDUCATION,A,32875,5.72,0.4397,N,20,0
26,105627,8.0,HOMEIMPROVEMENT,D,5089,14.7,0.0482,N,8,0
61,73162,6.0,DEBTCONSOLIDATION,A,4871,7.67,0.0666,N,39,0
32,23618,5.0,PERSONAL,A,6290,6.57,0.2663,N,9,0
63,148063,5.0,PERSONAL,A,11851,7.55,0.08,N,43,0
65,88089,7.0,PERSONAL,C,26610,14.24,0.3021,N,45,0
57,37040,2.0,HOMEIMPROVEMENT,A,4635,5.18,0.1251,N,36,0
36,27825,3.0,DEBTCONSOLIDATION,C,9349,12.88,0.336,N,19,0
72,64708,6.0,VENTURE,D,9002,15.45,0.1391,N,45,0
57,42064,4.0,PERSONAL,B,27711,9.4,0.6588,N,38,1
54,58776,5.0,MEDICAL,D,18692,15.38,0.318,N,37,0
66,73782,6.0,MEDICAL,A,4698,7.03,0.0637,N,45,0
68,35898,13.0,HOMEIMPROVEMENT,C,17763,13.69,0.4948,N,45,1
22,26532,6.0,HOMEIMPROVEMENT,E,8043,20.56,0.3031,N,1,0
68,60609,6.0,PERSONAL,B,12031,9.22,0.1985,Y,45,1
61,36557,7.0,EDUCATION,D,3997,17.12,0.1093,N,41,0
29,53122,5.0,PERSONAL,C,2344,13.18,0.0441,N,11,0
35,23415,5.0,MEDICAL,A,7992,5.44,0.3413,Y,18,0
60,42672,3.0,PERSONAL,E,4894,18.2,0.1147,N,37,0
30,72636,2.0,MEDICAL,A,8619,8.26,0.1187,Y,11,0
43,68409,2.0,MEDICAL,D,6140,16.19,0.0898,N,21,0
57,31773,3.0,MEDICAL,A,10234,6.37,0.3221,N,34,0
55,25782,7.0,HOMEIMPROVEMENT,B,11786,9.6,0.4571,N,32,0
69,49447,2.0,MEDICAL,C,16623,13.96,0.3362,N,45,0
24,66740,5.0,HOMEIMPROVEMENT,C,16506,13.83,0.2473,N,5,0
34,61257,3.0,DEBTCONSOLIDATION,C,25208,11.58,0.4115,N,14,0
74,36986,5.0,PERSONAL,A,10617,7.66,0.2871,N,45,0
50,57745,2.0,PERSONAL,B,4092,9.38,0.0709,N,30,0
32,112004,0.0,PERSONAL,C,20163,11.76,0.18,N,10,0
34,54875,2.0,HOMEIMPROVEMENT,B,12068,10.5,0.2199,Y,16,1
37,19965,7.0,VENTURE,B,17275,10.85,0.8653,N,19,0
49,54817,6.0,VENTURE,A,17807,8.19,0.3248,N,30,0
34,150870,5.0,VENTURE,C,8157,13.98,0.0541,N,17,0
53,24147,4.0,MEDICAL,B,8074,9.17,0.3344,N,34,0
43,49828,8.0,EDUCATION,A,41484,6.17,0.8325,N,24,0
52,43283,5.0,PERSONAL,B,3901,11.02,0.0901,N,33,0
26,51675,8.0,DEBTCONSOLIDATION,B,7130,10.06,0.138,N,4,0
53,54548,7.0,EDUCATION,C,18330,12.7,0.336,N,33,0
70,91764,5.0,EDUCATION,A,8620,5.6,0.0939,N,45,0
25,51360,1.0,HOMEIMPROVEMENT,A,6600,5.27,0.1285,N,7,0
36,98962,6.0,HOMEIMPROVEMENT,B,17577,10.86,0.1776,N,19,0
57,45949,5.0,MEDICAL,E,26229,18.38,0.5708,N,35,1
53,40433,6.0,MEDICAL,A,11224,7.45,0.2776,N,32,0
56,33926,7.0,DEBTCONSOLIDATION,B,3278,9.93,0.0966,N,35,0
49,18044,3.0,MEDICAL,D,10786,15.03,0.5978,N,26,1
56,57049,2.0,DEBTCONSOLIDATION,C,13276,11.94,0.2327,N,36,0
52,151706,9.0,DEBTCONSOLIDATION,B,4780,9.37,0.0315,N,30,0
22,63071,4.0,PERSONAL,D,29329,14.5,0.465,N,4,1
60,71518,4.0,VENTURE,C,14621,13.98,0.2044,N,41,0
43,39059,5.0,DEBTCONSOLIDATION,B,4937,9.18,0.1264,N,26,0
20,42856,5.0,MEDICAL,C,14825,14.22,0.3459,Y,1,0
41,84250,3.0,EDUCATION,A,14624,6.39,0.1736,N,21,0
42,147972,4.0,EDUCATION,B,6383,10.15,0.0431,N,19,0
22,111120,6.0,HOMEIMPROVEMENT,B,4027,9.64,0.0362,N,2,0
74,76334,2.0,VENTURE,B,8074,9.05,0.1058,N,45,0
30,49977,5.0,MEDICAL,E,6310,18.45,0.1263,N,10,0
36,55014,5.0,MEDICAL,D,11956,16.49,0.2173,N,17,1
43,32388,1.0,MEDICAL,C,8120,13.45,0.2507,N,26,0
65,22103,5.0,EDUCATION,A,14114,6.94,0.6386,Y,42,1
60,26377,0.0,PERSONAL,A,11706,5.69,0.4438,N,43,0
61,50382,14.0,PERSONAL,C,17027,12.16,0.338,N,40,0
31,41747,7.0,MEDICAL,E,15134,17.5,0.3625,N,10,0
66,21846,8.0,VENTURE,A,20326,8.32,0.9304,N,44,0
65,48024,4.0,DEBTCONSOLIDATION,F,5316,23.01,0.1107,Y,42,1
44,41145,2.0,HOMEIMPROVEMENT,B,21113,9.74,0.5131,N,22,1
49,25717,8.0,EDUCATION,B,39852,9.09,1.5496,N,31,0
20,39990,5.0,MEDICAL,C,23802,13.6,0.5952,N,1,1
61,41088,6.0,MEDICAL,F,3427,21.31,0.0834,N,40,0
72,34921,7.0,PERSONAL,A,32203,6.0,0.9222,N,45,0
44,81606,7.0,PERSONAL,E,17215,18.46,0.211,N,26,0
48,17212,3.0,HOMEIMPROVEMENT,A,20545,8.43,1.1936,N,29,0
46,16445,1.0,PERSONAL,D,5576,16.24,0.3391,N,27,1
22,49109,0.0,PERSONAL,C,3516,13.59,0.0716,N,3,0
53,51682,11.0,EDUCATION,B,28389,10.87,0.5493,N,36,0
59,61225,7.0,MEDICAL,B,7039,10.4,0.115,N,36,0
70,36445,4.0,PERSONAL,F,5460,22.15,0.1498,N,45,0
70,29588,8.0,EDUCATION,D,3235,16.26,0.1093,N,45,0
46,48823,3.0,HOMEIMPROVEMENT,F,2875,21.1,0.0589,Y,25,1
72,38450,4.0,EDUCATION,A,9901,6.38,0.2575,N,45,0
48,115046,8.0,MEDICAL,B,18935,8.87,0.1646,N,30,0
54,41014,6.0,DEBTCONSOLIDATION,A,12244,5.13,0.2985,N,36,0
52,47607,4.0,VENTURE,B,8954,10.37,0.1881,Y,31,0
74,191277,8.0,VENTURE,E,25742,19.88,0.1346,N,45,0
60,44041,5.0,DEBTCONSOLIDATION,C,28402,13.63,0.6449,N,41,0
24,66561,6.0,PERSONAL,D,5136,15.46,0.0772,N,3,0
22,69945,8.0,DEBTCONSOLIDATION,A,11327,5.73,0.1619,N,1,0
41,73296,3.0,PERSONAL,B,10823,11.17,0.1477,N,24,0
47,57481,5.0,PERSONAL,E,7950,20.93,0.1383,N,28,0
56,54535,1.0,MEDICAL,B,13732,10.99,0.2518,N,39,0
45,51801,2.0,DEBTCONSOLIDATION,B,28103,11.39,0.5425,N,24,0
47,35710,5.0,EDUCATION,B,2406,9.06,0.0674,Y,24,1
70,58631,4.0,PERSONAL,C,11661,13.89,0.1989,N,45,0
37,149605,3.0,PERSONAL,A,10986,5.47,0.0734,N,20,0
46,95403,4.0,EDUCATION,C,8339,12.19,0.0874,N,27,0
49,57939,2.0,DEBTCONSOLIDATION,A,16946,5.3,0.2925,N,28,0
44,78488,7.0,VENTURE,B,8209,11.08,0.1046,N,27,0
73,30392,13.0,MEDICAL,B,5944,8.59,0.1956,N,45,0
72,42477,2.0,PERSONAL,B,17286,8.79,0.4069,Y,45,1
47,82563,5.0,DEBTCONSOLIDATION,A,4078,6.22,0.0494,N,28,0
43,111072,8.0,PERSONAL,C,6064,14.33,0.0546,N,22,0
51,32081,7.0,PERSONAL,A,5483,7.51,0.1709,Y,30,1
28,37572,5.0,EDUCATION,B,32480,9.21,0.8645,N,8,0
42,162715,3.0,MEDICAL,A,10973,6.13,0.0674,N,25,0
30,51686,2.0,DEBTCONSOLIDATION,A,3757,5.93,0.0727,N,7,0
26,133632,4.0,VENTURE,C,11821,13.54,0.0885,N,7,0
23,54927,8.0,EDUCATION,F,4496,24.87,0.0819,N,1,0
51,56128,8.0,VENTURE,F,12078,22.24,0.2152,N,34,0
18,41439,5.0,HOMEIMPROVEMENT,A,3876,5.45,0.0935,N,1,0
54,82322,7.0,PERSONAL,C,3386,13.6,0.0411,Y,35,0
42,103443,6.0,EDUCATION,E,16308,19.17,0.1577,N,21,0
38,27743,8.0,EDUCATION,B,6373,10.59,0.2297,N,17,0
61,40382,7.0,HOMEIMPROVEMENT,D,23877,17.06,0.5913,N,44,1
48,81088,3.0,DEBTCONSOLIDATION,A,2111,7.65,0.026,N,28,0
59,45649,5.0,DEBTCONSOLIDATION,F,14831,23.12,0.3249,Y,36,1
58,37370,8.0,MEDICAL,C,7013,14.25,0.1877,N,35,0
19,85412,8.0,EDUCATION,C,16545,12.3,0.1937,Y,1,0
30,89940,3.0,MEDICAL,C,7369,13.55,0.0819,N,10,0
50,38280,4.0,DEBTCONSOLIDATION,E,15180,19.04,0.3966,N,30,0
73,55094,3.0,VENTURE,B,8150,9.73,0.1479,Y,45,1
26,25218,4.0,HOMEIMPROVEMENT,A,10596,7.09,0.4202,N,7,0
24,29956,2.0,PERSONAL,B,24785,8.93,0.8274,N,3,1
71,52485,9.0,MEDICAL,F,10304,21.38,0.1963,N,45,0
73,49874,3.0,HOMEIMPROVEMENT,F,6385,22.43,0.128,Y,45,1
27,28802,5.0,MEDICAL,A,5070,7.84,0.176,N,5,0
40,33064,3.0,EDUCATION,A,13930,7.0,0.4213,N,22,1
53,27288,5.0,EDUCATION,D,21726,17.25,0.7962,N,33,1
29,62961,5.0,PERSONAL,C,15806,12.64,0.251,Y,7,0
36,16610,9.0,DEBTCONSOLIDATION,C,33516,12.56,2.0178,N,19,0
40,28103,5.0,VENTURE,C,12167,13.52,0.4329,N,23,0
54,17595,6.0,DEBTCONSOLIDATION,A,6681,7.8,0.3797,N,34,0
35,61726,6.0,PERSONAL,B,25719,9.09,0.4167,Y,17,1
41,18187,4.0,EDUCATION,B,3855,9.28,0.212,Y,24,1
34,49883,4.0,MEDICAL,C,5629,12.09,0.1128,N,12,0
61,120781,4.0,PERSONAL,C,10452,12.42,0.0865,N,40,0
26,123055,3.0,VENTURE,C,4833,11.88,0.0393,Y,7,0
31,18155,1.0,EDUCATION,B,14445,11.34,0.7956,N,12,0
32,57764,5.0,PERSONAL,C,7314,14.41,0.1266,N,9,0
69,28454,9.0,EDUCATION,A,20753,7.61,0.7294,N,45,0
71,25432,5.0,DEBTCONSOLIDATION,C,13934,13.57,0.5479,N,45,1
46,46054,4.0,VENTURE,B,37281,9.09,0.8095,N,27,0
26,96332,8.0,VENTURE,B,2877,8.97,0.0299,N,5,0
61,68173,3.0,HOMEIMPROVEMENT,C,13775,11.75,0.2021,N,38,0
46,33079,6.0,HOMEIMPROVEMENT,A,10857,5.33,0.3282,N,26,0
66,72241,3.0,MEDICAL,D,10779,16.29,0.1492,N,45,0
38,14270,5.0,MEDICAL,D,7390,14.92,0.5179,N,21,0
74,32398,4.0,PERSONAL,A,12439,8.18,0.3839,N,45,0
63,31159,6.0,HOMEIMPROVEMENT,B,2490,9.67,0.0799,Y,45,1
30,51178,1.0,EDUCATION,D,2433,14.59,0.0475,N,8,0
59,43846,2.0,PERSONAL,A,5530,8.14,0.1261,N,42,0
34,45351,3.0,DEBTCONSOLIDATION,A,2420,8.12,0.0534,Y,13,0
37,44529,2.0,VENTURE,D,12942,14.97,0.2906,N,16,0
32,49628,5.0,MEDICAL,B,4909,10.88,0.0989,N,12,0
56,65977,5.0,VENTURE,B,9355,9.12,0.1418,Y,35,0
32,53216,9.0,EDUCATION,B,12028,9.23,0.226,N,9,0
54,41923,7.0,DEBTCONSOLIDATION,E,8754,18.53,0.2088,N,32,1
51,61142,10.0,MEDICAL,A,15523,7.37,0.2539,N,34,0
60,77216,4.0,MEDICAL,B,7000,9.41,0.0907,N,40,0
74,36104,0.0,EDUCATION,B,9310,8.9,0.2579,N,45,0
18,47445,4.0,DEBTCONSOLIDATION,F,6808,21.91,0.1435,N,1,0
74,92878,4.0,MEDICAL,B,18714,8.57,0.2015,N,45,0
24,26728,7.0,PERSONAL,E,3810,17.65,0.1425,N,4,0
48,132268,1.0,DEBTCONSOLIDATION,B,12632,11.45,0.0955,Y,31,0
37,23469,5.0,EDUCATION,B,28463,9.55,1.2128,N,19,0
54,40540,3.0,MEDICAL,C,13532,13.64,0.3338,Y,31,0
59,29068,8.0,EDUCATION,B,6388,10.75,0.2198,N,41,0
67,163302,5.0,PERSONAL,A,12278,6.72,0.0752,N,45,0
40,37166,5.0,PERSONAL,D,6138,17.08,0.1652,N,19,0
71,37217,2.0,EDUCATION,B,20803,10.35,0.559,Y,45,1
36,39978,5.0,HOMEIMPROVEMENT,D,13360,17.21,0.3342,N,17,0
29,51667,5.0,DEBTCONSOLIDATION,E,10898,19.6,0.2109,Y,6,1
39,40919,12.0,PERSONAL,B,26070,8.7,0.6371,N,20,0
48,45565,10.0,VENTURE,A,10209,5.64,0.2241,N,31,0
56,12000,5.0,DEBTCONSOLIDATION,A,3494,6.35,0.2912,N,35,0
65,50586,4.0,EDUCATION,D,10136,17.21,0.2004,N,45,0
30,49503,6.0,DEBTCONSOLIDATION,B,7988,11.19,0.1614,N,9,0
35,86787,7.0,MEDICAL,B,9520,9.68,0.1097,Y,13,0
71,100708,4.0,EDUCATION,D,13740,15.17,0.1364,N,45,0
43,44212,7.0,HOMEIMPROVEMENT,A,15828,6.13,0.358,N,20,0
31,76797,4.0,PERSONAL,B,4541,10.05,0.0591,N,8,0
74,26745,7.0,MEDICAL,C,9833,12.45,0.3677,N,45,0
43,74760,4.0,PERSONAL,C,8450,11.71,0.113,N,21,0
74,35779,5.0,MEDICAL,B,11262,11.24,0.3148,N,45,0
70,25550,4.0,MEDICAL,B,12999,10.48,0.5088,N,45,0
69,44263,8.0,VENTURE,A,9253,7.93,0.209,N,45,0
51,105900,5.0,PERSONAL,C,4135,11.9,0.039,N,29,0
63,54152,2.0,HOMEIMPROVEMENT,A,9096,7.19,0.168,N,45,0
72,111643,4.0,DEBTCONSOLIDATION,B,21952,9.88,0.1966,N,45,0
33,32474,3.0,DEBTCONSOLIDATION,A,4450,7.66,0.137,N,12,0
20,87231,11.0,MEDICAL,A,25174,8.03,0.2886,Y,2,0
36,34245,5.0,VENTURE,B,2974,8.87,0.0868,N,13,0
54,55488,5.0,DEBTCONSOLIDATION,B,11156,10.41,0.2011,N,33,0
49,55225,6.0,PERSONAL,B,6303,9.88,0.1141,N,31,0
22,70531,5.0,VENTURE,A,9548,6.65,0.1354,N,3,0
49,56269,4.0,MEDICAL,E,16130,18.91,0.2867,Y,30,1
27,32645,4.0,VENTURE,A,18669,5.13,0.5719,N,10,0
46,79552,5.0,PERSONAL,A,23717,6.06,0.2981,Y,28,1
50,127059,4.0,EDUCATION,C,3268,14.08,0.0257,N,27,0
54,35557,4.0,DEBTCONSOLIDATION,E,5225,19.84,0.1469,N,36,0
41,17865,3.0,PERSONAL,A,6467,7.83,0.362,N,23,0
41,64513,4.0,DEBTCONSOLIDATION,A,5698,6.48,0.0883,Y,18,1
56,40857,5.0,HOMEIMPROVEMENT,C,12998,14.13,0.3181,N,39,0
60,45610,3.0,EDUCATION,B,16834,10.47,0.3691,Y,42,1
64,66562,5.0,VENTURE,A,2628,8.1,0.0395,N,43,0
37,38138,6.0,DEBTCONSOLIDATION,A,4488,6.64,0.1177,N,16,0
42,42282,2.0,PERSONAL,D,8574,16.55,0.2028,Y,23,1
36,46394,4.0,VENTURE,A,9570,5.67,0.2063,N,19,0
48,110014,10.0,DEBTCONSOLIDATION,C,29116,12.59,0.2647,N,27,0
25,49838,3.0,EDUCATION,D,4060,14.95,0.0815,N,5,0
42,24844,3.0,DEBTCONSOLIDATION,A,6565,5.7,0.2642,N,20,0
28,25393,1.0,PERSONAL,C,23938,12.72,0.9427,N,6,1
48,52922,4.0,HOMEIMPROVEMENT,C,6694,12.71,0.1265,N,25,0
66,26339,5.0,PERSONAL,B,15955,11.05,0.6058,N,45,1
74,20758,4.0,MEDICAL,A,6898,6.67,0.3323,N,45,0
43,69532,10.0,PERSONAL,E,7964,17.99,0.1145,N,24,1
21,71430,10.0,DEBTCONSOLIDATION,E,14256,20.85,0.1996,N,1,0
30,40035,3.0,HOMEIMPROVEMENT,B,7899,9.39,0.1973,N,13,0
23,57613,8.0,HOMEIMPROVEMENT,B,5686,9.15,0.0987,N,1,0
61,54364,2.0,DEBTCONSOLIDATION,B,15628,11.49,0.2875,N,41,0
74,68277,11.0,HOMEIMPROVEMENT,D,5083,16.22,0.0744,N,45,0
49,68364,5.0,EDUCATION,E,16209,18.18,0.2371,N,26,0
28,12000,5.0,DEBTCONSOLIDATION,A,7470,6.41,0.6225,N,6,0
19,42947,3.0,EDUCATION,C,5036,12.28,0.1173,N,1,0
73,65176,7.0,DEBTCONSOLIDATION,B,17249,9.73,0.2647,N,45,0
36,39114,7.0,HOMEIMPROVEMENT,A,7015,6.78,0.1793,Y,19,0
24,50006,7.0,VENTURE,A,8324,7.1,0.1665,N,4,0
28,74078,8.0,VENTURE,B,2385,9.29,0.0322,N,10,0
32,51251,5.0,PERSONAL,B,4201,8.97,0.082,N,14,0
55,112347,4.0,MEDICAL,C,21458,13.09,0.191,Y,38,0
68,91111,5.0,PERSONAL,C,10904,13.35,0.1197,N,45,0
33,45926,7.0,DEBTCONSOLIDATION,F,21337,21.56,0.4646,N,15,1
57,43961,5.0,PERSONAL,C,8937,13.05,0.2033,Y,40,0
21,12000,11.0,HOMEIMPROVEMENT,A,10091,8.34,0.8409,N,2,1
18,40962,3.0,HOMEIMPROVEMENT,C,30664,12.43,0.7486,Y,1,1
21,23288,6.0,VENTURE,A,12894,5.49,0.5537,N,3,0
70,55363,4.0,MEDICAL,A,30295,6.62,0.5472,N,45,1
51,53320,1.0,MEDICAL,E,6960,19.07,0.1305,Y,34,1
63,71877,9.0,HOMEIMPROVEMENT,A,8047,6.75,0.112,N,43,0
19,105679,8.0,EDUCATION,B,5597,9.27,0.053,N,1,0
19,48317,4.0,HOMEIMPROVEMENT,E,14124,19.92,0.2923,N,2,0
66,171824,6.0,PERSONAL,C,5108,12.1,0.0297,N,45,0
23,55706,3.0,HOMEIMPROVEMENT,B,31304,10.93,0.562,N,6,0
26,23846,4.0,HOMEIMPROVEMENT,B,3071,8.8,0.1288,Y,4,0
47,35985,2.0,HOMEIMPROVEMENT,A,9586,8.5,0.2664,N,26,0
52,39934,3.0,EDUCATION,D,6400,15.05,0.1603,N,32,0
31,67891,9.0,VENTURE,D,11532,17.32,0.1699,N,11,0
43,29115,4.0,MEDICAL,E,5656,18.87,0.1943,Y,23,1
56,41610,2.0,EDUCATION,D,11248,15.71,0.2703,N,33,0
43,44865,3.0,MEDICAL,B,12789,11.11,0.2851,N,20,0
39,38312,3.0,EDUCATION,A,14153,5.08,0.3694,Y,18,1
22,76594,9.0,PERSONAL,D,33178,15.25,0.4332,Y,3,1
43,69753,5.0,PERSONAL,A,9317,5.29,0.1336,N,24,0
63,93116,6.0,VENTURE,B,7942,11.42,0.0853,N,43,0
53,40861,3.0,HOMEIMPROVEMENT,C,8456,13.37,0.2069,Y,32,0
68,94977,3.0,EDUCATION,D,3496,15.94,0.0368,N,45,0
25,23151,6.0,DEBTCONSOLIDATION,D,18946,15.67,0.8184,Y,3,1
18,22842,6.0,PERSONAL,B,4878,11.11,0.2136,N,1,0
49,25144,3.0,VENTURE,A,20281,5.08,0.8066,N,30,0
28,49269,9.0,HOMEIMPROVEMENT,B,5222,9.77,0.106,N,9,0
51,94969,3.0,HOMEIMPROVEMENT,D,3019,15.81,0.0318,N,31,0
69,35200,4.0,EDUCATION,B,1795,8.75,0.051,Y,45,1
37,37715,7.0,HOMEIMPROVEMENT,B,17941,10.07,0.4757,N,17,0
49,43529,7.0,HOMEIMPROVEMENT,A,23891,7.44,0.5489,N,26,0
56,67174,3.0,EDUCATION,C,12622,13.51,0.1879,N,37,0
26,37695,5.0,HOMEIMPROVEMENT,C,4718,13.91,0.1252,Y,5,0
69,36556,3.0,EDUCATION,C,4264,12.52,0.1166,N,45,0
29,23389,4.0,EDUCATION,B,7045,11.28,0.3012,N,12,0
64,35794,1.0,EDUCATION,C,18382,14.46,0.5135,N,45,1
55,93676,3.0,EDUCATION,A,8006,5.99,0.0855,N,35,0
26,51534,2.0,PERSONAL,B,3461,11.18,0.0672,N,4,0
59,32633,10.0,EDUCATION,D,5208,16.15,0.1596,N,41,0
29,96749,9.0,VENTURE,B,11139,10.44,0.1151,N,8,0
52,35529,6.0,EDUCATION,E,22659,20.96,0.6378,N,32,1
72,107041,5.0,VENTURE,D,15162,15.15,0.1416,N,45,0
72,106083,5.0,VENTURE,B,5375,11.13,0.0507,N,45,0
67,50554,7.0,DEBTCONSOLIDATION,B,9532,10.27,0.1886,N,45,0
46,21499,6.0,MEDICAL,C,19829,14.03,0.9223,Y,23,1
49,172685,5.0,MEDICAL,C,9401,14.07,0.0544,N,31,0
35,60657,2.0,VENTURE,B,3158,8.77,0.0521,N,16,0
70,41021,6.0,VENTURE,A,6031,6.46,0.147,N,45,0
45,82939,5.0,MEDICAL,B,1009,10.31,0.0122,Y,22,1
61,72132,6.0,HOMEIMPROVEMENT,B,12086,8.61,0.1676,Y,42,0
38,100812,4.0,VENTURE,E,24497,18.0,0.243,N,21,0
60,34054,5.0,VENTURE,D,27480,15.97,0.807,N,43,0
30,58405,7.0,EDUCATION,D,9342,15.89,0.16,N,7,0
59,25534,5.0,HOMEIMPROVEMENT,A,5258,7.37,0.2059,N,37,0
20,70720,2.0,MEDICAL,A,8406,7.31,0.1189,N,1,0
23,48406,5.0,HOMEIMPROVEMENT,F,10837,24.59,0.2239,N,1,0
38,57214,5.0,PERSONAL,B,23372,10.77,0.4085,Y,15,1
45,45229,4.0,EDUCATION,C,12645,12.48,0.2796,N,23,0
58,42700,6.0,VENTURE,C,3027,11.79,0.0709,N,39,0
38,30408,8.0,DEBTCONSOLIDATION,B,17205,9.77,0.5658,Y,17,1
19,75715,6.0,HOMEIMPROVEMENT,A,2573,5.25,0.034,N,1,0
36,111227,2.0,VENTURE,B,11221,11.12,0.1009,N,16,0
43,36092,4.0,HOMEIMPROVEMENT,E,31799,19.97,0.8811,N,21,1
48,66466,6.0,EDUCATION,C,3140,14.08,0.0472,N,27,0
54,62174,5.0,PERSONAL,E,9007,17.65,0.1449,N,33,0
32,49239,4.0,MEDICAL,A,9372,5.15,0.1903,N,14,0
52,21170,7.0,DEBTCONSOLIDATION,A,9849,6.48,0.4652,N,34,0
54,23959,5.0,EDUCATION,C,17466,13.62,0.729,N,32,1
62,31903,3.0,MEDICAL,A,6117,6.95,0.1917,N,41,0
47,15116,3.0,DEBTCONSOLIDATION,C,15757,11.66,1.0424,N,24,0
64,106342,2.0,PERSONAL,B,8150,9.79,0.0766,N,45,0
30,60008,12.0,PERSONAL,A,10753,6.67,0.1792,N,13,0
58,48219,6.0,VENTURE,A,3687,7.88,0.0765,N,40,0
20,14696,8.0,EDUCATION,C,20850,13.41,1.4188,N,1,1
23,17977,4.0,VENTURE,A,11028,6.86,0.6135,N,5,0
67,48957,8.0,EDUCATION,C,14907,13.57,0.3045,N,45,0
45,144895,4.0,MEDICAL,A,21656,7.04,0.1495,N,28,0
53,33381,9.0,DEBTCONSOLIDATION,A,8087,6.83,0.2423,N,30,0
52,78833,3.0,MEDICAL,D,8284,17.49,0.1051,N,33,0
57,37648,5.0,VENTURE,E,2828,17.8,0.0751,N,37,1
31,50532,5.0,DEBTCONSOLIDATION,A,11166,8.02,0.221,N,9,0
28,95614,9.0,EDUCATION,E,25777,19.11,0.2696,N,11,0
20,40527,0.0,PERSONAL,B,9499,10.12,0.2344,N,1,0
67,33538,5.0,VENTURE,A,5526,7.47,0.1648,N,45,0
30,106930,5.0,VENTURE,B,18383,9.92,0.1719,N,10,0
50,50264,2.0,EDUCATION,B,3618,9.81,0.072,N,29,0
43,89336,5.0,HOMEIMPROVEMENT,A,6451,7.82,0.0722,N,20,0
27,33627,4.0,HOMEIMPROVEMENT,D,6178,16.13,0.1837,N,7,0
41,106262,5.0,EDUCATION,A,18434,8.43,0.1735,N,23,0
22,56982,6.0,PERSONAL,D,11605,17.22,0.2037,N,1,0
28,62263,4.0,VENTURE,B,6549,10.17,0.1052,N,10,0
25,52701,7.0,MEDICAL,F,6916,24.36,0.1312,Y,8,1
64,37122,7.0,PERSONAL,B,11153,10.38,0.3004,N,42,0
50,48975,6.0,PERSONAL,A,11387,6.53,0.2325,N,27,0
70,38429,3.0,PERSONAL,B,10984,9.27,0.2858,Y,45,0
42,83095,1.0,PERSONAL,B,6197,11.18,0.0746,Y,20,1
29,43840,5.0,VENTURE,B,21019,9.83,0.4794,Y,10,1
52,21523,6.0,DEBTCONSOLIDATION,C,30260,12.99,1.4059,N,35,0
70,19463,2.0,HOMEIMPROVEMENT,C,26660,11.94,1.3698,N,45,0
48,18964,8.0,MEDICAL,E,23287,17.54,1.228,Y,30,1
19,68863,5.0,VENTURE,C,50000,12.51,0.7261,N,1,1
35,26021,5.0,MEDICAL,C,6069,12.45,0.2332,N,14,0
70,57817,2.0,EDUCATION,A,6340,7.0,0.1097,N,45,0
47,52844,4.0,EDUCATION,C,3739,13.47,0.0708,N,29,0
72,47306,3.0,MEDICAL,C,8389,11.81,0.1773,N,45,0
47,62387,6.0,EDUCATION,A,4159,7.29,0.0667,Y,26,1
18,53480,7.0,DEBTCONSOLIDATION,A,25012,6.68,0.4677,N,1,0
67,12000,6.0,EDUCATION,A,11573,5.78,0.9644,N,45,0
61,41027,3.0,VENTURE,C,7880,13.66,0.1921,N,43,0
58,61932,5.0,EDUCATION,C,4629,14.32,0.0747,N,36,0
73,120831,10.0,MEDICAL,B,4055,9.88,0.0336,N,45,0
29,123939,5.0,VENTURE,A,6888,7.65,0.0556,N,9,0
69,23161,8.0,HOMEIMPROVEMENT,A,30896,8.5,1.334,N,45,0
31,40443,5.0,EDUCATION,B,22147,11.39,0.5476,N,13,0
73,20715,7.0,MEDICAL,B,16878,9.79,0.8148,N,45,0
28,113089,8.0,VENTURE,C,2165,11.52,0.0191,Y,8,1
49,85568,3.0,PERSONAL,D,9272,15.69,0.1084,N,32,0
62,59445,9.0,HOMEIMPROVEMENT,C,8348,13.2,0.1404,N,39,0
22,53709,6.0,VENTURE,B,6089,11.18,0.1134,N,3,0
21,104751,8.0,VENTURE,B,10311,11.04,0.0984,Y,1,1
66,95437,4.0,PERSONAL,B,5274,11.03,0.0553,N,45,0
21,92681,4.0,MEDICAL,C,6803,11.82,0.0734,N,1,0
52,63017,5.0,MEDICAL,C,5403,13.63,0.0857,N,29,0
71,40454,5.0,EDUCATION,A,6343,7.4,0.1568,N,45,0
53,74751,5.0,VENTURE,D,984,16.64,0.0132,N,31,1
45,76789,3.0,PERSONAL,D,10446,15.24,0.136,N,27,0
41,44141,3.0,MEDICAL,F,15366,24.3,0.3481,N,18,0
54,40409,7.0,PERSONAL,E,5648,18.47,0.1398,N,36,0
50,91429,6.0,MEDICAL,A,21697,5.63,0.2373,N,27,0
46,122426,7.0,DEBTCONSOLIDATION,B,5391,11.45,0.044,N,27,0
26,32462,5.0,MEDICAL,A,4214,7.96,0.1298,N,4,0
55,42410,4.0,DEBTCONSOLIDATION,D,20672,15.87,0.4874,N,35,1
60,59457,6.0,HOMEIMPROVEMENT,D,6845,15.88,0.1151,Y,39,1
58,64063,4.0,DEBTCONSOLIDATION,B,11667,8.88,0.1821,N,39,0
22,36779,4.0,DEBTCONSOLIDATION,A,3557,7.99,0.0967,N,3,0
58,138128,6.0,HOMEIMPROVEMENT,B,8863,10.18,0.0642,N,35,0
59,61830,4.0,EDUCATION,A,7903,6.6,0.1278,N,37,0
28,65661,8.0,HOMEIMPROVEMENT,A,7592,6.95,0.1156,N,7,0
66,128976,3.0,EDUCATION,A,7691,6.05,0.0596,N,45,0
47,38292,9.0,HOMEIMPROVEMENT,A,11275,6.77,0.2944,N,26,0
44,46693,6.0,MEDICAL,E,10741,18.28,0.23,N,22,0
59,24604,3.0,PERSONAL,A,14214,7.99,0.5777,N,37,0
47,44587,6.0,DEBTCONSOLIDATION,B,2467,8.99,0.0553,N,28,0
49,21613,7.0,VENTURE,A,28284,7.19,1.3087,N,30,0
35,73962,5.0,VENTURE,B,8489,10.36,0.1148,Y,13,0
70,61759,6.0,DEBTCONSOLIDATION,A,6875,6.01,0.1113,N,45,0
73,42091,1.0,DEBTCONSOLIDATION,A,12588,8.38,0.2991,N,45,0
25,46386,2.0,HOMEIMPROVEMENT,E,8714,19.85,0.1879,N,4,0
59,74518,9.0,MEDICAL,C,10739,13.28,0.1441,N,39,0
19,26247,4.0,PERSONAL,B,7610,10.75,0.2899,Y,1,0
39,54846,5.0,VENTURE,B,14769,10.82,0.2693,N,16,0
73,72022,4.0,MEDICAL,B,3209,8.51,0.0446,N,45,0
27,18393,8.0,MEDICAL,B,11699,10.06,0.6361,N,9,0
39,71447,3.0,VENTURE,A,6927,7.88,0.097,N,20,0
30,19521,1.0,HOMEIMPROVEMENT,B,2772,8.74,0.142,N,13,0
59,45950,4.0,EDUCATION,D,21443,16.09,0.4667,N,39,1
44,25851,5.0,EDUCATION,C,7603,14.04,0.2941,Y,24,0
51,107708,3.0,EDUCATION,A,20120,7.59,0.1868,N,32,0
71,25941,6.0,HOMEIMPROVEMENT,D,16462,15.85,0.6346,N,45,1
47,19779,2.0,MEDICAL,B,5897,9.21,0.2981,N,24,0
59,52751,4.0,MEDICAL,C,22381,11.69,0.4243,N,39,1
23,39044,6.0,MEDICAL,B,8400,10.96,0.2151,N,3,0
30,21428,9.0,HOMEIMPROVEMENT,D,6185,17.42,0.2886,N,13,1
71,65460,7.0,MEDICAL,C,4942,13.24,0.0755,N,45,0
66,16394,6.0,DEBTCONSOLIDATION,C,5649,14.23,0.3446,N,45,0
55,27724,6.0,MEDICAL,D,12826,15.98,0.4626,N,36,1
39,35725,3.0,MEDICAL,D,5909,15.15,0.1654,Y,19,1
29,76208,5.0,PERSONAL,B,13357,8.62,0.1753,N,12,0
66,99958,8.0,MEDICAL,C,6913,13.63,0.0692,N,45,0
62,89906,7.0,EDUCATION,B,19254,10.0,0.2142,N,39,0
31,45057,12.0,MEDICAL,C,7560,14.16,0.1678,N,11,0
51,12899,1.0,EDUCATION,A,8679,5.68,0.6728,N,34,1
53,60777,3.0,EDUCATION,C,8986,14.13,0.1479,N,34,0
45,110063,6.0,DEBTCONSOLIDATION,D,11253,16.87,0.1022,N,24,0
70,96624,6.0,EDUCATION,B,10155,11.34,0.1051,N,45,0
25,63235,6.0,HOMEIMPROVEMENT,C,5064,13.98,0.0801,N,8,0
32,25483,5.0,HOMEIMPROVEMENT,B,37525,9.71,1.4726,N,13,0
23,36720,4.0,EDUCATION,D,15641,16.87,0.426,N,3,1
57,142002,6.0,EDUCATION,B,18923,10.43,0.1333,N,39,0
54,22489,6.0,HOMEIMPROVEMENT,B,22559,11.27,1.0031,N,31,0
74,26073,8.0,EDUCATION,A,8528,7.71,0.3271,N,45,0
48,82322,5.0,PERSONAL,A,17646,6.6,0.2144,Y,28,1
26,38671,1.0,MEDICAL,A,25466,8.26,0.6585,N,4,1
43,25591,5.0,MEDICAL,B,26853,10.08,1.0493,N,23,0
23,113593,4.0,EDUCATION,A,19060,5.91,0.1678,N,5,0
56,63169,7.0,PERSONAL,C,8484,11.6,0.1343,N,37,0
56,39735,10.0,MEDICAL,A,25445,6.31,0.6404,Y,33,1
66,26103,4.0,DEBTCONSOLIDATION,C,4045,14.31,0.155,N,45,0
37,151156,2.0,DEBTCONSOLIDATION,B,6323,11.0,0.0418,N,18,0
35,48365,3.0,HOMEIMPROVEMENT,B,1967,10.06,0.0407,N,17,0
22,105717,5.0,EDUCATION,B,8328,8.67,0.0788,N,3,0
41,80137,6.0,PERSONAL,B,7398,10.42,0.0923,N,19,0
45,36809,10.0,DEBTCONSOLIDATION,A,7110,8.04,0.1932,N,24,0
61,36970,3.0,HOMEIMPROVEMENT,B,8494,9.06,0.2298,N,41,0
60,108605,3.0,PERSONAL,C,4591,12.73,0.0423,N,43,0
25,109577,3.0,MEDICAL,C,15332,14.36,0.1399,N,7,0
34,17460,5.0,VENTURE,E,8470,19.01,0.4851,N,15,1
47,66328,4.0,VENTURE,C,7879,13.87,0.1188,N,24,0
37,45859,8.0,VENTURE,B,3872,9.05,0.0844,Y,15,0
19,27768,0.0,DEBTCONSOLIDATION,B,4843,10.03,0.1744,N,1,0
66,56611,7.0,PERSONAL,B,5134,9.35,0.0907,N,43,0
59,23335,3.0,DEBTCONSOLIDATION,F,13787,21.89,0.5908,Y,38,1
47,37928,4.0,EDUCATION,E,50000,20.36,1.3183,Y,26,1
36,31597,7.0,MEDICAL,C,11710,14.5,0.3706,N,14,0
66,37239,6.0,MEDICAL,A,17116,6.82,0.4596,N,45,1
20,47131,4.0,VENTURE,A,18019,6.32,0.3823,N,1,0
43,28041,2.0,EDUCATION,F,3168,24.33,0.113,N,20,0
63,116453,3.0,PERSONAL,D,22140,16.15,0.1901,N,43,0
72,64299,6.0,HOMEIMPROVEMENT,B,11807,10.01,0.1836,N,45,0
32,131532,4.0,PERSONAL,B,20935,8.98,0.1592,N,13,0
55,44889,7.0,EDUCATION,A,4824,6.56,0.1075,N,33,0
28,36248,6.0,PERSONAL,B,11984,10.97,0.3306,Y,5,0
24,128943,3.0,MEDICAL,C,16082,12.75,0.1247,N,5,0
38,35670,4.0,VENTURE,A,9300,5.62,0.2607,N,20,0
68,44441,9.0,MEDICAL,B,4413,8.68,0.0993,N,45,0
57,72840,4.0,PERSONAL,B,2917,10.77,0.04,N,34,0
45,24816,1.0,HOMEIMPROVEMENT,D,16224,16.32,0.6538,N,26,1
34,72490,4.0,PERSONAL,C,14819,12.42,0.2044,N,11,0
26,67564,1.0,DEBTCONSOLIDATION,E,6090,18.86,0.0901,Y,8,1
33,98531,5.0,EDUCATION,B,17470,9.49,0.1773,N,12,0
26,79979,9.0,MEDICAL,A,6684,6.05,0.0836,N,5,0
28,100206,2.0,VENTURE,D,4949,14.6,0.0494,N,7,0
57,46132,2.0,MEDICAL,B,13280,9.84,0.2879,N,38,0
25,30501,2.0,HOMEIMPROVEMENT,C,2921,14.08,0.0958,N,7,0
20,156450,4.0,HOMEIMPROVEMENT,C,11399,14.44,0.0729,Y,3,0
48,21169,5.0,MEDICAL,C,3014,11.82,0.1424,N,28,0
34,22368,10.0,PERSONAL,D,4355,15.02,0.1947,N,17,0
43,66891,8.0,VENTURE,A,7531,6.48,0.1126,N,26,0
25,119819,1.0,HOMEIMPROVEMENT,A,16122,5.47,0.1346,N,4,0
29,54407,0.0,HOMEIMPROVEMENT,B,2355,10.37,0.0433,N,10,0
43,84932,6.0,MEDICAL,B,16447,10.59,0.1936,N,22,0
57,16355,7.0,EDUCATION,C,22602,13.6,1.382,N,37,1
41,37244,4.0,EDUCATION,D,11691,17.3,0.3139,N,24,0
48,17489,9.0,EDUCATION,C,8715,11.97,0.4983,N,29,0
47,75299,9.0,VENTURE,D,9690,16.85,0.1287,N,24,0
33,20931,2.0,VENTURE,C,3609,13.36,0.1724,N,16,0
33,24274,3.0,MEDICAL,A,9514,7.62,0.3919,N,15,0
42,65037,4.0,HOMEIMPROVEMENT,C,12249,12.32,0.1883,N,22,0
19,87904,7.0,MEDICAL,C,50000,12.07,0.5688,N,1,1
57,44916,2.0,MEDICAL,C,24254,13.41,0.54,N,36,0
53,67076,3.0,HOMEIMPROVEMENT,D,8788,15.34,0.131,Y,30,1
35,65892,7.0,MEDICAL,A,4896,8.02,0.0743,N,17,0
39,43543,3.0,EDUCATION,A,12519,8.5,0.2875,N,20,0
36,26847,4.0,EDUCATION,C,9478,14.05,0.353,N,14,0
55,66882,8.0,EDUCATION,A,12738,7.56,0.1905,Y,37,0
61,68679,7.0,EDUCATION,A,4764,8.16,0.0694,N,44,0
24,80154,6.0,VENTURE,E,3076,20.58,0.0384,N,2,0
41,58199,2.0,PERSONAL,E,12944,20.14,0.2224,Y,24,1
18,25779,4.0,EDUCATION,B,7008,10.17,0.2718,N,1,0
43,71659,4.0,VENTURE,A,9745,8.23,0.136,N,20,0
32,48983,10.0,PERSONAL,D,4621,15.31,0.0943,N,13,0
37,37590,5.0,DEBTCONSOLIDATION,D,21217,15.99,0.5644,N,17,1
44,41687,4.0,VENTURE,B,4012,9.26,0.0962,N,22,0
36,33535,9.0,VENTURE,C,17774,12.71,0.53,N,14,1
40,79926,7.0,MEDICAL,A,9426,7.66,0.1179,N,18,0
61,22472,5.0,HOMEIMPROVEMENT,B,8350,9.8,0.3716,N,44,0
64,28384,6.0,VENTURE,A,11081,5.32,0.3904,N,45,0
18,40911,9.0,HOMEIMPROVEMENT,D,8476,14.9,0.2072,N,1,0
39,119081,9.0,EDUCATION,B,7928,9.05,0.0666,N,17,0
66,87540,3.0,MEDICAL,A,9626,6.16,0.11,Y,45,1
48,19881,8.0,MEDICAL,A,6948,5.75,0.3495,N,26,0
29,103077,4.0,EDUCATION,A,12222,6.82,0.1186,N,8,0
51,102968,7.0,EDUCATION,A,24327,5.96,0.2363,Y,29,1
26,25701,5.0,PERSONAL,B,50000,9.75,1.9454,N,8,1
19,12248,9.0,EDUCATION,A,19915,6.93,1.626,N,1,0
54,47111,7.0,MEDICAL,D,15850,17.3,0.3364,Y,34,1
47,90883,2.0,HOMEIMPROVEMENT,B,2305,10.12,0.0254,Y,30,1
61,117617,7.0,VENTURE,D,8875,16.23,0.0755,N,42,0
37,30364,5.0,EDUCATION,D,6141,16.1,0.2022,N,19,0
66,128487,7.0,HOMEIMPROVEMENT,C,3382,13.8,0.0263,N,45,0
42,14395,5.0,PERSONAL,A,20333,5.48,1.4125,N,24,0
60,40037,4.0,EDUCATION,B,3098,11.25,0.0774,N,42,0
23,38969,7.0,EDUCATION,E,5562,17.86,0.1427,N,2,0
23,92391,5.0,PERSONAL,D,2908,15.86,0.0315,N,1,0
62,100114,6.0,DEBTCONSOLIDATION,B,8967,10.58,0.0896,N,40,0
65,82852,3.0,MEDICAL,B,21932,9.94,0.2647,Y,43,1
71,23323,7.0,EDUCATION,B,4202,8.58,0.1802,N,45,0
36,78782,3.0,HOMEIMPROVEMENT,D,6817,16.12,0.0865,Y,15,1
19,64859,4.0,MEDICAL,E,17338,19.32,0.2673,N,1,0
73,19551,4.0,DEBTCONSOLIDATION,C,23873,13.0,1.2211,N,45,0
52,15727,4.0,VENTURE,F,10010,21.29,0.6365,Y,29,1
32,86759,6.0,DEBTCONSOLIDATION,D,4154,15.73,0.0479,N,15,0
61,44397,6.0,HOMEIMPROVEMENT,D,7908,14.55,0.1781,N,38,0
69,24176,3.0,HOMEIMPROVEMENT,B,7342,9.06,0.3037,N,45,0
34,43717,3.0,MEDICAL,B,6471,10.29,0.148,N,16,0
61,59887,2.0,PERSONAL,B,3924,9.27,0.0655,N,39,0
62,46837,7.0,MEDICAL,B,16343,8.78,0.3489,N,43,0
46,20877,6.0,MEDICAL,C,7760,13.06,0.3717,N,24,0
54,138282,4.0,EDUCATION,B,2761,9.3,0.02,N,34,0
33,85162,8.0,EDUCATION,A,14794,6.17,0.1737,N,11,0
70,40763,4.0,EDUCATION,B,31899,8.69,0.7825,N,45,1
74,41676,4.0,EDUCATION,B,12008,9.95,0.2881,N,45,0
73,59737,8.0,VENTURE,B,4826,10.52,0.0808,N,45,0
60,26336,5.0,EDUCATION,A,43399,6.11,1.6479,N,39,0
20,58540,4.0,PERSONAL,C,9700,12.87,0.1657,N,2,0
38,23578,13.0,EDUCATION,E,16960,18.35,0.7193,N,17,0
43,47155,3.0,EDUCATION,A,7521,6.88,0.1595,N,20,0
72,25778,5.0,VENTURE,D,6261,15.4,0.2429,N,45,0
49,26504,4.0,EDUCATION,A,16482,7.85,0.6219,N,27,0
48,121193,4.0,MEDICAL,A,5019,5.78,0.0414,N,27,0
26,50643,7.0,EDUCATION,C,7294,13.2,0.144,N,6,0
63,54944,5.0,MEDICAL,D,9096,15.15,0.1656,N,45,0
37,16215,3.0,PERSONAL,D,24036,14.61,1.4823,N,16,0
23,35300,6.0,MEDICAL,A,3691,8.03,0.1046,N,2,0
74,63175,3.0,PERSONAL,A,20791,7.49,0.3291,N,45,0
28,54544,9.0,HOMEIMPROVEMENT,D,16991,14.67,0.3115,N,7,0
18,14992,6.0,DEBTCONSOLIDATION,A,14910,5.23,0.9945,N,1,0
22,54936,6.0,MEDICAL,A,16130,8.45,0.2936,N,1,0
43,59970,1.0,PERSONAL,D,4484,16.67,0.0748,N,21,0
23,99316,6.0,EDUCATION,B,3702,8.75,0.0373,N,3,0
66,34187,6.0,PERSONAL,B,2772,9.02,0.0811,N,45,0
47,14283,5.0,PERSONAL,E,7517,19.2,0.5263,N,28,1
36,28332,4.0,VENTURE,C,12222,12.71,0.4314,N,19,1
18,26812,6.0,VENTURE,B,4941,11.12,0.1843,N,1,0
45,73510,4.0,VENTURE,B,14727,10.47,0.2003,N,22,0
26,12000,3.0,PERSONAL,B,8762,11.45,0.7302,N,4,0
73,38307,5.0,PERSONAL,D,9837,15.34,0.2568,Y,45,1
34,107386,7.0,EDUCATION,C,15092,12.36,0.1405,N,17,0
45,49215,0.0,EDUCATION,D,9888,16.49,0.2009,N,28,0
19,80255,7.0,EDUCATION,F,4281,24.57,0.0533,Y,2,0
25,19870,1.0,DEBTCONSOLIDATION,B,29261,11.11,1.4726,N,4,1
29,20310,6.0,PERSONAL,A,14370,6.79,0.7075,N,10,1
20,108064,3.0,MEDICAL,D,4497,15.58,0.0416,N,3,0
59,51827,4.0,DEBTCONSOLIDATION,A,8448,5.47,0.163,N,39,0
71,51885,4.0,DEBTCONSOLIDATION,A,11064,7.51,0.2132,N,45,0
74,26503,7.0,EDUCATION,B,4254,10.46,0.1605,N,45,0
33,51814,4.0,VENTURE,E,16956,19.85,0.3272,N,13,0
62,26101,2.0,HOMEIMPROVEMENT,C,4486,11.94,0.1719,N,40,0
46,94162,9.0,EDUCATION,C,32288,13.12,0.3429,N,24,0
20,219763,4.0,MEDICAL,A,18917,7.96,0.0861,N,3,0
23,63969,7.0,DEBTCONSOLIDATION,B,6103,10.66,0.0954,N,2,0
49,34571,6.0,DEBTCONSOLIDATION,A,4660,6.66,0.1348,N,26,0
42,12167,2.0,DEBTCONSOLIDATION,A,10854,7.79,0.8921,N,24,0
18,19410,4.0,VENTURE,C,3693,12.77,0.1903,N,1,0
71,115286,5.0,VENTURE,A,8706,7.19,0.0755,N,45,0
59,27832,6.0,EDUCATION,D,9686,16.63,0.348,N,41,0
46,39976,8.0,HOMEIMPROVEMENT,C,12784,14.16,0.3198,N,27,0
74,70293,4.0,HOMEIMPROVEMENT,B,19532,9.37,0.2779,N,45,0
73,110775,5.0,MEDICAL,B,17777,10.62,0.1605,N,45,0
73,43924,6.0,HOMEIMPROVEMENT,B,19314,9.15,0.4397,N,45,1
32,39239,4.0,EDUCATION,B,12801,10.02,0.3262,N,9,0
68,50990,4.0,HOMEIMPROVEMENT,C,10991,13.02,0.2156,N,45,0
46,34710,3.0,VENTURE,C,6191,14.45,0.1784,N,24,0
59,35753,3.0,PERSONAL,B,2472,9.3,0.0691,N,40,0
66,61484,6.0,EDUCATION,E,10862,18.58,0.1767,N,45,0
27,54279,7.0,VENTURE,B,4198,10.29,0.0773,N,10,0
43,158321,3.0,HOMEIMPROVEMENT,C,10667,11.67,0.0674,N,21,0
25,62402,4.0,EDUCATION,B,2026,8.77,0.0325,N,6,0
33,92330,12.0,EDUCATION,A,4202,8.41,0.0455,N,10,0
41,27195,3.0,PERSONAL,E,5779,18.18,0.2125,Y,21,1
66,65436,5.0,DEBTCONSOLIDATION,D,50000,16.32,0.7641,N,45,0
67,32937,9.0,EDUCATION,A,5840,6.99,0.1773,N,45,0
40,60931,7.0,EDUCATION,B,7244,10.4,0.1189,N,18,0
36,71588,6.0,PERSONAL,D,10252,15.87,0.1432,N,13,0
48,50383,7.0,EDUCATION,C,17091,13.94,0.3392,N,29,0
69,184246,5.0,DEBTCONSOLIDATION,C,5916,11.77,0.0321,Y,45,0
73,107515,4.0,MEDICAL,D,2503,16.84,0.0233,Y,45,0
30,93665,4.0,VENTURE,B,3307,9.24,0.0353,Y,10,1
28,74634,4.0,DEBTCONSOLIDATION,D,7772,16.22,0.1041,N,6,0
58,129294,4.0,DEBTCONSOLIDATION,E,28565,17.97,0.2209,N,40,0
35,22240,6.0,DEBTCONSOLIDATION,A,4854,5.34,0.2183,N,12,0
29,104157,3.0,DEBTCONSOLIDATION,E,16922,19.59,0.1625,N,10,0
19,28419,5.0,VENTURE,E,6899,17.89,0.2428,N,2,0
40,35940,5.0,HOMEIMPROVEMENT,B,8580,9.14,0.2387,N,23,0
40,66753,9.0,HOMEIMPROVEMENT,D,4382,15.03,0.0656,N,19,0
50,96593,3.0,DEBTCONSOLIDATION,A,12841,7.45,0.1329,N,33,0
29,25991,6.0,DEBTCONSOLIDATION,C,14710,13.88,0.566,N,9,0
58,36978,2.0,MEDICAL,B,3027,9.13,0.0819,N,39,0
56,51722,5.0,PERSONAL,B,5492,10.64,0.1062,Y,35,0
44,44245,4.0,DEBTCONSOLIDATION,E,9047,19.58,0.2045,N,27,1
28,78410,8.0,MEDICAL,C,14164,12.17,0.1806,N,10,0
46,324408,3.0,DEBTCONSOLIDATION,E,50000,20.5,0.1541,N,28,0
56,61736,5.0,MEDICAL,A,6203,6.77,0.1005,Y,33,0
39,32716,4.0,VENTURE,C,1505,12.54,0.046,N,17,0
33,24026,3.0,DEBTCONSOLIDATION,A,6542,6.97,0.2723,N,13,0
46,40991,5.0,PERSONAL,A,12573,7.72,0.3067,N,24,0
38,29227,2.0,EDUCATION,D,13790,14.99,0.4718,N,21,1
40,63395,7.0,DEBTCONSOLIDATION,C,8531,11.79,0.1346,N,20,0
37,62856,7.0,MEDICAL,A,4634,5.2,0.0737,Y,20,1
35,37996,3.0,VENTURE,B,12766,8.81,0.336,N,17,0
58,146053,8.0,MEDICAL,C,10547,14.48,0.0722,N,35,0
44,32712,6.0,MEDICAL,E,11669,19.96,0.3567,N,24,0
44,45904,5.0,EDUCATION,A,5900,7.34,0.1285,N,22,0
55,69671,5.0,DEBTCONSOLIDATION,A,17861,6.98,0.2564,Y,33,0
38,80067,3.0,HOMEIMPROVEMENT,C,11283,12.58,0.1409,N,21,0
23,98979,5.0,DEBTCONSOLIDATION,B,9178,9.07,0.0927,N,1,0
66,62048,6.0,HOMEIMPROVEMENT,C,20452,11.64,0.3296,N,45,0
21,87378,4.0,PERSONAL,A,7708,7.15,0.0882,Y,1,1
50,34002,4.0,HOMEIMPROVEMENT,C,18375,12.48,0.5404,Y,27,1
33,81222,6.0,PERSONAL,A,6598,7.49,0.0812,N,15,0
30,80627,4.0,DEBTCONSOLIDATION,B,4442,10.58,0.0551,N,11,0
20,112655,4.0,MEDICAL,E,9755,20.84,0.0866,N,1,0
69,19581,8.0,EDUCATION,A,2344,5.68,0.1197,N,45,0
42,29763,4.0,VENTURE,A,12582,8.34,0.4227,N,23,0
37,77089,3.0,DEBTCONSOLIDATION,C,20336,12.99,0.2638,N,20,0
60,12000,11.0,DEBTCONSOLIDATION,A,50000,7.68,4.1667,N,40,0
20,64254,5.0,EDUCATION,C,20232,11.53,0.3149,Y,1,1
50,87806,9.0,HOMEIMPROVEMENT,C,34981,13.64,0.3984,N,28,0
46,35703,3.0,PERSONAL,D,12196,15.52,0.3416,N,27,0
49,38692,7.0,PERSONAL,A,26306,5.57,0.6799,N,29,0
25,27152,1.0,PERSONAL,E,11296,19.23,0.416,Y,2,1
72,36796,6.0,HOMEIMPROVEMENT,C,26707,12.61,0.7258,N,45,1
31,37387,5.0,PERSONAL,D,2180,16.59,0.0583,N,14,0
56,33672,8.0,HOMEIMPROVEMENT,B,4535,9.15,0.1347,Y,37,1
60,32672,8.0,DEBTCONSOLIDATION,A,7626,7.16,0.2334,N,43,0
37,42232,7.0,HOMEIMPROVEMENT,D,18350,16.09,0.4345,N,19,1
25,41952,3.0,EDUCATION,B,16423,10.06,0.3915,Y,5,1
34,137416,4.0,DEBTCONSOLIDATION,B,5122,10.42,0.0373,N,11,0
63,39466,9.0,HOMEIMPROVEMENT,B,3669,11.0,0.093,Y,45,0
69,59235,4.0,VENTURE,A,9022,7.41,0.1523,N,45,0
71,35693,5.0,DEBTCONSOLIDATION,A,7117,6.05,0.1994,Y,45,0
30,35444,4.0,PERSONAL,E,7449,17.82,0.2102,N,10,0
52,19198,11.0,PERSONAL,C,8151,13.44,0.4246,N,35,1
26,20655,6.0,EDUCATION,B,8408,9.62,0.4071,Y,8,1
58,25239,4.0,EDUCATION,A,19479,7.12,0.7718,N,41,1
41,54232,5.0,PERSONAL,D,18542,14.71,0.3419,Y,20,0
58,88600,5.0,MEDICAL,F,7274,21.64,0.0821,N,37,0
57,18349,8.0,PERSONAL,A,7543,5.4,0.4111,N,36,0
74,36243,6.0,VENTURE,C,17273,13.21,0.4766,N,45,0
45,23114,4.0,PERSONAL,E,11978,20.85,0.5182,N,27,1
37,42389,7.0,EDUCATION,E,18969,18.62,0.4475,N,19,1
48,88581,8.0,MEDICAL,C,14060,12.66,0.1587,N,30,0
27,38338,7.0,PERSONAL,B,9685,10.49,0.2526,Y,6,1
24,47756,5.0,DEBTCONSOLIDATION,A,11413,8.25,0.239,Y,4,1
47,109138,6.0,PERSONAL,B,2627,8.85,0.0241,N,28,0
65,63060,6.0,PERSONAL,D,6378,15.13,0.1011,Y,45,1
48,32271,8.0,EDUCATION,A,27756,5.67,0.8601,N,30,0
62,53498,4.0,HOMEIMPROVEMENT,A,20522,7.79,0.3836,Y,42,0
28,31096,6.0,MEDICAL,D,8285,17.37,0.2664,N,6,0
43,61775,5.0,EDUCATION,E,4548,17.91,0.0736,N,24,0
52,65084,8.0,MEDICAL,A,15686,7.76,0.241,N,32,0
37,23110,3.0,HOMEIMPROVEMENT,A,2554,5.96,0.1105,Y,18,1
18,53978,3.0,MEDICAL,B,13840,11.15,0.2564,Y,1,1
22,45951,3.0,EDUCATION,E,10248,19.54,0.223,N,1,0
70,66142,5.0,PERSONAL,A,8173,7.97,0.1236,N,45,0
52,77438,9.0,HOMEIMPROVEMENT,A,20740,7.71,0.2678,N,34,0
33,63741,5.0,EDUCATION,E,18634,18.48,0.2923,Y,13,1
32,41491,8.0,MEDICAL,B,16984,10.29,0.4093,Y,13,1
20,81906,4.0,VENTURE,C,29447,13.45,0.3595,Y,1,0
71,30327,3.0,PERSONAL,B,6713,9.73,0.2214,N,45,0
24,23711,3.0,PERSONAL,C,6805,11.62,0.287,N,1,0
61,12000,7.0,DEBTCONSOLIDATION,B,10369,10.29,0.8641,Y,43,1
31,47165,4.0,HOMEIMPROVEMENT,A,35009,6.27,0.7423,N,13,0
37,31199,7.0,DEBTCONSOLIDATION,A,3130,5.77,0.1003,N,15,0
33,61008,1.0,MEDICAL,A,6832,5.18,0.112,N,15,0
64,16577,9.0,EDUCATION,A,6420,5.36,0.3873,N,43,0
19,34339,6.0,MEDICAL,A,14003,5.62,0.4078,N,1,0
38,63490,6.0,HOMEIMPROVEMENT,E,4442,17.63,0.07,N,16,0
33,27822,8.0,MEDICAL,A,10372,5.58,0.3728,N,12,0
33,61395,2.0,MEDICAL,F,32812,22.22,0.5344,N,16,1
28,36085,9.0,MEDICAL,E,4166,18.08,0.1154,N,10,0
70,48144,2.0,EDUCATION,B,5411,9.05,0.1124,N,45,0
39,68005,3.0,EDUCATION,A,10814,6.22,0.159,N,16,0
41,82787,5.0,MEDICAL,E,18798,18.59,0.2271,N,22,0
39,51579,5.0,HOMEIMPROVEMENT,C,11301,13.75,0.2191,N,16,0
73,31328,3.0,MEDICAL,B,19359,9.03,0.6179,N,45,1
37,38104,3.0,MEDICAL,A,19168,6.54,0.503,Y,17,0
37,69586,6.0,DEBTCONSOLIDATION,D,4475,15.24,0.0643,N,15,0
36,27953,9.0,PERSONAL,D,8962,16.58,0.3206,N,14,0
36,44447,7.0,HOMEIMPROVEMENT,A,2431,5.7,0.0547,N,14,0
23,39646,7.0,PERSONAL,A,14319,6.75,0.3612,N,5,0
52,46311,6.0,EDUCATION,D,43966,17.46,0.9494,Y,33,1
19,28138,6.0,PERSONAL,D,6548,16.85,0.2327,Y,1,0
30,17701,3.0,MEDICAL,B,7935,8.88,0.4483,N,11,0
29,65277,5.0,MEDICAL,A,6049,6.38,0.0927,N,9,0
34,83305,7.0,EDUCATION,A,28093,7.19,0.3372,N,17,0
61,18293,9.0,PERSONAL,C,15527,13.95,0.8488,N,39,1
52,60048,6.0,EDUCATION,A,8040,6.12,0.1339,N,33,0
74,88942,2.0,EDUCATION,A,3786,8.18,0.0426,Y,45,1
38,68033,6.0,MEDICAL,B,8134,8.83,0.1196,N,19,0
70,38981,7.0,MEDICAL,C,4703,12.09,0.1206,N,45,0
20,29175,4.0,PERSONAL,B,9200,9.94,0.3153,N,1,0
46,51253,5.0,VENTURE,E,10949,20.94,0.2136,N,28,0
63,56178,7.0,MEDICAL,A,5418,8.04,0.0964,Y,40,0
48,51673,2.0,EDUCATION,E,7532,20.24,0.1458,N,31,0
71,44396,3.0,PERSONAL,B,19699,9.45,0.4437,N,45,0
35,27025,5.0,PERSONAL,E,6358,20.07,0.2353,N,12,0
19,61850,5.0,PERSONAL,A,29988,5.3,0.4849,N,1,1
62,63511,5.0,PERSONAL,A,14258,7.64,0.2245,N,42,0
21,54745,3.0,PERSONAL,B,12638,10.64,0.2309,N,2,0
61,52106,7.0,EDUCATION,A,13818,6.72,0.2652,N,43,0
59,123449,6.0,MEDICAL,A,2083,6.01,0.0169,N,41,0
66,34772,3.0,MEDICAL,B,19106,9.87,0.5495,N,44,0
45,99189,8.0,DEBTCONSOLIDATION,C,22496,13.85,0.2268,N,24,0
69,32737,2.0,DEBTCONSOLIDATION,C,14528,14.46,0.4438,N,45,0
27,90212,6.0,PERSONAL,A,3748,7.93,0.0415,Y,5,0
42,96601,4.0,HOMEIMPROVEMENT,D,13637,16.33,0.1412,N,22,0
24,41723,2.0,MEDICAL,B,4804,9.69,0.1151,N,2,0
61,122214,6.0,HOMEIMPROVEMENT,C,16308,13.72,0.1334,N,39,0
58,63447,3.0,HOMEIMPROVEMENT,A,15199,5.23,0.2396,N,37,0
63,30257,5.0,EDUCATION,B,7665,10.76,0.2533,N,41,0
61,39903,5.0,MEDICAL,C,11813,12.5,0.296,N,39,0
35,91401,7.0,HOMEIMPROVEMENT,A,12269,7.27,0.1342,N,16,0
21,81445,7.0,HOMEIMPROVEMENT,A,24271,7.74,0.298,N,1,0
70,27393,4.0,MEDICAL,E,13943,17.51,0.509,N,45,0
46,45406,1.0,EDUCATION,B,5032,11.29,0.1108,N,24,0
23,54826,4.0,VENTURE,D,2892,15.54,0.0527,Y,4,1
70,37079,8.0,HOMEIMPROVEMENT,D,26062,15.64,0.7029,N,45,1
74,179295,3.0,HOMEIMPROVEMENT,A,3955,5.35,0.0221,N,45,0
43,55743,1.0,EDUCATION,B,4417,10.44,0.0792,Y,25,1
61,47382,1.0,PERSONAL,C,7201,12.76,0.152,N,41,0
20,94369,7.0,MEDICAL,D,7290,17.33,0.0772,N,1,0
23,40100,2.0,EDUCATION,E,3298,18.61,0.0822,N,3,0
33,85313,0.0,EDUCATION,A,10369,5.0,0.1215,N,16,0
55,19589,3.0,VENTURE,C,4148,12.96,0.2118,N,37,0
25,38196,5.0,EDUCATION,B,13061,10.9,0.3419,N,5,0
19,87289,2.0,HOMEIMPROVEMENT,B,13977,9.11,0.1601,N,1,0
56,116262,3.0,EDUCATION,A,21440,6.16,0.1844,N,36,0
61,32038,4.0,PERSONAL,F,13649,24.7,0.426,Y,42,1
60,30049,3.0,MEDICAL,C,15599,12.03,0.5191,N,38,0
63,66976,4.0,EDUCATION,C,3521,14.36,0.0526,Y,41,1
63,34798,4.0,EDUCATION,E,5565,19.6,0.1599,N,42,0
52,42288,6.0,PERSONAL,A,8895,7.53,0.2103,N,35,0
47,79381,3.0,EDUCATION,C,18062,14.32,0.2275,Y,25,1
66,36342,8.0,HOMEIMPROVEMENT,B,9566,11.07,0.2632,N,43,0
37,16630,3.0,HOMEIMPROVEMENT,B,8175,8.87,0.4916,N,16,0
23,23966,8.0,MEDICAL,D,14910,14.86,0.6221,N,1,1
60,49289,5.0,EDUCATION,A,2587,7.7,0.0525,N,40,0
33,17590,6.0,VENTURE,E,4837,18.97,0.275,N,15,0
73,41629,5.0,VENTURE,B,11209,10.02,0.2693,N,45,0
41,22796,3.0,MEDICAL,B,10137,10.59,0.4447,N,20,0
66,120809,3.0,HOMEIMPROVEMENT,B,13773,10.8,0.114,N,45,0
20,161268,4.0,MEDICAL,A,11915,8.37,0.0739,N,1,0
55,27391,5.0,VENTURE,C,13070,13.7,0.4772,N,36,1
43,56456,6.0,MEDICAL,C,6587,14.43,0.1167,N,20,0
44,28905,8.0,EDUCATION,A,25182,5.08,0.8712,N,25,0
33,41352,3.0,PERSONAL,B,4722,10.29,0.1142,N,11,0
73,132178,5.0,PERSONAL,D,8372,14.71,0.0633,N,45,0
40,37923,4.0,MEDICAL,B,10122,11.41,0.2669,N,17,0
66,41884,5.0,PERSONAL,C,15461,12.77,0.3691,N,45,0
42,29190,2.0,DEBTCONSOLIDATION,B,5154,9.68,0.1766,N,22,0
20,92079,4.0,EDUCATION,A,9333,7.4,0.1014,Y,1,0
68,12000,2.0,PERSONAL,C,20516,13.92,1.7097,Y,45,1
28,38424,10.0,DEBTCONSOLIDATION,A,9862,5.31,0.2567,N,11,0
33,47799,7.0,HOMEIMPROVEMENT,C,11108,13.23,0.2324,N,13,0
67,34078,8.0,EDUCATION,B,7569,11.23,0.2221,N,45,0
68,78822,2.0,VENTURE,B,9912,10.49,0.1258,Y,45,1
70,94950,8.0,HOMEIMPROVEMENT,C,9696,12.01,0.1021,Y,45,0
42,22547,5.0,MEDICAL,C,13193,12.46,0.5851,N,23,1
61,155036,6.0,MEDICAL,D,4175,14.8,0.0269,Y,39,0
36,22408,3.0,HOMEIMPROVEMENT,A,8988,6.21,0.4011,N,18,0
60,99583,5.0,MEDICAL,A,10914,7.05,0.1096,Y,38,0
46,53231,6.0,MEDICAL,A,17326,6.89,0.3255,N,26,0
20,37159,9.0,HOMEIMPROVEMENT,C,15806,13.11,0.4254,N,1,1
41,39137,9.0,DEBTCONSOLIDATION,A,26293,8.11,0.6718,N,22,1
44,48125,9.0,DEBTCONSOLIDATION,D,10057,14.8,0.209,N,22,0
32,54974,9.0,VENTURE,B,3977,10.09,0.0723,N,10,0
39,29552,9.0,MEDICAL,B,9395,8.89,0.3179,N,17,0
46,43102,5.0,VENTURE,C,3184,11.87,0.0739,N,26,0
20,32084,3.0,PERSONAL,C,3168,13.41,0.0987,N,3,0
26,25127,2.0,DEBTCONSOLIDATION,A,6339,5.22,0.2523,N,9,0
61,31272,4.0,PERSONAL,B,11657,9.26,0.3728,N,40,0
38,26043,4.0,PERSONAL,D,4671,17.31,0.1794,N,17,0
52,38906,5.0,PERSONAL,C,25116,13.7,0.6456,N,34,0
50,62184,9.0,HOMEIMPROVEMENT,A,11554,8.09,0.1858,N,32,0
49,52385,5.0,EDUCATION,E,23572,18.64,0.45,Y,26,1
41,145203,4.0,EDUCATION,E,33439,20.71,0.2303,N,22,0
45,14534,4.0,EDUCATION,B,19743,10.62,1.3584,Y,23,1
64,63458,1.0,DEBTCONSOLIDATION,B,7067,8.67,0.1114,N,45,0
73,49194,6.0,DEBTCONSOLIDATION,D,4742,16.37,0.0964,N,45,0
32,76773,3.0,MEDICAL,B,5100,8.6,0.0664,N,12,0
56,72697,7.0,HOMEIMPROVEMENT,C,10895,12.99,0.1499,Y,38,1
73,44768,5.0,EDUCATION,C,7263,11.75,0.1622,N,45,0
18,53903,6.0,VENTURE,C,4788,11.55,0.0888,N,1,0
62,32557,6.0,PERSONAL,A,14979,8.11,0.4601,N,42,0
46,68701,4.0,HOMEIMPROVEMENT,A,14136,7.6,0.2058,N,29,0
73,17441,6.0,MEDICAL,B,5189,9.22,0.2975,N,45,0
50,75150,2.0,HOMEIMPROVEMENT,B,6691,10.74,0.089,N,30,0
65,48399,9.0,VENTURE,B,3525,8.53,0.0728,N,44,0
27,37500,5.0,HOMEIMPROVEMENT,C,10486,14.4,0.2796,N,4,0
26,43135,3.0,EDUCATION,A,7184,6.25,0.1665,N,4,0
70,44911,6.0,VENTURE,C,19643,13.58,0.4374,N,45,0
48,100059,4.0,VENTURE,A,9756,6.31,0.0975,N,25,0
49,290227,8.0,PERSONAL,B,5770,10.13,0.0199,N,28,0
27,95887,4.0,PERSONAL,B,9942,9.16,0.1037,Y,9,1
30,35920,7.0,VENTURE,B,7971,11.25,0.2219,N,13,0
64,69312,2.0,EDUCATION,C,5743,13.57,0.0829,N,45,0
35,70992,4.0,VENTURE,B,8797,8.71,0.1239,N,14,0
51,29470,6.0,DEBTCONSOLIDATION,C,3852,12.16,0.1307,Y,30,1
36,24503,8.0,EDUCATION,E,10755,17.79,0.4389,N,19,1
33,47344,3.0,DEBTCONSOLIDATION,B,11346,8.93,0.2397,N,11,0
27,76438,9.0,MEDICAL,B,20472,8.67,0.2678,N,10,0
70,20201,7.0,MEDICAL,B,10880,11.43,0.5386,N,45,0
71,32975,5.0,EDUCATION,D,4845,16.48,0.1469,Y,45,1
24,67168,3.0,DEBTCONSOLIDATION,B,1130,10.19,0.0168,N,3,0
38,50158,10.0,VENTURE,F,4484,23.65,0.0894,N,20,0
50,106825,7.0,VENTURE,A,12173,7.45,0.114,N,31,0
39,22555,1.0,HOMEIMPROVEMENT,E,22866,19.48,1.0138,N,18,1
59,178740,6.0,PERSONAL,D,10415,16.88,0.0583,N,36,0
32,21038,4.0,PERSONAL,A,5478,7.03,0.2604,N,9,0
21,16057,7.0,PERSONAL,C,11537,11.93,0.7185,N,1,1
37,47457,4.0,DEBTCONSOLIDATION,A,1797,5.5,0.0379,Y,17,1
52,26266,10.0,DEBTCONSOLIDATION,A,10041,5.3,0.3823,N,31,0
28,47986,4.0,MEDICAL,C,14878,12.09,0.31,N,8,0
64,47072,9.0,VENTURE,C,5641,11.63,0.1198,N,45,0
18,44016,5.0,HOMEIMPROVEMENT,B,19491,9.79,0.4428,N,1,0
21,30843,4.0,EDUCATION,D,26436,15.1,0.8571,N,1,1
47,62190,7.0,EDUCATION,C,14635,13.36,0.2353,Y,27,1
47,41169,7.0,DEBTCONSOLIDATION,C,12824,14.41,0.3115,N,30,0
34,89950,6.0,PERSONAL,C,866,12.35,0.0096,N,11,0
32,44391,4.0,MEDICAL,B,12206,8.74,0.275,N,9,0
21,28837,3.0,MEDICAL,A,19430,7.1,0.6738,N,1,0
55,19375,5.0,EDUCATION,C,9068,12.42,0.468,N,34,0
39,44593,5.0,MEDICAL,D,17504,15.56,0.3925,N,18,0
24,24390,5.0,HOMEIMPROVEMENT,E,10907,20.97,0.4472,N,7,1
40,23330,5.0,VENTURE,A,10203,6.23,0.4373,N,20,0
71,65519,5.0,HOMEIMPROVEMENT,C,13870,12.49,0.2117,N,45,0
32,18440,4.0,EDUCATION,A,8675,5.72,0.4704,N,11,1
68,106585,10.0,EDUCATION,A,5792,7.66,0.0543,N,45,0
32,53521,5.0,EDUCATION,A,8283,7.09,0.1548,N,13,0
28,47852,6.0,MEDICAL,F,7728,21.45,0.1615,N,8,1
32,27746,3.0,PERSONAL,C,12917,13.88,0.4655,N,9,1
36,74637,7.0,DEBTCONSOLIDATION,B,5291,11.03,0.0709,Y,16,1
24,48942,6.0,HOMEIMPROVEMENT,D,22312,15.99,0.4559,N,5,1
51,33612,5.0,DEBTCONSOLIDATION,A,12406,5.51,0.3691,N,33,0
37,54715,4.0,EDUCATION,B,22892,10.47,0.4184,Y,15,1
58,19427,3.0,VENTURE,A,8294,7.62,0.4269,N,40,0
45,19941,6.0,DEBTCONSOLIDATION,B,3915,11.27,0.1963,Y,27,0
43,26473,4.0,MEDICAL,A,4179,6.42,0.1579,N,26,0
44,59411,6.0,MEDICAL,F,6284,22.52,0.1058,Y,26,1
26,48933,10.0,PERSONAL,A,4713,6.69,0.0963,N,7,0
58,87285,4.0,DEBTCONSOLIDATION,A,3302,7.13,0.0378,N,39,0
23,29554,11.0,HOMEIMPROVEMENT,A,11279,6.7,0.3816,Y,2,1
59,67242,3.0,DEBTCONSOLIDATION,B,12536,10.64,0.1864,N,36,0
74,46044,5.0,EDUCATION,A,8455,7.03,0.1836,N,45,0
61,29182,2.0,HOMEIMPROVEMENT,D,26420,17.32,0.9054,N,44,1
43,60592,5.0,PERSONAL,B,9705,8.93,0.1602,N,21,0
35,47272,6.0,PERSONAL,F,7858,22.59,0.1662,N,12,0
67,34682,3.0,DEBTCONSOLIDATION,A,8041,5.02,0.2318,N,45,0
32,50166,7.0,PERSONAL,B,16726,10.96,0.3334,N,15,0
45,45649,6.0,VENTURE,F,3810,23.91,0.0835,N,25,0
61,45047,3.0,EDUCATION,B,2741,11.18,0.0608,N,43,0
70,39068,7.0,DEBTCONSOLIDATION,B,11483,10.66,0.2939,N,45,0
70,23915,3.0,MEDICAL,A,11473,6.94,0.4797,N,45,0
23,51078,6.0,VENTURE,C,14969,13.76,0.2931,N,6,0
69,31524,8.0,HOMEIMPROVEMENT,B,9719,9.66,0.3083,N,45,0
24,27968,4.0,EDUCATION,C,33914,12.47,1.2126,N,4,0
51,42942,1.0,DEBTCONSOLIDATION,E,17622,20.81,0.4104,Y,34,1
70,73402,4.0,PERSONAL,C,1977,12.17,0.0269,N,45,0
55,54289,6.0,PERSONAL,A,3788,5.56,0.0698,N,36,0
72,36602,7.0,VENTURE,B,2676,9.81,0.0731,N,45,0
37,35802,9.0,MEDICAL,C,10453,11.7,0.292,N,19,0
35,69542,5.0,EDUCATION,C,11311,12.8,0.1626,N,15,0
36,13118,5.0,HOMEIMPROVEMENT,A,32741,7.67,2.4959,N,18,0
38,76004,5.0,HOMEIMPROVEMENT,B,5898,9.53,0.0776,N,17,0
56,17488,6.0,HOMEIMPROVEMENT,B,5278,9.44,0.3018,N,37,0
43,22505,7.0,PERSONAL,B,11815,9.63,0.525,N,21,1
60,36943,3.0,HOMEIMPROVEMENT,E,4810,19.43,0.1302,N,42,0
41,161711,7.0,VENTURE,F,8282,24.87,0.0512,N,23,0
35,123325,6.0,HOMEIMPROVEMENT,D,18888,15.17,0.1532,N,14,0
28,72299,5.0,MEDICAL,E,17045,19.7,0.2358,N,9,0
49,59640,1.0,DEBTCONSOLIDATION,E,20852,19.7,0.3496,N,31,0
69,17601,9.0,HOMEIMPROVEMENT,B,3968,10.43,0.2254,N,45,0
66,53434,6.0,DEBTCONSOLIDATION,B,14624,10.96,0.2737,N,45,0
32,36240,2.0,VENTURE,A,9962,6.07,0.2749,N,10,0
45,31283,3.0,EDUCATION,A,50000,5.5,1.5983,N,25,0
58,53377,6.0,EDUCATION,A,16377,6.64,0.3068,N,40,0
52,37831,6.0,EDUCATION,A,9951,8.19,0.263,N,33,0
21,79072,5.0,VENTURE,A,20334,6.58,0.2572,N,2,0
51,16902,4.0,EDUCATION,B,14881,9.99,0.8804,N,32,1
20,51085,5.0,PERSONAL,C,16863,12.49,0.3301,N,3,0
24,30227,6.0,PERSONAL,D,14165,17.36,0.4686,N,3,1
55,39132,4.0,HOMEIMPROVEMENT,A,7612,6.73,0.1945,N,35,0
23,57962,4.0,DEBTCONSOLIDATION,C,7566,14.44,0.1305,N,4,0
37,26515,5.0,PERSONAL,B,16201,10.09,0.611,N,14,1
51,53654,1.0,EDUCATION,C,6415,14.35,0.1196,N,34,0
55,43617,3.0,MEDICAL,A,11237,6.62,0.2576,N,37,0
43,34087,11.0,HOMEIMPROVEMENT,D,14157,14.55,0.4153,N,21,1
23,37842,7.0,VENTURE,B,6674,9.57,0.1764,N,1,0
63,45026,5.0,DEBTCONSOLIDATION,D,13626,15.55,0.3026,N,45,0
72,32134,5.0,MEDICAL,B,10167,10.99,0.3164,N,45,0
68,49212,5.0,MEDICAL,E,7633,20.46,0.1551,N,45,0
60,42066,6.0,DEBTCONSOLIDATION,C,17110,14.19,0.4067,N,43,0
40,35024,6.0,EDUCATION,E,4128,18.27,0.1179,N,23,0
67,117525,5.0,PERSONAL,B,4111,10.67,0.035,N,44,0
45,61597,8.0,EDUCATION,B,10293,9.92,0.1671,N,22,0
25,39715,3.0,EDUCATION,B,4545,8.83,0.1144,N,3,0
66,53115,5.0,MEDICAL,A,24584,6.9,0.4628,N,45,0
36,27868,11.0,EDUCATION,A,7899,5.07,0.2834,N,16,0
71,38552,4.0,HOMEIMPROVEMENT,B,3755,10.56,0.0974,N,45,0
38,41107,9.0,DEBTCONSOLIDATION,B,8919,10.86,0.217,N,16,0
67,24692,4.0,DEBTCONSOLIDATION,A,34674,7.51,1.4043,N,45,0
48,60660,4.0,VENTURE,A,5372,6.28,0.0886,N,30,0
44,37120,6.0,VENTURE,C,6458,12.77,0.174,N,27,0
34,40315,3.0,PERSONAL,E,14702,19.94,0.3647,N,16,0
65,35853,5.0,MEDICAL,A,26638,5.51,0.743,N,42,0
21,249571,3.0,VENTURE,A,4954,5.68,0.0199,N,1,0
44,34049,4.0,DEBTCONSOLIDATION,C,5854,13.66,0.1719,Y,26,1
39,15712,3.0,PERSONAL,C,3364,11.97,0.2141,N,22,0
48,20333,2.0,MEDICAL,D,9818,16.23,0.4829,N,27,1
32,74430,2.0,MEDICAL,A,11813,5.47,0.1587,N,15,0
55,102237,2.0,PERSONAL,E,18809,18.86,0.184,N,34,0
39,33691,4.0,DEBTCONSOLIDATION,A,13403,6.61,0.3978,Y,18,0
28,99054,6.0,DEBTCONSOLIDATION,A,10693,7.99,0.108,N,8,0
29,73708,9.0,PERSONAL,B,11920,9.73,0.1617,N,7,0
57,44169,2.0,EDUCATION,E,15094,19.53,0.3417,N,35,1
32,42478,3.0,MEDICAL,A,4343,5.69,0.1022,N,14,0
35,54148,6.0,EDUCATION,C,11873,13.14,0.2193,N,12,0
53,79427,3.0,VENTURE,D,3105,15.95,0.0391,Y,36,1
36,60992,7.0,HOMEIMPROVEMENT,E,22099,19.2,0.3623,N,14,0
40,33784,9.0,EDUCATION,D,35121,17.12,1.0396,N,23,1
31,44541,9.0,DEBTCONSOLIDATION,A,6604,7.87,0.1483,N,10,0
37,145756,3.0,PERSONAL,D,12395,16.48,0.085,N,17,0
57,56284,2.0,PERSONAL,D,17513,17.38,0.3112,N,38,0
48,79073,9.0,HOMEIMPROVEMENT,E,29563,19.96,0.3739,N,31,0
74,65968,7.0,MEDICAL,A,9069,8.45,0.1375,N,45,0
61,56973,2.0,VENTURE,B,6073,10.88,0.1066,N,38,0
18,52040,1.0,MEDICAL,B,13813,11.28,0.2654,N,1,0
39,80303,3.0,HOMEIMPROVEMENT,C,25052,12.47,0.312,Y,21,1
34,72784,2.0,EDUCATION,A,10500,5.87,0.1443,N,15,0
51,56678,7.0,PERSONAL,A,25596,7.85,0.4516,N,28,0
33,33470,3.0,VENTURE,B,20165,9.62,0.6025,Y,10,1
73,60600,6.0,MEDICAL,C,16638,12.46,0.2746,N,45,0
35,47247,3.0,VENTURE,C,9731,13.33,0.206,N,13,0
47,41376,5.0,EDUCATION,B,8375,8.69,0.2024,N,29,0
25,213913,5.0,HOMEIMPROVEMENT,C,33079,13.75,0.1546,N,8,0
69,21026,1.0,PERSONAL,B,5393,8.75,0.2565,N,45,0
69,83048,2.0,PERSONAL,B,14247,8.85,0.1716,Y,45,0
63,30501,2.0,PERSONAL,A,13559,5.5,0.4445,N,40,0
38,52688,4.0,VENTURE,B,12649,11.41,0.2401,N,15,0
21,201334,7.0,HOMEIMPROVEMENT,A,4646,5.07,0.0231,Y,1,0
58,28874,2.0,MEDICAL,C,10466,11.82,0.3625,N,40,0
42,32921,13.0,PERSONAL,A,6834,5.9,0.2076,Y,21,1
74,48550,3.0,PERSONAL,B,19048,11.21,0.3923,N,45,0
57,30761,8.0,EDUCATION,A,11848,6.25,0.3852,N,39,0
48,79716,9.0,EDUCATION,C,28026,14.32,0.3516,N,31,0
74,36534,8.0,MEDICAL,A,27115,5.6,0.7422,Y,45,1
63,70242,5.0,HOMEIMPROVEMENT,B,7512,9.07,0.1069,Y,43,1
44,23598,8.0,DEBTCONSOLIDATION,C,27117,11.65,1.1491,N,27,1
19,18146,3.0,HOMEIMPROVEMENT,E,6444,18.09,0.3551,N,1,0
23,43219,5.0,EDUCATION,B,25251,11.16,0.5843,N,6,1
43,20688,4.0,PERSONAL,A,4360,6.51,0.2108,N,24,0
50,112989,1.0,DEBTCONSOLIDATION,C,28107,13.36,0.2488,N,33,0
19,21133,5.0,VENTURE,B,6053,9.34,0.2864,Y,2,1
25,27702,6.0,EDUCATION,A,7827,5.65,0.2825,N,4,0
58,61542,2.0,DEBTCONSOLIDATION,C,8789,13.0,0.1428,N,39,0
60,35507,3.0,PERSONAL,A,6535,5.21,0.184,N,37,0
19,21266,2.0,EDUCATION,B,25737,11.27,1.2102,N,1,1
46,150539,6.0,MEDICAL,B,3004,10.03,0.02,N,24,0
22,28257,6.0,EDUCATION,A,14195,6.01,0.5024,N,5,0
59,44004,6.0,PERSONAL,C,15115,11.53,0.3435,N,42,0
65,43693,3.0,PERSONAL,D,4762,14.7,0.109,Y,45,1
67,72451,5.0,VENTURE,B,7228,9.33,0.0998,N,45,0
52,63214,5.0,DEBTCONSOLIDATION,B,4933,9.02,0.078,N,29,0
53,31109,9.0,DEBTCONSOLIDATION,B,7913,9.97,0.2544,N,35,0
70,40978,6.0,MEDICAL,C,18703,13.01,0.4564,N,45,1
52,43269,3.0,HOMEIMPROVEMENT,D,7595,14.89,0.1755,Y,32,1
43,74007,4.0,PERSONAL,A,12104,7.27,0.1636,N,21,0
61,25781,1.0,VENTURE,A,9218,8.24,0.3576,N,43,0
51,148740,8.0,MEDICAL,C,40364,13.43,0.2714,N,32,0
66,32287,8.0,VENTURE,B,10845,9.94,0.3359,N,45,0
47,48785,9.0,PERSONAL,B,5431,9.05,0.1113,N,24,0
67,25900,3.0,HOMEIMPROVEMENT,C,11713,13.08,0.4522,N,45,0
20,24004,4.0,MEDICAL,F,16136,24.55,0.6722,N,1,1
20,30304,5.0,MEDICAL,D,6783,16.83,0.2238,Y,1,1
23,28744,7.0,EDUCATION,B,24418,9.92,0.8495,N,3,1
49,39032,4.0,EDUCATION,A,3187,6.73,0.0817,N,30,0
58,28611,4.0,PERSONAL,B,7344,11.13,0.2567,Y,40,0
30,71865,10.0,EDUCATION,B,10042,8.87,0.1397,N,9,0
26,31868,10.0,EDUCATION,A,19640,5.88,0.6163,Y,8,1
67,29983,2.0,HOMEIMPROVEMENT,B,26605,8.87,0.8873,N,45,0
60,39492,4.0,PERSONAL,E,26164,20.12,0.6625,N,39,1
54,84631,2.0,PERSONAL,B,11079,10.52,0.1309,N,36,0
45,55170,7.0,HOMEIMPROVEMENT,F,21878,23.99,0.3966,N,24,0
41,46405,6.0,MEDICAL,A,15773,7.11,0.3399,N,23,0
19,22288,4.0,VENTURE,C,10844,13.86,0.4865,N,1,0
28,26147,3.0,PERSONAL,A,6979,7.76,0.2669,N,11,0
69,24267,4.0,VENTURE,C,11668,14.08,0.4808,N,45,0
37,100585,8.0,VENTURE,B,24014,8.74,0.2387,N,15,0
58,65631,5.0,MEDICAL,E,10525,17.72,0.1604,N,40,0
58,30519,3.0,DEBTCONSOLIDATION,A,7590,6.71,0.2487,N,38,0
35,35939,5.0,EDUCATION,C,22250,11.76,0.6191,N,17,1
29,31135,4.0,MEDICAL,C,7278,12.06,0.2338,Y,9,0
57,30114,10.0,PERSONAL,B,14632,9.87,0.4859,N,35,1
23,63143,4.0,EDUCATION,E,13005,20.68,0.206,N,6,0
46,41850,2.0,EDUCATION,B,18652,9.4,0.4457,N,29,0
68,153989,2.0,VENTURE,A,17409,8.4,0.1131,Y,45,0
58,97508,2.0,HOMEIMPROVEMENT,C,15769,14.15,0.1617,Y,41,1
61,100731,5.0,HOMEIMPROVEMENT,B,7893,10.11,0.0784,N,41,0
22,70915,7.0,EDUCATION,C,6903,13.01,0.0973,N,2,0
29,38852,5.0,VENTURE,C,12428,13.9,0.3199,N,8,0
33,68103,8.0,MEDICAL,C,11699,11.63,0.1718,N,12,0
34,40462,6.0,MEDICAL,B,50000,9.34,1.2357,N,15,0
29,120168,3.0,EDUCATION,A,12718,5.96,0.1058,N,12,0
73,61227,4.0,VENTURE,A,10572,5.37,0.1727,N,45,0
27,56630,5.0,VENTURE,A,6679,5.16,0.1179,Y,8,0
58,52569,4.0,DEBTCONSOLIDATION,E,4863,20.24,0.0925,N,41,0
51,127662,7.0,VENTURE,E,3455,17.8,0.0271,N,28,0
52,22279,3.0,VENTURE,B,4685,9.95,0.2103,N,30,0
30,134734,4.0,EDUCATION,C,8107,13.36,0.0602,Y,8,0
35,44250,2.0,PERSONAL,A,19528,6.76,0.4413,N,15,0
52,22620,1.0,DEBTCONSOLIDATION,C,13326,13.76,0.5891,N,30,1
35,32412,2.0,VENTURE,B,4999,9.12,0.1542,N,17,0
57,19772,3.0,MEDICAL,B,6493,11.38,0.3284,N,38,0
20,70228,7.0,DEBTCONSOLIDATION,A,9186,5.45,0.1308,Y,2,0
22,27693,7.0,EDUCATION,B,7799,11.09,0.2816,N,2,0
59,53785,4.0,VENTURE,A,5457,6.6,0.1015,N,40,0
53,91474,4.0,EDUCATION,A,1770,5.59,0.0193,Y,35,1
20,33873,3.0,MEDICAL,B,4712,10.71,0.1391,Y,1,1
69,42300,7.0,EDUCATION,A,4896,6.35,0.1157,N,45,0
18,23936,11.0,HOMEIMPROVEMENT,A,22036,5.66,0.9206,N,1,0
72,39592,5.0,MEDICAL,B,26370,11.08,0.666,N,45,1
59,201937,1.0,EDUCATION,B,2666,8.91,0.0132,N,39,0
74,75196,8.0,EDUCATION,A,16795,8.43,0.2233,N,45,0
72,42378,4.0,HOMEIMPROVEMENT,E,23255,20.68,0.5488,N,45,1
35,35016,7.0,PERSONAL,E,5782,17.71,0.1651,N,15,0
61,47884,1.0,MEDICAL,A,3173,6.74,0.0663,N,38,0
30,52655,9.0,MEDICAL,B,31238,10.5,0.5933,N,13,1
44,38929,4.0,MEDICAL,C,8682,13.9,0.223,N,25,0
31,65613,5.0,VENTURE,A,24185,7.87,0.3686,N,11,0
45,29016,4.0,DEBTCONSOLIDATION,C,10507,11.6,0.3621,Y,28,0
67,28937,7.0,PERSONAL,B,27779,10.69,0.96,N,45,0
42,60090,3.0,VENTURE,A,13689,5.03,0.2278,N,25,0
23,25777,5.0,PERSONAL,A,7696,8.14,0.2986,N,5,0
36,73200,3.0,PERSONAL,A,7066,7.94,0.0965,N,17,0
62,48637,3.0,PERSONAL,D,6598,15.83,0.1357,N,43,0
47,17937,7.0,DEBTCONSOLIDATION,B,8598,11.14,0.4793,N,29,1
49,52063,5.0,HOMEIMPROVEMENT,A,9445,6.95,0.1814,N,29,0
42,19402,4.0,EDUCATION,C,12810,14.11,0.6602,N,22,0
34,71779,4.0,VENTURE,B,7514,10.12,0.1047,N,13,0
52,42753,3.0,PERSONAL,B,33919,8.54,0.7934,N,32,0
54,135685,2.0,HOMEIMPROVEMENT,A,30700,6.74,0.2263,N,32,0
69,88364,5.0,DEBTCONSOLIDATION,C,12110,12.46,0.137,N,45,0
53,27354,5.0,DEBTCONSOLIDATION,D,36245,14.73,1.325,N,32,0
74,16132,6.0,VENTURE,B,27581,11.35,1.7097,N,45,1
65,32360,10.0,MEDICAL,A,8080,8.41,0.2497,N,45,0
22,25041,2.0,EDUCATION,A,13882,6.63,0.5544,N,3,0
40,133807,7.0,EDUCATION,B,9568,9.54,0.0715,N,21,0
39,48743,4.0,PERSONAL,D,27408,17.28,0.5623,N,20,1
18,81910,4.0,PERSONAL,C,5446,12.23,0.0665,Y,1,1
28,41908,3.0,MEDICAL,E,3699,20.96,0.0883,N,5,0
61,44408,3.0,EDUCATION,B,9845,9.95,0.2217,N,43,0
38,48148,2.0,HOMEIMPROVEMENT,D,5493,15.59,0.1141,N,15,1
26,90092,5.0,HOMEIMPROVEMENT,D,5600,16.79,0.0622,Y,6,1
34,58185,4.0,MEDICAL,E,8796,20.76,0.1512,N,16,0
33,27404,6.0,DEBTCONSOLIDATION,A,7320,7.84,0.2671,N,10,0
27,119656,7.0,HOMEIMPROVEMENT,E,8136,20.01,0.068,N,6,0
23,41728,5.0,PERSONAL,C,8616,11.82,0.2065,N,4,0
61,38156,5.0,HOMEIMPROVEMENT,C,12112,11.89,0.3174,N,44,0
64,12000,9.0,HOMEIMPROVEMENT,A,6317,8.01,0.5264,N,45,0
46,69488,3.0,EDUCATION,A,6746,7.22,0.0971,N,24,0
53,51821,0.0,MEDICAL,F,18420,23.75,0.3555,N,36,1
70,51790,6.0,PERSONAL,D,22806,16.68,0.4404,N,45,1
66,39279,7.0,EDUCATION,D,34944,14.83,0.8896,N,45,1
19,35725,3.0,DEBTCONSOLIDATION,A,10251,6.01,0.2869,N,1,0
72,40003,8.0,DEBTCONSOLIDATION,B,21995,10.75,0.5498,N,45,0
21,63242,6.0,VENTURE,B,8045,11.41,0.1272,N,1,0
19,69669,6.0,PERSONAL,A,13808,8.33,0.1982,Y,1,1
40,43171,6.0,PERSONAL,A,10710,5.46,0.2481,N,18,0
60,82612,9.0,MEDICAL,A,33761,6.92,0.4087,N,38,0
22,46937,2.0,EDUCATION,B,6450,8.83,0.1374,Y,2,0
34,37148,5.0,VENTURE,B,5611,10.27,0.151,N,13,0
32,54673,3.0,PERSONAL,A,10285,7.09,0.1881,N,15,0
40,23209,4.0,DEBTCONSOLIDATION,B,2576,9.08,0.111,N,19,0
74,55714,3.0,PERSONAL,B,10447,11.45,0.1875,N,45,0
36,20989,7.0,EDUCATION,B,1788,9.27,0.0852,N,17,0
29,27854,2.0,PERSONAL,C,5382,14.12,0.1932,N,9,0
24,16150,3.0,EDUCATION,A,9881,8.41,0.6118,N,2,1
29,44519,8.0,EDUCATION,D,3127,17.42,0.0702,N,7,0
25,118812,3.0,VENTURE,A,11855,7.54,0.0998,N,7,0
50,45963,8.0,HOMEIMPROVEMENT,B,2151,10.81,0.0468,N,30,0
41,69840,7.0,HOMEIMPROVEMENT,D,9416,15.51,0.1348,N,22,0
46,178755,4.0,HOMEIMPROVEMENT,C,16589,12.67,0.0928,N,29,0
65,61220,6.0,DEBTCONSOLIDATION,C,22429,14.4,0.3664,N,45,0
51,32181,1.0,PERSONAL,D,28897,14.73,0.898,N,32,1
26,34711,6.0,HOMEIMPROVEMENT,E,5346,19.25,0.154,N,3,1
39,49038,4.0,PERSONAL,A,7449,5.86,0.1519,N,20,0
35,34610,3.0,VENTURE,F,6096,21.69,0.1761,N,15,0
65,36064,4.0,HOMEIMPROVEMENT,E,18021,18.53,0.4997,N,44,1
35,84279,3.0,VENTURE,A,11446,7.76,0.1358,N,12,0
25,86196,0.0,PERSONAL,B,9823,10.54,0.114,N,7,0
59,19815,10.0,PERSONAL,C,9472,12.91,0.478,N,37,0
42,31257,9.0,DEBTCONSOLIDATION,D,14733,15.81,0.4714,Y,24,1
23,37979,2.0,DEBTCONSOLIDATION,B,5439,9.48,0.1432,Y,4,0
57,68152,3.0,HOMEIMPROVEMENT,B,17238,10.78,0.2529,N,38,0
29,91921,6.0,EDUCATION,A,12467,5.51,0.1356,N,8,0
67,216659,2.0,EDUCATION,C,20584,12.18,0.095,N,45,0
65,37944,4.0,PERSONAL,B,7698,9.82,0.2029,Y,42,0
39,39001,2.0,MEDICAL,A,10260,5.6,0.2631,N,21,0
49,67759,5.0,EDUCATION,E,21319,19.46,0.3146,N,28,0
50,33684,5.0,EDUCATION,A,4419,6.07,0.1312,N,30,0
55,45363,4.0,VENTURE,B,23185,10.57,0.5111,N,38,0
21,39016,3.0,PERSONAL,D,8258,14.53,0.2117,N,1,0
36,12000,4.0,PERSONAL,C,17122,13.05,1.4268,Y,15,1
27,52458,5.0,MEDICAL,A,17492,8.45,0.3334,N,6,0
57,44342,6.0,HOMEIMPROVEMENT,F,8740,24.23,0.1971,Y,40,1
21,98634,7.0,PERSONAL,A,10132,5.43,0.1027,N,4,0
47,49169,7.0,MEDICAL,D,3840,15.48,0.0781,N,30,0
59,24584,4.0,PERSONAL,B,2824,11.1,0.1149,N,42,0
72,42533,7.0,EDUCATION,A,10666,5.24,0.2508,N,45,0
34,15520,4.0,HOMEIMPROVEMENT,A,22535,7.47,1.452,N,14,1
18,25184,3.0,PERSONAL,A,8736,5.26,0.3469,N,1,0
59,69531,3.0,VENTURE,A,2310,5.88,0.0332,N,42,0
18,42785,0.0,PERSONAL,D,7106,17.45,0.1661,N,1,1
21,81420,11.0,MEDICAL,B,6990,11.16,0.0859,N,1,0
74,16617,3.0,EDUCATION,C,7726,12.68,0.4649,N,45,1
67,42900,7.0,EDUCATION,A,4840,7.36,0.1128,N,45,0
58,37739,6.0,MEDICAL,A,5958,6.62,0.1579,N,38,0
65,82927,8.0,DEBTCONSOLIDATION,B,3472,8.63,0.0419,N,45,0
22,70970,6.0,EDUCATION,E,41783,20.43,0.5887,N,3,1
23,69789,2.0,MEDICAL,A,31937,7.76,0.4576,N,3,0
35,114436,5.0,EDUCATION,C,5058,14.38,0.0442,N,17,0
19,40036,3.0,VENTURE,B,10244,8.75,0.2559,N,1,0
68,102159,5.0,DEBTCONSOLIDATION,A,6518,5.71,0.0638,N,45,0
21,27603,6.0,MEDICAL,C,8864,12.37,0.3211,N,4,0
49,27052,5.0,DEBTCONSOLIDATION,B,13078,10.35,0.4834,Y,28,1
66,74162,3.0,DEBTCONSOLIDATION,D,11311,17.38,0.1525,Y,43,1
59,21426,10.0,DEBTCONSOLIDATION,E,19687,20.4,0.9188,N,36,1
31,67172,2.0,EDUCATION,C,6923,14.14,0.1031,N,14,0
44,51829,4.0,VENTURE,B,9987,11.45,0.1927,N,27,0
49,88390,7.0,EDUCATION,B,1754,10.72,0.0198,N,26,0
61,47444,2.0,PERSONAL,D,11070,16.01,0.2333,N,43,1
42,50555,5.0,MEDICAL,C,2296,12.14,0.0454,Y,21,1
34,64867,6.0,MEDICAL,A,4082,6.1,0.0629,N,17,0
63,34048,7.0,VENTURE,A,24101,7.16,0.7079,N,42,0
68,33242,2.0,EDUCATION,A,24308,8.29,0.7312,N,45,0
45,63636,3.0,PERSONAL,C,4893,12.91,0.0769,N,24,0
19,48237,4.0,EDUCATION,A,32900,6.75,0.682,N,2,0
46,39182,2.0,HOMEIMPROVEMENT,A,16437,6.85,0.4195,N,24,1
68,46838,7.0,HOMEIMPROVEMENT,B,13852,10.97,0.2957,N,45,0
74,117831,7.0,PERSONAL,C,4391,13.45,0.0373,N,45,0
40,38420,3.0,PERSONAL,D,35387,16.0,0.9211,N,18,1
26,37812,4.0,PERSONAL,B,16497,10.33,0.4363,N,9,0
50,19166,4.0,MEDICAL,D,5678,14.96,0.2963,N,33,0
65,47892,4.0,PERSONAL,A,1949,5.09,0.0407,Y,43,1
71,70353,4.0,HOMEIMPROVEMENT,B,4381,9.51,0.0623,Y,45,1
20,77645,9.0,HOMEIMPROVEMENT,B,11050,11.44,0.1423,N,3,0
34,52027,3.0,MEDICAL,E,8522,19.8,0.1638,N,17,0
45,82926,6.0,MEDICAL,C,28211,11.75,0.3402,N,28,0
23,73289,6.0,MEDICAL,C,4684,13.07,0.0639,N,6,0
68,90411,4.0,EDUCATION,E,12271,17.99,0.1357,N,45,0
24,84235,4.0,VENTURE,A,20601,7.47,0.2446,N,1,0
55,116248,6.0,VENTURE,C,3938,13.23,0.0339,N,32,0
70,44652,4.0,PERSONAL,D,15182,16.53,0.34,Y,45,1
57,23626,13.0,EDUCATION,F,9789,24.03,0.4143,N,40,1
61,70618,7.0,MEDICAL,B,6732,9.73,0.0953,N,41,0
33,75305,2.0,DEBTCONSOLIDATION,C,2128,12.25,0.0283,N,16,0
65,116249,3.0,PERSONAL,A,13607,5.29,0.1171,Y,44,0
41,99181,1.0,PERSONAL,C,6172,14.3,0.0622,N,20,0
21,142915,7.0,PERSONAL,B,7582,8.54,0.0531,N,1,0
38,68935,7.0,EDUCATION,A,26392,7.59,0.3829,N,20,0
37,55594,5.0,VENTURE,E,9682,20.66,0.1742,N,17,0
47,22885,4.0,PERSONAL,E,11733,19.2,0.5127,N,29,1
33,58072,4.0,PERSONAL,E,38789,17.54,0.6679,N,13,1
44,36174,4.0,DEBTCONSOLIDATION,A,11141,7.37,0.308,N,23,0
42,55068,6.0,PERSONAL,A,5666,5.81,0.1029,Y,22,0
36,50512,5.0,EDUCATION,C,24037,12.39,0.4759,N,18,0
57,63541,3.0,EDUCATION,A,10395,6.94,0.1636,N,37,0
35,46465,3.0,HOMEIMPROVEMENT,C,6905,11.98,0.1486,Y,14,0
61,81982,0.0,DEBTCONSOLIDATION,B,5281,9.51,0.0644,Y,39,0
32,12000,6.0,HOMEIMPROVEMENT,C,8099,13.49,0.6749,Y,11,1
67,54420,6.0,MEDICAL,B,19230,10.58,0.3534,N,45,0
38,94975,8.0,MEDICAL,A,6693,8.16,0.0705,N,18,0
20,137108,5.0,MEDICAL,A,11129,7.32,0.0812,N,1,0
26,73319,5.0,DEBTCONSOLIDATION,E,5496,17.76,0.075,Y,6,1
63,123832,6.0,DEBTCONSOLIDATION,B,26820,8.83,0.2166,Y,44,1
67,53793,4.0,HOMEIMPROVEMENT,B,3773,10.87,0.0701,Y,45,0
30,49098,5.0,DEBTCONSOLIDATION,A,4981,6.92,0.1015,Y,13,0
52,65590,7.0,MEDICAL,B,6236,8.94,0.0951,N,33,0
50,48934,6.0,MEDICAL,A,3817,7.11,0.078,N,27,0
25,31879,3.0,HOMEIMPROVEMENT,B,14305,9.19,0.4487,N,5,0
43,36924,4.0,EDUCATION,C,15946,11.68,0.4319,N,26,0
57,26590,4.0,VENTURE,A,15553,5.95,0.5849,N,39,0
73,65552,8.0,MEDICAL,C,16022,12.42,0.2444,N,45,0
66,49328,8.0,DEBTCONSOLIDATION,A,3493,6.58,0.0708,N,45,0
23,40208,1.0,EDUCATION,C,11851,14.37,0.2947,N,5,0
31,35893,5.0,VENTURE,A,25961,6.87,0.7233,N,9,0
42,64717,7.0,PERSONAL,B,7800,11.43,0.1205,N,23,0
26,75300,3.0,MEDICAL,A,21043,6.69,0.2795,N,5,0
50,26323,10.0,HOMEIMPROVEMENT,C,8856,13.35,0.3364,N,28,0
18,24143,2.0,HOMEIMPROVEMENT,D,9072,16.67,0.3758,N,1,0
24,82866,6.0,DEBTCONSOLIDATION,C,4248,12.2,0.0513,N,6,0
20,23009,3.0,MEDICAL,E,7087,20.5,0.308,N,3,0
34,66245,3.0,MEDICAL,A,24305,5.01,0.3669,N,13,0
61,119288,6.0,EDUCATION,B,6334,10.64,0.0531,N,39,0
28,119441,6.0,DEBTCONSOLIDATION,B,37305,10.23,0.3123,N,10,0
74,73558,3.0,VENTURE,B,8824,10.87,0.12,N,45,0
33,72391,7.0,EDUCATION,B,25448,11.37,0.3515,N,11,0
20,169151,7.0,DEBTCONSOLIDATION,C,9969,13.69,0.0589,N,1,0
37,13576,2.0,VENTURE,A,1959,6.12,0.1443,N,17,0
60,37972,5.0,VENTURE,A,5952,8.29,0.1567,N,41,0
24,78172,6.0,PERSONAL,A,5970,5.57,0.0764,Y,6,1
22,40720,2.0,PERSONAL,B,6106,9.9,0.15,N,1,0
66,96942,6.0,MEDICAL,C,4110,11.62,0.0424,N,45,0
51,47971,5.0,PERSONAL,B,4959,10.02,0.1034,Y,34,1
37,52704,8.0,VENTURE,B,15167,10.37,0.2878,N,16,0
61,42147,5.0,VENTURE,E,50000,20.17,1.1863,N,44,1
66,36776,5.0,EDUCATION,C,11418,12.08,0.3105,N,45,0
38,36282,2.0,MEDICAL,A,7749,8.49,0.2136,N,15,0
49,56905,3.0,HOMEIMPROVEMENT,A,1754,6.12,0.0308,N,30,0
18,32015,5.0,VENTURE,A,39565,6.89,1.2358,N,1,0
35,82806,6.0,EDUCATION,B,20866,11.29,0.252,N,13,0
51,70211,4.0,MEDICAL,A,7188,6.96,0.1024,N,31,0
29,89740,3.0,MEDICAL,B,12298,9.39,0.137,N,10,0
74,26346,5.0,PERSONAL,F,7111,22.67,0.2699,Y,45,1
73,19250,2.0,EDUCATION,E,4343,18.39,0.2256,N,45,0
32,48908,4.0,PERSONAL,B,7495,8.55,0.1532,Y,13,1
40,241431,8.0,PERSONAL,D,18047,15.23,0.0748,N,22,0
28,98362,5.0,EDUCATION,B,12778,10.69,0.1299,N,5,0
46,36136,1.0,DEBTCONSOLIDATION,C,8499,11.67,0.2352,N,27,0
25,61912,7.0,MEDICAL,E,15617,20.16,0.2522,Y,8,1
40,73143,7.0,EDUCATION,D,7897,16.48,0.108,N,20,0
49,23095,5.0,PERSONAL,C,23634,13.8,1.0233,N,28,1
52,104119,8.0,EDUCATION,D,4748,15.6,0.0456,N,29,0
51,44708,2.0,EDUCATION,A,7692,7.05,0.172,N,34,0
30,46635,5.0,DEBTCONSOLIDATION,B,17253,11.11,0.37,N,11,0
63,49666,4.0,MEDICAL,D,16373,15.83,0.3297,N,42,0
57,91995,4.0,DEBTCONSOLIDATION,B,6174,10.85,0.0671,N,39,0
60,32359,6.0,EDUCATION,A,5365,7.95,0.1658,N,38,0
44,19171,5.0,PERSONAL,D,14169,16.57,0.7391,Y,26,1
68,58549,5.0,HOMEIMPROVEMENT,C,26990,13.28,0.461,N,45,0
40,15930,5.0,VENTURE,B,18605,8.78,1.1679,Y,19,1
63,41539,5.0,VENTURE,B,4326,10.55,0.1041,N,40,0
29,94162,9.0,PERSONAL,A,6178,6.98,0.0656,Y,12,1
32,67406,6.0,EDUCATION,D,4627,15.27,0.0686,Y,10,1
48,86968,2.0,PERSONAL,A,26677,6.83,0.3067,N,28,0
49,68953,5.0,EDUCATION,C,9480,13.26,0.1375,N,27,0
60,184551,4.0,VENTURE,B,7984,9.56,0.0433,N,40,0
34,35470,6.0,HOMEIMPROVEMENT,A,11990,5.86,0.338,N,16,0
67,61020,9.0,DEBTCONSOLIDATION,B,13782,11.09,0.2259,N,45,0
36,38523,0.0,EDUCATION,C,7515,12.44,0.1951,N,15,0
48,82970,6.0,EDUCATION,A,12057,7.55,0.1453,N,27,0
71,47388,4.0,HOMEIMPROVEMENT,A,10620,7.23,0.2241,N,45,0
48,126167,3.0,EDUCATION,B,31218,8.75,0.2474,N,31,0
56,36609,2.0,EDUCATION,B,10144,11.5,0.2771,N,37,0
69,106289,7.0,PERSONAL,C,13127,12.58,0.1235,N,45,0
73,67929,9.0,PERSONAL,B,6364,10.07,0.0937,Y,45,1
46,48153,7.0,PERSONAL,B,6424,9.45,0.1334,N,28,0
41,66061,3.0,PERSONAL,A,13664,6.72,0.2068,N,19,0
29,56596,7.0,HOMEIMPROVEMENT,B,5227,10.9,0.0924,N,10,0
48,59621,6.0,VENTURE,A,12498,8.11,0.2096,N,25,0
70,43748,3.0,PERSONAL,A,8367,6.64,0.1913,N,45,0
45,33327,7.0,PERSONAL,E,15210,20.42,0.4564,N,28,1
37,40770,6.0,MEDICAL,A,2516,6.81,0.0617,N,18,0
24,19424,6.0,MEDICAL,C,27193,13.02,1.4,Y,4,1
40,77891,3.0,VENTURE,B,3119,9.54,0.04,N,19,0
31,24851,5.0,EDUCATION,B,34704,10.23,1.3965,N,14,1
73,43490,5.0,MEDICAL,C,10442,14.14,0.2401,N,45,0
48,70012,5.0,VENTURE,B,14184,8.56,0.2026,Y,27,0
25,77782,5.0,PERSONAL,B,9594,8.71,0.1233,N,5,0
21,18470,3.0,DEBTCONSOLIDATION,B,10473,8.74,0.567,N,4,1
66,46605,4.0,DEBTCONSOLIDATION,A,5079,8.49,0.109,N,45,0
71,63124,4.0,EDUCATION,B,15310,9.15,0.2425,Y,45,0
61,50443,5.0,MEDICAL,B,13514,11.42,0.2679,N,39,0
25,102666,3.0,EDUCATION,F,13325,24.8,0.1298,N,7,0
23,31194,4.0,HOMEIMPROVEMENT,A,28220,7.98,0.9047,N,4,0
29,15883,2.0,PERSONAL,C,3712,12.88,0.2337,N,7,0
60,76548,2.0,PERSONAL,F,10481,23.49,0.1369,N,41,0
61,36483,3.0,HOMEIMPROVEMENT,E,3492,18.17,0.0957,N,39,0
65,18635,5.0,EDUCATION,C,22421,12.6,1.2032,N,45,0
23,44928,6.0,DEBTCONSOLIDATION,B,16522,9.64,0.3677,N,1,0
26,96452,5.0,HOMEIMPROVEMENT,C,8391,12.24,0.087,N,3,0
69,24470,5.0,HOMEIMPROVEMENT,E,18437,19.2,0.7535,N,45,1
70,177158,8.0,PERSONAL,B,14045,9.72,0.0793,N,45,0
59,30920,5.0,PERSONAL,B,3500,10.65,0.1132,N,41,0
24,51423,6.0,HOMEIMPROVEMENT,A,15675,8.33,0.3048,N,4,0
21,25071,3.0,MEDICAL,B,5439,10.07,0.2169,N,2,0
21,50155,3.0,HOMEIMPROVEMENT,A,11055,5.56,0.2204,N,1,0
57,45544,8.0,VENTURE,B,19118,9.08,0.4198,N,35,1
66,21607,4.0,DEBTCONSOLIDATION,C,10241,13.99,0.474,Y,45,1
54,231933,5.0,HOMEIMPROVEMENT,A,9455,5.04,0.0408,N,34,0
32,37330,5.0,VENTURE,A,26771,5.37,0.7171,N,11,1
61,37348,5.0,VENTURE,C,11202,13.33,0.2999,N,39,0
21,83530,4.0,HOMEIMPROVEMENT,A,8263,7.97,0.0989,N,1,0
65,132964,8.0,MEDICAL,E,3269,20.0,0.0246,Y,42,1
68,91084,6.0,MEDICAL,F,10070,21.65,0.1106,N,45,0
58,25320,5.0,DEBTCONSOLIDATION,F,16145,24.72,0.6376,N,37,1
68,55141,5.0,HOMEIMPROVEMENT,A,28176,6.94,0.511,N,45,0
51,17417,4.0,DEBTCONSOLIDATION,A,3313,7.07,0.1902,N,34,0
44,80493,6.0,VENTURE,A,13552,7.6,0.1684,N,22,0
36,19943,10.0,EDUCATION,E,16033,19.46,0.8039,N,15,1
70,31515,6.0,DEBTCONSOLIDATION,D,7361,17.03,0.2336,N,45,0
57,48934,6.0,EDUCATION,A,31627,5.97,0.6463,N,36,0
28,62614,6.0,EDUCATION,A,5502,5.34,0.0879,N,5,0
72,42467,0.0,EDUCATION,B,35683,9.2,0.8403,N,45,1
21,113039,8.0,VENTURE,A,10908,6.86,0.0965,Y,4,0
51,72968,4.0,MEDICAL,A,16973,7.51,0.2326,N,31,0
28,69884,6.0,MEDICAL,A,7445,8.33,0.1065,N,10,0
55,24930,5.0,VENTURE,C,3381,12.04,0.1356,N,36,0
41,124823,8.0,HOMEIMPROVEMENT,C,9208,12.95,0.0738,N,20,0
42,31518,7.0,EDUCATION,B,15570,11.1,0.494,N,20,1
56,127471,3.0,HOMEIMPROVEMENT,A,6774,7.74,0.0531,N,38,0
61,149075,7.0,MEDICAL,B,8133,10.48,0.0546,N,44,0
39,64988,6.0,DEBTCONSOLIDATION,C,10488,11.93,0.1614,N,19,0
74,86474,6.0,PERSONAL,B,3418,10.18,0.0395,N,45,0
46,12000,6.0,EDUCATION,A,8112,5.91,0.676,N,28,0
27,44035,4.0,PERSONAL,E,11464,19.01,0.2603,N,7,0
18,89876,2.0,PERSONAL,A,6831,5.55,0.076,N,1,0
29,81509,3.0,VENTURE,D,23585,16.11,0.2894,N,7,0
57,25063,6.0,HOMEIMPROVEMENT,C,11596,13.01,0.4627,N,37,1
48,41708,6.0,MEDICAL,B,2224,9.01,0.0533,N,27,0
37,12148,13.0,HOMEIMPROVEMENT,A,6918,5.07,0.5695,N,15,0
45,61521,3.0,VENTURE,C,6089,12.78,0.099,N,23,0
65,17399,3.0,VENTURE,B,5433,9.31,0.3123,N,42,0
50,91286,11.0,EDUCATION,A,29022,6.16,0.3179,N,32,0
21,93948,8.0,DEBTCONSOLIDATION,D,15321,16.83,0.1631,Y,1,1
20,37763,2.0,MEDICAL,C,7581,12.05,0.2008,N,1,0
45,65297,4.0,DEBTCONSOLIDATION,D,7121,15.02,0.1091,Y,28,1
41,43503,3.0,EDUCATION,A,7921,6.7,0.1821,N,19,0
66,55996,1.0,MEDICAL,B,6574,10.75,0.1174,N,45,0
51,26082,6.0,VENTURE,B,6073,10.22,0.2328,Y,33,0
61,69035,5.0,HOMEIMPROVEMENT,A,14100,8.17,0.2042,N,40,0
51,19877,5.0,EDUCATION,D,2333,16.75,0.1174,N,32,0
37,17917,7.0,DEBTCONSOLIDATION,B,14232,9.79,0.7943,N,15,0
55,45841,3.0,PERSONAL,B,3403,9.56,0.0742,N,35,0
53,43643,2.0,PERSONAL,B,14157,11.15,0.3244,N,34,0
59,56940,4.0,PERSONAL,E,20872,20.95,0.3666,N,36,1
28,34295,4.0,MEDICAL,B,4773,10.4,0.1392,N,8,0
54,138293,9.0,VENTURE,E,5933,19.96,0.0429,N,31,0
34,53547,7.0,DEBTCONSOLIDATION,E,19584,19.03,0.3657,N,16,0
63,55719,3.0,MEDICAL,B,7947,10.28,0.1426,N,45,0
63,54637,4.0,HOMEIMPROVEMENT,C,5726,13.47,0.1048,N,45,0
53,85101,5.0,VENTURE,C,5961,14.48,0.07,N,34,0
71,67292,6.0,EDUCATION,B,50000,9.59,0.743,N,45,1
48,62511,6.0,MEDICAL,F,6992,23.35,0.1119,N,27,0
19,73481,6.0,PERSONAL,C,14109,11.56,0.192,N,1,0
52,17970,5.0,HOMEIMPROVEMENT,C,15607,14.21,0.8685,N,30,0
62,18347,4.0,MEDICAL,C,29585,14.44,1.6125,N,42,0
23,47012,8.0,HOMEIMPROVEMENT,A,38267,7.06,0.814,N,1,0
23,43970,5.0,EDUCATION,C,2652,12.7,0.0603,Y,1,1
33,67433,5.0,PERSONAL,D,27337,16.94,0.4054,N,16,1
66,49563,9.0,MEDICAL,D,10919,14.69,0.2203,N,45,0
48,67509,7.0,MEDICAL,B,4821,10.3,0.0714,N,25,0
73,24708,3.0,EDUCATION,B,19636,9.57,0.7947,Y,45,1
67,48731,5.0,VENTURE,C,5262,12.08,0.108,N,45,0
49,23445,6.0,EDUCATION,B,24492,8.91,1.0447,N,27,1
56,60643,7.0,MEDICAL,B,7579,10.75,0.125,N,38,0
36,17447,3.0,MEDICAL,B,21031,10.1,1.2054,N,14,1
23,59371,6.0,PERSONAL,F,16637,24.69,0.2802,N,1,1
40,21852,3.0,VENTURE,C,4249,13.18,0.1944,Y,20,0
51,39698,4.0,EDUCATION,A,3689,5.42,0.0929,N,34,0
28,80194,5.0,HOMEIMPROVEMENT,A,11136,6.27,0.1389,N,8,0
30,55551,5.0,HOMEIMPROVEMENT,A,7043,6.19,0.1268,Y,9,1
18,19828,4.0,HOMEIMPROVEMENT,D,15735,15.88,0.7936,N,1,1
59,33866,1.0,EDUCATION,A,8403,6.49,0.2481,Y,36,1
69,21466,5.0,HOMEIMPROVEMENT,B,5389,8.78,0.251,N,45,0
65,19300,7.0,VENTURE,C,12612,12.95,0.6535,N,42,0
39,52298,6.0,DEBTCONSOLIDATION,D,2317,16.49,0.0443,Y,19,1
51,66713,5.0,VENTURE,B,3906,8.55,0.0585,N,34,0
72,62463,4.0,PERSONAL,A,4790,5.1,0.0767,N,45,0
51,68284,5.0,MEDICAL,A,1849,7.16,0.0271,N,31,0
34,48700,9.0,VENTURE,A,12760,7.01,0.262,N,14,0
37,42177,7.0,DEBTCONSOLIDATION,A,5441,7.33,0.129,N,19,0
59,27168,5.0,EDUCATION,C,11670,13.57,0.4295,N,40,0
43,38482,1.0,EDUCATION,A,16686,7.95,0.4336,Y,21,1
65,23700,5.0,HOMEIMPROVEMENT,C,24034,12.81,1.0141,N,45,0
67,30796,3.0,VENTURE,D,17302,16.73,0.5618,N,44,1
20,51477,7.0,MEDICAL,B,3224,9.0,0.0626,N,2,0
59,45945,5.0,HOMEIMPROVEMENT,E,5261,17.51,0.1145,N,39,0
39,264501,6.0,PERSONAL,B,2931,9.03,0.0111,N,21,0
47,23384,5.0,EDUCATION,B,5206,10.68,0.2226,N,30,0
33,45761,1.0,EDUCATION,A,27611,8.14,0.6034,N,14,0
38,22402,6.0,PERSONAL,C,12193,11.8,0.5443,N,16,0
36,39605,8.0,DEBTCONSOLIDATION,D,19858,15.84,0.5014,N,15,1
20,40501,6.0,DEBTCONSOLIDATION,A,3884,7.0,0.0959,N,1,0
62,78017,4.0,MEDICAL,C,8567,14.17,0.1098,N,45,0
26,38280,4.0,EDUCATION,B,15035,9.15,0.3928,N,4,0
39,44124,5.0,VENTURE,F,4888,23.62,0.1108,Y,18,1
29,38689,3.0,DEBTCONSOLIDATION,A,8461,7.92,0.2187,N,12,0
27,22684,9.0,DEBTCONSOLIDATION,B,19182,8.7,0.8456,N,5,0
39,34246,5.0,EDUCATION,B,19945,9.15,0.5824,N,20,0
70,39732,5.0,VENTURE,B,14328,8.91,0.3606,N,45,0
71,51052,6.0,PERSONAL,B,9628,10.63,0.1886,N,45,0
39,66664,5.0,VENTURE,B,10687,9.37,0.1603,N,22,0
46,43086,6.0,EDUCATION,B,4528,8.71,0.1051,N,29,0
74,42672,6.0,HOMEIMPROVEMENT,A,36873,5.33,0.8641,N,45,0
31,19025,3.0,VENTURE,A,4020,7.4,0.2113,Y,8,0
71,65963,4.0,PERSONAL,E,24512,19.53,0.3716,N,45,1
24,33431,6.0,MEDICAL,B,2571,9.5,0.0769,N,1,0
30,73933,5.0,MEDICAL,D,8175,17.24,0.1106,N,11,0
37,101117,4.0,DEBTCONSOLIDATION,B,12886,8.58,0.1274,Y,19,1
20,44207,2.0,MEDICAL,E,5936,18.32,0.1343,Y,1,1
64,27922,6.0,PERSONAL,D,3453,16.15,0.1237,N,45,0
66,48572,5.0,HOMEIMPROVEMENT,E,5553,20.82,0.1143,N,45,0
39,59384,5.0,DEBTCONSOLIDATION,D,8303,17.15,0.1398,N,21,1
65,41211,4.0,MEDICAL,C,11115,13.69,0.2697,N,45,0
62,35946,7.0,DEBTCONSOLIDATION,C,9084,12.94,0.2527,N,39,0
63,66832,4.0,EDUCATION,D,10793,15.81,0.1615,N,41,0
63,64451,7.0,EDUCATION,B,12488,10.63,0.1938,N,40,0
50,40519,6.0,DEBTCONSOLIDATION,A,15815,7.37,0.3903,N,29,0
24,19737,2.0,EDUCATION,B,7159,9.69,0.3627,N,7,0
70,63007,4.0,DEBTCONSOLIDATION,D,12548,17.14,0.1992,N,45,0
52,32143,4.0,DEBTCONSOLIDATION,A,4343,7.84,0.1351,N,30,0
69,55154,5.0,MEDICAL,E,3205,20.95,0.0581,N,45,0
72,53270,5.0,HOMEIMPROVEMENT,B,7140,9.69,0.134,Y,45,1
28,17345,5.0,HOMEIMPROVEMENT,D,50000,15.13,2.8827,N,10,1
40,51256,5.0,EDUCATION,B,9803,9.11,0.1913,N,21,0
28,65055,6.0,MEDICAL,D,17820,16.43,0.2739,N,8,0
20,69594,4.0,DEBTCONSOLIDATION,F,22707,21.8,0.3263,N,1,0
73,52289,3.0,MEDICAL,D,7957,16.72,0.1522,N,45,0
70,16523,8.0,EDUCATION,D,28001,17.34,1.6947,N,45,0
71,98952,10.0,PERSONAL,D,13995,14.58,0.1414,N,45,0
68,61455,4.0,MEDICAL,B,21249,11.13,0.3458,N,45,0
54,25290,8.0,MEDICAL,B,11359,9.19,0.4491,N,35,0
47,31784,3.0,MEDICAL,C,11811,13.16,0.3716,N,29,0
74,55668,8.0,HOMEIMPROVEMENT,A,26842,5.93,0.4822,N,45,1
49,71245,2.0,DEBTCONSOLIDATION,B,7035,9.41,0.0987,N,32,0
54,37482,6.0,EDUCATION,A,12489,7.88,0.3332,N,33,0
30,77191,6.0,HOMEIMPROVEMENT,B,10587,9.37,0.1372,N,7,0
60,18287,2.0,VENTURE,C,10913,14.01,0.5968,N,43,0
64,27629,4.0,HOMEIMPROVEMENT,A,16171,6.11,0.5853,N,45,0
56,15750,6.0,MEDICAL,E,12550,18.31,0.7968,N,33,1
46,29924,3.0,MEDICAL,A,9503,7.66,0.3176,N,26,0
29,112357,4.0,EDUCATION,A,32494,6.04,0.2892,N,9,0
19,152023,4.0,VENTURE,E,13132,17.59,0.0864,N,1,0
53,55771,6.0,EDUCATION,D,6411,15.21,0.115,N,36,0
56,34505,7.0,EDUCATION,A,10090,7.84,0.2924,N,39,0
62,43394,2.0,MEDICAL,D,10061,16.36,0.2319,N,45,0
72,63597,5.0,HOMEIMPROVEMENT,D,6809,15.71,0.1071,N,45,0
46,20751,5.0,VENTURE,B,7324,10.07,0.3529,N,28,0
65,35779,3.0,MEDICAL,D,9240,15.07,0.2583,N,43,0
58,107924,6.0,PERSONAL,B,14220,9.29,0.1318,Y,39,1
33,27580,2.0,PERSONAL,A,4527,5.3,0.1641,N,13,0
66,32468,4.0,EDUCATION,A,14885,5.98,0.4585,N,43,1
21,49377,4.0,PERSONAL,B,8646,9.28,0.1751,N,1,0
52,57281,4.0,EDUCATION,B,4666,9.81,0.0815,N,29,0
71,34760,3.0,DEBTCONSOLIDATION,C,14346,13.43,0.4127,Y,45,1
55,51140,6.0,PERSONAL,A,12410,6.98,0.2427,N,38,0
71,68484,6.0,HOMEIMPROVEMENT,C,14916,13.78,0.2178,N,45,0
21,144177,8.0,VENTURE,C,21691,12.31,0.1504,N,3,0
48,45732,3.0,PERSONAL,C,36042,12.03,0.7881,N,26,1
62,47919,10.0,PERSONAL,C,10591,13.58,0.221,N,40,0
54,113561,9.0,PERSONAL,D,8272,14.73,0.0728,N,37,0
68,36241,4.0,PERSONAL,B,9200,8.8,0.2539,N,45,0
44,23661,4.0,DEBTCONSOLIDATION,C,7821,13.72,0.3305,N,25,0
56,56254,4.0,DEBTCONSOLIDATION,A,6832,7.97,0.1214,N,33,0
41,88600,3.0,DEBTCONSOLIDATION,D,10145,14.63,0.1145,N,21,0
67,59788,2.0,EDUCATION,D,3441,15.38,0.0576,N,45,0
24,46473,5.0,PERSONAL,F,18023,22.58,0.3878,N,3,0
32,22101,4.0,HOMEIMPROVEMENT,A,12869,6.35,0.5823,N,10,0
23,47472,3.0,EDUCATION,A,29011,8.16,0.6111,N,1,0
58,96590,10.0,PERSONAL,E,5494,18.4,0.0569,N,37,0
31,24865,1.0,MEDICAL,B,27442,11.46,1.1036,Y,11,1
36,42846,1.0,PERSONAL,C,19493,12.43,0.455,Y,19,1
65,39611,7.0,PERSONAL,E,5164,17.68,0.1304,N,44,0
38,33398,5.0,MEDICAL,C,4670,12.51,0.1398,N,19,0
26,56182,4.0,VENTURE,A,12698,6.7,0.226,Y,3,0
19,62556,2.0,VENTURE,A,15096,7.25,0.2413,N,2,0
30,62196,5.0,PERSONAL,B,17435,10.43,0.2803,N,13,0
70,28645,3.0,PERSONAL,C,6468,12.36,0.2258,Y,45,1
49,19825,5.0,PERSONAL,E,50000,20.86,2.5221,N,31,1
74,56631,4.0,EDUCATION,A,4580,5.19,0.0809,N,45,0
30,37113,4.0,HOMEIMPROVEMENT,B,22752,10.28,0.613,N,9,1
38,134735,5.0,PERSONAL,D,2977,16.34,0.0221,Y,19,1
27,138203,3.0,PERSONAL,D,5807,15.5,0.042,N,7,0
40,146514,8.0,HOMEIMPROVEMENT,D,18664,16.79,0.1274,N,22,0
50,29229,4.0,EDUCATION,D,34155,15.31,1.1685,N,28,1
64,67047,11.0,MEDICAL,A,22017,5.82,0.3284,N,44,0
38,79143,3.0,PERSONAL,B,8968,10.48,0.1133,Y,18,1
61,74391,5.0,EDUCATION,C,4482,13.23,0.0602,N,38,0
53,40339,7.0,EDUCATION,A,24500,7.59,0.6074,N,30,0
34,99065,2.0,DEBTCONSOLIDATION,B,8881,10.01,0.0896,N,16,0
69,49033,6.0,MEDICAL,A,27728,5.14,0.5655,N,45,1
42,52599,6.0,PERSONAL,B,22432,9.63,0.4265,N,25,0
26,21040,5.0,HOMEIMPROVEMENT,D,14567,16.06,0.6923,N,9,1
72,69886,6.0,DEBTCONSOLIDATION,C,5706,14.26,0.0816,N,45,0
70,42479,3.0,PERSONAL,A,5953,6.43,0.1401,N,45,0
20,63299,5.0,MEDICAL,E,15364,17.6,0.2427,N,1,0
69,55787,4.0,EDUCATION,B,11277,11.26,0.2021,N,45,0
72,54150,13.0,VENTURE,C,37935,14.11,0.7006,N,45,0
65,47803,4.0,PERSONAL,C,15600,13.27,0.3263,N,45,0
32,75556,4.0,PERSONAL,A,14710,7.05,0.1947,N,14,0
53,43941,1.0,MEDICAL,D,30182,17.39,0.6869,N,34,1
48,22018,5.0,MEDICAL,C,6532,11.95,0.2967,Y,27,1
53,67032,3.0,VENTURE,A,14727,7.5,0.2197,Y,33,1
53,31415,8.0,VENTURE,A,5626,5.63,0.1791,N,33,0
54,23662,3.0,HOMEIMPROVEMENT,F,19187,21.12,0.8109,N,31,1
47,27938,5.0,HOMEIMPROVEMENT,E,31026,17.96,1.1105,Y,27,1
57,57287,2.0,DEBTCONSOLIDATION,C,11730,11.88,0.2048,N,40,0
48,46486,3.0,MEDICAL,B,3151,8.53,0.0678,N,26,0
18,15169,4.0,HOMEIMPROVEMENT,C,20867,13.27,1.3756,N,1,0
20,39695,2.0,DEBTCONSOLIDATION,B,29609,10.61,0.7459,N,1,0
72,93253,4.0,MEDICAL,D,6111,16.89,0.0655,N,45,0
69,38245,6.0,PERSONAL,C,6442,12.16,0.1684,N,45,0
51,44756,6.0,HOMEIMPROVEMENT,A,20426,6.41,0.4564,N,28,0
27,86998,4.0,PERSONAL,B,5390,9.48,0.062,Y,5,1
62,75926,7.0,EDUCATION,C,4715,12.71,0.0621,N,42,0
26,85988,5.0,HOMEIMPROVEMENT,F,5482,24.86,0.0638,N,9,0
39,12000,4.0,PERSONAL,C,7523,12.73,0.6269,Y,17,1
36,127190,7.0,PERSONAL,B,17371,9.83,0.1366,N,17,0
18,69565,6.0,HOMEIMPROVEMENT,D,11508,17.06,0.1654,N,1,0
63,189816,4.0,EDUCATION,C,20098,13.06,0.1059,N,42,0
47,31879,7.0,MEDICAL,C,15390,12.79,0.4828,Y,29,1
36,18584,5.0,EDUCATION,E,26530,18.05,1.4276,N,14,1
46,49215,6.0,EDUCATION,C,21487,13.65,0.4366,Y,23,1
18,42131,7.0,HOMEIMPROVEMENT,B,4745,10.56,0.1126,N,1,0
42,70228,5.0,HOMEIMPROVEMENT,C,8089,14.19,0.1152,N,23,0
47,88540,4.0,MEDICAL,D,25228,16.19,0.2849,N,29,0
37,46722,5.0,MEDICAL,C,13696,11.9,0.2931,Y,15,0
65,42942,7.0,VENTURE,A,7135,7.92,0.1662,N,45,0
32,65348,7.0,EDUCATION,A,7929,5.31,0.1213,N,9,0
25,42574,6.0,HOMEIMPROVEMENT,D,18930,15.45,0.4446,N,3,1
48,40660,8.0,DEBTCONSOLIDATION,B,7958,10.29,0.1957,N,29,0
68,86718,7.0,PERSONAL,F,22775,23.08,0.2626,N,45,1
39,98015,3.0,EDUCATION,A,8887,7.39,0.0907,N,22,0
20,88981,8.0,PERSONAL,C,29062,13.24,0.3266,N,1,0
73,44688,8.0,PERSONAL,B,23187,10.21,0.5189,N,45,1
43,15110,3.0,MEDICAL,A,6854,7.03,0.4536,N,25,1
27,45183,2.0,EDUCATION,B,17520,9.48,0.3878,N,8,0
53,32309,4.0,EDUCATION,A,3889,8.19,0.1204,N,30,0
36,45645,5.0,EDUCATION,B,10558,9.39,0.2313,N,14,0
71,33890,6.0,VENTURE,D,9974,15.87,0.2943,N,45,0
34,48464,6.0,EDUCATION,F,3062,24.63,0.0632,N,14,0
49,27678,10.0,MEDICAL,C,2914,11.79,0.1053,Y,27,1
48,24236,7.0,HOMEIMPROVEMENT,E,23111,19.31,0.9536,N,27,1
31,96036,2.0,PERSONAL,D,9711,15.12,0.1011,N,10,0
46,28758,7.0,PERSONAL,A,11094,7.69,0.3858,N,26,0
24,49029,3.0,MEDICAL,A,8092,6.52,0.165,N,7,0
54,82866,5.0,EDUCATION,D,24029,17.24,0.29,Y,35,1
61,81053,3.0,DEBTCONSOLIDATION,C,3471,12.63,0.0428,N,38,0
72,75899,7.0,PERSONAL,D,17903,17.31,0.2359,N,45,0
36,57906,10.0,EDUCATION,C,39559,12.77,0.6832,Y,14,1
34,72999,6.0,PERSONAL,A,5645,8.49,0.0773,N,12,0
49,104317,0.0,PERSONAL,B,5032,9.31,0.0482,N,31,0
57,61930,5.0,PERSONAL,B,12989,10.04,0.2097,N,38,0
74,17846,1.0,EDUCATION,C,15621,13.27,0.8753,N,45,1
19,36655,4.0,EDUCATION,A,4036,7.75,0.1101,N,1,0
31,71897,4.0,MEDICAL,B,7712,8.8,0.1073,N,11,0
32,34720,5.0,EDUCATION,A,28671,7.49,0.8258,Y,13,1
32,119498,6.0,PERSONAL,C,37818,12.61,0.3165,N,15,0
44,47346,5.0,VENTURE,B,8835,9.66,0.1866,Y,22,1
67,51373,6.0,EDUCATION,C,10861,11.89,0.2114,Y,45,1
19,90999,4.0,MEDICAL,D,12386,15.07,0.1361,N,1,0
64,44330,5.0,HOMEIMPROVEMENT,D,1411,16.39,0.0318,Y,44,1
53,54011,5.0,DEBTCONSOLIDATION,E,5845,17.61,0.1082,N,36,0
53,80379,6.0,DEBTCONSOLIDATION,A,9560,5.02,0.1189,N,32,0
56,21812,7.0,EDUCATION,A,50000,8.19,2.2923,N,39,0
24,41901,8.0,PERSONAL,A,13325,5.0,0.318,N,1,0
60,77345,5.0,MEDICAL,B,27498,8.91,0.3555,N,40,0
32,50821,6.0,DEBTCONSOLIDATION,B,8670,10.0,0.1706,N,13,0
47,109867,9.0,HOMEIMPROVEMENT,E,13561,18.27,0.1234,N,24,0
56,20604,5.0,MEDICAL,F,5053,22.62,0.2452,Y,37,1
52,19350,7.0,HOMEIMPROVEMENT,B,3511,10.4,0.1814,N,29,0
36,74856,3.0,PERSONAL,E,4476,18.46,0.0598,N,16,0
40,78920,3.0,PERSONAL,A,7233,5.38,0.0916,N,18,0
45,44077,4.0,DEBTCONSOLIDATION,A,9203,5.58,0.2088,N,24,0
20,61096,4.0,DEBTCONSOLIDATION,C,6284,11.86,0.1029,N,3,0
59,73855,5.0,HOMEIMPROVEMENT,B,1884,10.02,0.0255,N,40,0
23,31331,9.0,EDUCATION,D,15563,14.8,0.4967,N,1,1
44,33230,5.0,PERSONAL,E,5236,18.87,0.1576,Y,26,1
55,54412,4.0,PERSONAL,C,9560,11.97,0.1757,N,34,0
22,80599,4.0,PERSONAL,D,5552,17.47,0.0689,N,2,0
74,25815,3.0,EDUCATION,B,18720,11.06,0.7252,N,45,0
39,43964,6.0,EDUCATION,A,2709,7.77,0.0616,N,20,0
18,42858,5.0,EDUCATION,B,17359,10.65,0.405,N,1,0
55,61690,6.0,DEBTCONSOLIDATION,E,6674,20.81,0.1082,N,38,0
49,48786,12.0,PERSONAL,C,7216,12.25,0.1479,N,30,0
54,36306,4.0,PERSONAL,C,9319,14.26,0.2567,Y,34,0
60,97412,4.0,EDUCATION,E,8607,19.11,0.0884,N,39,0
45,36439,1.0,HOMEIMPROVEMENT,D,24000,14.85,0.6586,Y,22,1
65,41745,9.0,MEDICAL,C,14218,13.2,0.3406,N,45,0
39,20428,6.0,VENTURE,D,22936,16.79,1.1228,N,16,1
49,33107,6.0,VENTURE,B,12772,10.71,0.3858,N,29,0
27,65110,6.0,PERSONAL,C,8189,12.74,0.1258,N,9,0
53,58473,7.0,HOMEIMPROVEMENT,D,8285,15.83,0.1417,Y,31,1
32,68168,8.0,PERSONAL,B,2939,10.51,0.0431,Y,11,0
57,66372,7.0,VENTURE,D,33989,15.58,0.5121,N,39,1
63,154545,4.0,DEBTCONSOLIDATION,C,8200,13.96,0.0531,N,40,0
66,32489,8.0,PERSONAL,B,2585,9.72,0.0796,N,45,0
70,20116,3.0,PERSONAL,C,4371,12.13,0.2173,N,45,0
24,27507,6.0,DEBTCONSOLIDATION,B,2986,8.73,0.1086,N,6,0
25,33289,4.0,DEBTCONSOLIDATION,B,5409,8.98,0.1625,N,2,0
70,28684,0.0,MEDICAL,C,13231,13.2,0.4613,N,45,1
39,51612,4.0,PERSONAL,A,2113,5.44,0.0409,N,20,0
19,97631,5.0,VENTURE,C,22563,12.66,0.2311,N,1,0
34,114326,4.0,MEDICAL,A,5766,6.57,0.0504,N,11,0
65,64690,5.0,EDUCATION,B,7700,8.86,0.119,N,45,0
38,159165,3.0,HOMEIMPROVEMENT,D,8502,16.0,0.0534,N,21,0
22,40295,5.0,EDUCATION,C,4150,13.74,0.103,N,2,0
59,19972,7.0,HOMEIMPROVEMENT,B,14786,10.57,0.7403,N,37,0
29,87487,4.0,VENTURE,B,3340,8.85,0.0382,N,9,0
38,17832,4.0,PERSONAL,A,26328,6.38,1.4764,Y,18,1
18,32362,6.0,MEDICAL,B,4260,9.14,0.1316,N,1,0
52,65255,7.0,MEDICAL,E,8721,17.58,0.1336,N,30,0
43,46336,3.0,MEDICAL,D,5540,16.76,0.1196,N,23,0
67,44133,4.0,MEDICAL,A,19246,7.9,0.4361,N,45,0
37,25605,6.0,HOMEIMPROVEMENT,A,4041,5.95,0.1578,N,20,0
29,48730,4.0,MEDICAL,A,23922,5.85,0.4909,N,11,0
27,85136,9.0,EDUCATION,B,40313,9.43,0.4735,N,7,1
29,49562,6.0,MEDICAL,D,3388,16.48,0.0684,N,10,0
43,31050,5.0,EDUCATION,C,2385,14.4,0.0768,N,24,0
22,24682,9.0,PERSONAL,A,7407,7.13,0.3001,N,2,0
40,31405,8.0,DEBTCONSOLIDATION,B,9938,11.48,0.3164,N,18,0
66,60826,4.0,VENTURE,A,7671,6.34,0.1261,Y,45,0
61,59218,4.0,EDUCATION,B,7384,8.77,0.1247,N,44,0
54,31562,8.0,EDUCATION,B,14558,10.34,0.4613,Y,32,1
68,14531,6.0,EDUCATION,A,11545,6.08,0.7945,N,45,0
62,61759,2.0,HOMEIMPROVEMENT,A,2942,7.67,0.0476,N,39,0
55,29919,4.0,HOMEIMPROVEMENT,A,5416,6.12,0.181,N,37,0
67,71609,5.0,MEDICAL,A,22883,6.73,0.3196,N,45,0
25,32342,3.0,HOMEIMPROVEMENT,A,10116,6.47,0.3128,N,5,0
64,28471,4.0,MEDICAL,F,8805,23.99,0.3093,N,45,0
34,53329,5.0,HOMEIMPROVEMENT,C,3734,14.15,0.07,N,16,0
59,179285,6.0,HOMEIMPROVEMENT,C,15321,11.99,0.0855,N,36,0
70,74010,5.0,MEDICAL,B,9066,11.48,0.1225,N,45,0
46,52834,6.0,PERSONAL,A,9060,7.27,0.1715,Y,28,0
23,59716,3.0,HOMEIMPROVEMENT,B,18201,10.86,0.3048,N,6,0
39,18711,2.0,HOMEIMPROVEMENT,B,4392,8.95,0.2347,N,16,0
41,26442,9.0,MEDICAL,A,20880,6.03,0.7897,N,24,0
71,12320,3.0,VENTURE,C,11351,14.48,0.9213,N,45,0
71,126935,3.0,MEDICAL,A,20655,6.5,0.1627,Y,45,0
50,113557,2.0,PERSONAL,C,7530,11.9,0.0663,N,33,0
72,60842,3.0,HOMEIMPROVEMENT,A,22557,6.05,0.3707,N,45,0
42,52802,4.0,MEDICAL,B,1273,11.35,0.0241,N,19,0
41,20881,2.0,DEBTCONSOLIDATION,C,3504,12.04,0.1678,N,22,0
65,43450,4.0,PERSONAL,C,4813,13.4,0.1108,N,45,0
56,131375,12.0,HOMEIMPROVEMENT,F,5406,23.57,0.0411,Y,36,1
47,52695,4.0,PERSONAL,B,19844,9.68,0.3766,N,29,0
44,35934,8.0,PERSONAL,B,2353,10.34,0.0655,N,27,0
58,18639,5.0,EDUCATION,C,17176,13.02,0.9215,N,36,1
60,104732,5.0,PERSONAL,A,9072,8.38,0.0866,N,38,0
45,47167,5.0,VENTURE,B,4173,10.79,0.0885,N,27,0
19,18653,1.0,VENTURE,D,31365,17.03,1.6815,N,1,0
23,29485,6.0,HOMEIMPROVEMENT,A,3565,5.24,0.1209,N,6,0
26,24278,4.0,HOMEIMPROVEMENT,B,17250,9.74,0.7105,N,4,0
44,45594,3.0,EDUCATION,A,23098,6.9,0.5066,N,21,1
53,54942,11.0,HOMEIMPROVEMENT,E,2479,19.17,0.0451,N,36,0
63,37169,3.0,DEBTCONSOLIDATION,D,4427,15.77,0.1191,N,44,0
31,75160,2.0,EDUCATION,D,23664,17.34,0.3148,N,10,0
62,51192,9.0,EDUCATION,A,10388,7.39,0.2029,N,41,0
55,87927,4.0,PERSONAL,B,14686,10.79,0.167,N,34,0
20,40277,5.0,DEBTCONSOLIDATION,A,9704,6.9,0.2409,N,2,0
38,261693,4.0,DEBTCONSOLIDATION,E,15915,19.64,0.0608,N,19,0
35,35937,4.0,VENTURE,E,3963,20.67,0.1103,N,17,0
68,29826,6.0,PERSONAL,C,15555,14.07,0.5215,Y,45,1
70,27876,2.0,MEDICAL,C,8232,12.0,0.2953,N,45,0
64,43651,4.0,DEBTCONSOLIDATION,A,7983,7.25,0.1829,N,41,0
48,19039,6.0,PERSONAL,A,3570,7.4,0.1875,N,27,0
46,57642,6.0,MEDICAL,D,3119,14.6,0.0541,N,28,0
35,17189,3.0,PERSONAL,A,8379,7.11,0.4875,N,18,1
62,53579,2.0,DEBTCONSOLIDATION,A,21864,7.89,0.4081,N,43,0
22,23314,4.0,VENTURE,A,10649,5.84,0.4568,N,5,0
33,39746,7.0,VENTURE,B,4681,9.4,0.1178,N,16,0
25,68356,11.0,EDUCATION,B,8188,11.09,0.1198,N,6,0
46,174071,2.0,EDUCATION,A,7625,7.18,0.0438,N,24,0
35,27094,3.0,HOMEIMPROVEMENT,A,5200,8.37,0.1919,N,12,0
29,45131,5.0,PERSONAL,D,12407,17.26,0.2749,N,7,0
39,32923,11.0,VENTURE,E,4704,17.61,0.1429,N,20,0
67,30380,9.0,MEDICAL,A,5740,5.97,0.1889,N,45,0
49,33082,5.0,EDUCATION,C,4309,12.07,0.1303,N,26,0
64,77129,0.0,VENTURE,B,5455,9.1,0.0707,N,42,0
70,37480,8.0,PERSONAL,B,27170,10.68,0.7249,N,45,0
69,168910,3.0,MEDICAL,C,5664,13.38,0.0335,Y,45,0
38,61622,7.0,MEDICAL,C,6639,13.49,0.1077,N,21,0
68,28127,2.0,PERSONAL,A,16266,7.83,0.5783,Y,45,1
69,40067,4.0,PERSONAL,E,19255,17.96,0.4806,N,45,1
72,31539,5.0,EDUCATION,A,6530,6.2,0.207,N,45,0
38,76117,3.0,DEBTCONSOLIDATION,B,22417,9.59,0.2945,N,20,0
31,19903,10.0,VENTURE,A,4680,5.42,0.2351,N,11,0
51,23446,3.0,MEDICAL,C,14999,14.01,0.6397,Y,33,1
71,35406,4.0,DEBTCONSOLIDATION,B,8853,11.02,0.25,N,45,0
69,71369,5.0,MEDICAL,A,12626,7.75,0.1769,N,45,0
50,96585,3.0,PERSONAL,B,14242,8.92,0.1475,N,30,0
26,104746,6.0,HOMEIMPROVEMENT,A,8906,6.09,0.085,N,5,0
42,65603,7.0,DEBTCONSOLIDATION,C,13474,12.19,0.2054,N,22,0
58,46836,7.0,DEBTCONSOLIDATION,C,16170,14.2,0.3452,N,36,0
49,75890,6.0,PERSONAL,B,3006,10.09,0.0396,N,31,0
37,26121,5.0,MEDICAL,D,5065,15.02,0.1939,N,18,1
37,17773,4.0,EDUCATION,A,17731,5.7,0.9976,N,15,0
21,62327,4.0,MEDICAL,C,2438,12.3,0.0391,N,4,0
34,28194,2.0,EDUCATION,C,4236,13.62,0.1502,Y,15,1
56,47291,4.0,PERSONAL,B,27597,10.1,0.5836,N,39,1
31,52354,3.0,PERSONAL,D,7224,16.92,0.138,N,14,1
74,56188,7.0,PERSONAL,A,10785,7.06,0.1919,N,45,0
22,82107,2.0,MEDICAL,D,12495,15.92,0.1522,N,1,0
51,77469,13.0,PERSONAL,B,12901,10.22,0.1665,N,28,0
46,54570,3.0,MEDICAL,A,6576,7.91,0.1205,N,23,0
65,38441,4.0,PERSONAL,A,7346,7.48,0.1911,N,45,0
68,52014,3.0,VENTURE,A,42398,6.72,0.8151,N,45,1
48,35315,5.0,DEBTCONSOLIDATION,C,3725,13.86,0.1055,N,25,0
53,44000,2.0,MEDICAL,C,5797,11.88,0.1318,N,36,0
57,206900,7.0,PERSONAL,A,4172,5.01,0.0202,N,35,0
47,54187,6.0,PERSONAL,B,8192,10.46,0.1512,Y,25,0
28,62795,4.0,HOMEIMPROVEMENT,A,4922,8.19,0.0784,N,11,0
42,33255,9.0,EDUCATION,D,22864,15.18,0.6875,N,23,1
31,85908,3.0,VENTURE,D,28569,15.24,0.3326,N,13,0
44,74469,2.0,VENTURE,A,9160,8.12,0.123,N,26,0
53,74760,5.0,PERSONAL,E,4603,19.64,0.0616,Y,30,1
29,55170,7.0,EDUCATION,A,33671,7.53,0.6103,N,7,0
32,86578,4.0,VENTURE,B,5517,9.96,0.0637,N,12,0
64,98659,1.0,PERSONAL,C,10953,14.37,0.111,Y,45,1
39,57279,5.0,MEDICAL,B,12136,10.36,0.2119,N,22,0
29,46026,7.0,PERSONAL,A,4715,5.25,0.1024,N,9,0
58,80178,3.0,MEDICAL,D,6983,14.7,0.0871,N,37,0
58,29813,5.0,MEDICAL,D,34286,16.39,1.15,N,41,1
65,33028,5.0,MEDICAL,B,11351,9.59,0.3437,Y,45,0
61,47604,2.0,EDUCATION,A,13225,5.61,0.2778,N,40,0
74,18812,6.0,EDUCATION,E,16578,18.64,0.8812,N,45,1
50,77278,5.0,MEDICAL,A,12648,8.39,0.1637,N,33,0
34,28865,7.0,MEDICAL,A,18995,5.94,0.6581,N,17,0
67,37823,1.0,MEDICAL,B,13712,10.97,0.3625,N,45,0
33,43594,5.0,MEDICAL,B,8546,9.52,0.196,Y,15,1
34,50091,6.0,MEDICAL,B,50000,8.83,0.9982,N,12,0
65,40578,5.0,EDUCATION,A,6222,5.93,0.1533,N,45,0
68,47237,9.0,EDUCATION,B,7191,9.28,0.1522,N,45,0
37,47439,7.0,HOMEIMPROVEMENT,E,24888,20.78,0.5246,N,15,1
59,38335,3.0,MEDICAL,D,16405,14.91,0.4279,N,38,1
70,32040,4.0,PERSONAL,A,7102,5.98,0.2217,N,45,0
63,88859,5.0,PERSONAL,D,6737,16.07,0.0758,Y,44,1
18,15406,2.0,MEDICAL,C,9480,12.11,0.6153,N,1,0
55,43776,5.0,PERSONAL,A,11835,6.37,0.2704,N,32,0
27,37877,7.0,PERSONAL,D,9526,14.96,0.2515,N,8,0
66,61718,11.0,PERSONAL,A,6623,7.07,0.1073,N,45,0
21,22029,5.0,HOMEIMPROVEMENT,A,15319,6.17,0.6954,N,4,0
74,37239,3.0,EDUCATION,A,9980,7.02,0.268,Y,45,1
28,46337,6.0,HOMEIMPROVEMENT,D,17706,14.99,0.3821,N,5,0
41,88303,3.0,EDUCATION,C,10619,13.98,0.1203,N,19,0
31,58847,6.0,VENTURE,D,3321,16.29,0.0564,N,13,0
64,25567,4.0,MEDICAL,B,13527,8.83,0.5291,N,43,1
40,37492,1.0,EDUCATION,B,19056,9.86,0.5083,N,17,1
60,79803,4.0,DEBTCONSOLIDATION,C,12713,14.31,0.1593,N,37,0
21,25325,2.0,DEBTCONSOLIDATION,A,3184,6.38,0.1257,N,3,0
43,46945,3.0,HOMEIMPROVEMENT,D,11836,16.95,0.2521,N,21,0
69,48775,5.0,VENTURE,D,6975,15.44,0.143,N,45,0
70,39648,8.0,MEDICAL,A,10116,5.41,0.2551,N,45,0
29,215920,6.0,PERSONAL,E,13738,20.44,0.0636,N,8,0
40,39065,4.0,MEDICAL,B,8196,8.61,0.2098,N,19,0
41,62778,5.0,HOMEIMPROVEMENT,A,15140,8.29,0.2412,N,18,0
50,32161,5.0,MEDICAL,A,13624,8.13,0.4236,N,28,0
48,65529,2.0,DEBTCONSOLIDATION,F,12475,24.22,0.1904,N,26,0
24,79136,6.0,VENTURE,C,7578,11.91,0.0958,Y,2,0
61,35476,3.0,PERSONAL,C,19587,13.94,0.5521,N,43,0
30,47567,2.0,PERSONAL,A,27327,8.23,0.5745,N,10,0
35,29959,8.0,PERSONAL,D,9686,14.66,0.3233,Y,15,1
65,26123,6.0,MEDICAL,C,6996,14.09,0.2678,N,45,0
57,86702,6.0,DEBTCONSOLIDATION,B,7398,11.15,0.0853,N,38,1
40,36145,1.0,DEBTCONSOLIDATION,C,17126,11.79,0.4738,N,19,0
70,12997,6.0,HOMEIMPROVEMENT,A,10558,7.16,0.8123,N,45,1
40,129436,7.0,EDUCATION,B,8338,10.95,0.0644,N,22,0
50,31534,6.0,DEBTCONSOLIDATION,A,5875,5.05,0.1863,N,32,0
32,42808,5.0,DEBTCONSOLIDATION,A,12970,6.07,0.303,N,9,0
28,120873,5.0,VENTURE,F,15151,24.95,0.1253,N,9,0
46,45344,4.0,PERSONAL,B,9367,9.15,0.2066,N,25,0
50,44809,4.0,EDUCATION,A,11947,5.57,0.2666,N,27,0
63,24946,4.0,MEDICAL,A,13967,8.45,0.5599,N,45,0
40,19947,7.0,EDUCATION,B,18794,9.23,0.9422,N,23,0
69,44733,5.0,VENTURE,A,5337,7.31,0.1193,N,45,0
52,59846,3.0,MEDICAL,C,5981,13.81,0.0999,Y,30,0
21,57990,5.0,DEBTCONSOLIDATION,B,7437,8.52,0.1282,N,2,0
60,37620,7.0,MEDICAL,B,10059,10.1,0.2674,N,39,0
50,49570,6.0,PERSONAL,D,7121,14.67,0.1437,N,28,0
40,17845,4.0,PERSONAL,A,8093,8.12,0.4535,N,22,1
44,63138,3.0,PERSONAL,A,16302,5.69,0.2582,N,26,0
35,53571,7.0,EDUCATION,A,3576,7.83,0.0668,N,14,0
53,145148,4.0,VENTURE,D,5661,14.54,0.039,N,30,0
50,49222,3.0,VENTURE,B,6103,9.67,0.124,N,28,0
43,29188,5.0,HOMEIMPROVEMENT,E,23610,20.58,0.8089,N,26,1
34,47672,3.0,PERSONAL,A,10392,8.27,0.218,N,13,0
40,40933,4.0,VENTURE,B,11528,11.03,0.2816,N,22,0
46,62260,8.0,MEDICAL,B,5479,11.17,0.088,N,24,0
44,49751,2.0,EDUCATION,E,6972,18.79,0.1401,N,25,0
35,24514,3.0,MEDICAL,B,1624,10.62,0.0662,N,16,0
51,19937,7.0,PERSONAL,A,10207,5.9,0.512,N,28,0
30,56647,5.0,PERSONAL,A,6123,8.16,0.1081,N,10,0
46,104894,2.0,MEDICAL,B,3157,8.66,0.0301,N,25,0
24,51207,6.0,VENTURE,A,12091,7.24,0.2361,N,2,0
44,76673,5.0,MEDICAL,A,5089,6.17,0.0664,N,26,0
62,85566,5.0,HOMEIMPROVEMENT,A,10457,6.19,0.1222,N,39,0
64,56768,4.0,EDUCATION,B,11919,10.62,0.21,N,41,0
57,31320,5.0,EDUCATION,A,50000,5.62,1.5964,N,35,0
60,54579,3.0,MEDICAL,B,7420,9.65,0.1359,N,42,0
21,95214,6.0,EDUCATION,B,11151,8.66,0.1171,N,4,0
37,65607,10.0,HOMEIMPROVEMENT,A,9431,8.4,0.1437,N,16,0
55,73978,7.0,PERSONAL,C,5714,13.29,0.0772,N,35,0
63,38009,4.0,HOMEIMPROVEMENT,B,11242,8.95,0.2958,N,45,0
51,43857,3.0,HOMEIMPROVEMENT,C,16722,14.27,0.3813,N,33,0
66,45922,2.0,VENTURE,C,14278,12.76,0.3109,N,44,0
33,47656,4.0,MEDICAL,C,15827,13.75,0.3321,N,16,0
26,93188,8.0,EDUCATION,C,5592,12.2,0.06,N,4,0
22,13481,5.0,PERSONAL,A,10275,7.26,0.7622,N,4,0
51,49851,5.0,DEBTCONSOLIDATION,E,3200,20.78,0.0642,N,31,0
55,46923,1.0,DEBTCONSOLIDATION,D,2913,15.18,0.0621,N,34,0
34,23055,6.0,PERSONAL,D,32044,14.57,1.3899,N,14,1
62,70931,9.0,EDUCATION,A,10555,7.66,0.1488,N,40,0
60,32909,6.0,EDUCATION,C,15165,13.25,0.4608,N,38,0
38,40280,5.0,PERSONAL,E,15203,19.86,0.3774,N,16,0
31,135513,4.0,VENTURE,E,9556,19.33,0.0705,N,13,0
60,85432,5.0,DEBTCONSOLIDATION,B,24810,10.0,0.2904,N,37,0
56,67236,5.0,EDUCATION,D,8855,16.85,0.1317,N,34,1
27,60441,6.0,HOMEIMPROVEMENT,B,2157,9.79,0.0357,N,5,0
32,44775,5.0,DEBTCONSOLIDATION,A,11031,6.91,0.2464,N,9,0
45,147216,2.0,VENTURE,F,18798,22.31,0.1277,N,24,0
47,76205,4.0,HOMEIMPROVEMENT,B,3635,10.75,0.0477,N,26,0
27,32459,5.0,PERSONAL,B,8009,10.15,0.2467,N,5,0
72,22695,2.0,HOMEIMPROVEMENT,E,21224,20.2,0.9352,N,45,1
40,66953,8.0,PERSONAL,C,18165,11.67,0.2713,N,21,0
39,47537,5.0,HOMEIMPROVEMENT,B,8901,9.39,0.1872,N,21,0
21,22338,5.0,DEBTCONSOLIDATION,D,5687,16.81,0.2546,N,1,0
67,62051,6.0,EDUCATION,A,9703,5.8,0.1564,N,45,0
31,42278,2.0,MEDICAL,C,11554,12.03,0.2733,Y,10,0
74,65635,1.0,MEDICAL,A,16374,8.22,0.2495,N,45,0
46,62502,6.0,PERSONAL,C,8811,13.67,0.141,Y,28,1
67,35082,4.0,PERSONAL,B,28916,9.89,0.8242,N,45,1
28,69429,3.0,HOMEIMPROVEMENT,C,11462,13.34,0.1651,Y,7,1
27,37277,6.0,DEBTCONSOLIDATION,C,7609,14.08,0.2041,N,10,0
63,38635,6.0,EDUCATION,C,6605,12.32,0.171,N,41,0
64,36579,5.0,VENTURE,C,5346,12.13,0.1461,N,41,0
48,91311,5.0,VENTURE,C,19909,13.25,0.218,N,26,0
19,42010,4.0,EDUCATION,F,8459,21.99,0.2014,Y,1,1
71,104280,3.0,EDUCATION,B,1318,9.31,0.0126,N,45,0
40,130733,4.0,DEBTCONSOLIDATION,C,7408,14.13,0.0567,N,18,0
71,32653,4.0,EDUCATION,A,23020,5.31,0.705,N,45,0
67,12000,1.0,DEBTCONSOLIDATION,E,7046,19.34,0.5872,N,45,1
66,87071,2.0,HOMEIMPROVEMENT,D,3785,15.63,0.0435,N,45,0
57,40615,10.0,HOMEIMPROVEMENT,A,6968,7.14,0.1716,N,35,0
56,30442,4.0,PERSONAL,D,14679,14.99,0.4822,Y,35,1
48,35461,4.0,EDUCATION,C,8184,13.25,0.2308,N,31,0
19,39020,6.0,PERSONAL,B,5043,10.72,0.1292,N,1,0
40,100053,3.0,EDUCATION,A,14588,6.39,0.1458,N,18,0
59,53527,1.0,DEBTCONSOLIDATION,C,21713,12.17,0.4056,N,36,1
64,99307,3.0,VENTURE,B,26953,10.35,0.2714,N,41,0
49,64332,3.0,EDUCATION,D,11172,17.37,0.1737,N,31,0
58,41353,7.0,EDUCATION,B,8563,11.5,0.2071,N,41,0
19,39549,9.0,PERSONAL,B,13129,8.86,0.332,N,1,0
44,66761,1.0,PERSONAL,B,23353,8.54,0.3498,N,24,0
46,76974,2.0,PERSONAL,A,20057,7.05,0.2606,N,23,0
68,84815,5.0,EDUCATION,B,9214,9.39,0.1086,N,45,0
35,42453,5.0,MEDICAL,E,4989,20.25,0.1175,N,15,0
31,53979,5.0,EDUCATION,A,11520,7.97,0.2134,Y,10,1
38,67590,4.0,PERSONAL,C,9631,12.52,0.1425,N,20,0
27,39688,6.0,EDUCATION,B,13362,11.4,0.3367,N,9,0
49,26259,3.0,MEDICAL,A,4523,6.11,0.1722,N,30,0
54,31462,3.0,PERSONAL,C,6138,11.92,0.1951,N,36,0
63,42934,3.0,PERSONAL,B,17997,9.59,0.4192,N,45,1
73,70559,6.0,HOMEIMPROVEMENT,F,11088,24.16,0.1571,N,45,0
22,97972,5.0,PERSONAL,B,4269,11.23,0.0436,N,5,0
32,23252,1.0,EDUCATION,B,24322,10.91,1.046,N,11,0
35,35293,5.0,PERSONAL,E,7921,20.58,0.2244,N,15,0
32,40262,5.0,PERSONAL,B,12703,9.49,0.3155,N,10,0
65,75894,5.0,HOMEIMPROVEMENT,F,6926,24.43,0.0913,N,42,1
25,36663,6.0,DEBTCONSOLIDATION,D,11784,17.0,0.3214,Y,4,1
19,38702,3.0,EDUCATION,B,24354,10.61,0.6293,N,2,0
67,22548,6.0,PERSONAL,B,24445,11.18,1.0841,N,45,0
72,63951,8.0,VENTURE,A,28753,6.13,0.4496,Y,45,1
30,44856,8.0,PERSONAL,E,6976,19.06,0.1555,N,11,0
36,34210,6.0,VENTURE,C,15314,12.23,0.4476,N,17,1
46,42500,2.0,VENTURE,B,3024,10.17,0.0712,N,29,0
47,91112,4.0,HOMEIMPROVEMENT,C,12242,11.66,0.1344,N,28,0
74,28206,6.0,EDUCATION,D,35592,14.59,1.2619,N,45,1
41,30856,5.0,EDUCATION,B,4179,8.76,0.1354,N,22,0
18,97610,6.0,EDUCATION,B,5443,9.19,0.0558,Y,1,0
42,51106,4.0,VENTURE,D,8821,14.99,0.1726,N,25,0
49,70853,5.0,DEBTCONSOLIDATION,D,8230,17.09,0.1162,N,29,0
47,61142,5.0,EDUCATION,C,17394,14.15,0.2845,Y,27,0
47,48077,7.0,EDUCATION,C,16599,13.18,0.3453,N,24,0
70,40474,1.0,MEDICAL,B,2354,9.46,0.0582,N,45,0
64,77447,3.0,EDUCATION,A,4707,5.9,0.0608,N,45,0
32,92900,8.0,PERSONAL,C,8787,12.89,0.0946,N,15,0
38,88992,6.0,MEDICAL,C,6560,14.27,0.0737,N,19,0
56,25539,7.0,MEDICAL,B,12636,10.47,0.4948,N,36,1
41,100478,7.0,MEDICAL,E,13059,20.63,0.13,N,24,0
42,40260,2.0,HOMEIMPROVEMENT,A,2036,7.23,0.0506,N,20,0
27,32361,1.0,VENTURE,B,7892,9.17,0.2439,N,5,0
32,44661,7.0,MEDICAL,C,5413,12.09,0.1212,N,13,0
60,77429,3.0,DEBTCONSOLIDATION,E,10674,19.86,0.1379,N,39,0
66,65989,8.0,MEDICAL,A,15720,6.98,0.2382,N,45,0
62,42596,2.0,EDUCATION,A,8502,6.2,0.1996,N,43,0
35,77708,6.0,EDUCATION,B,4022,9.31,0.0518,N,12,0
25,52940,3.0,PERSONAL,C,24863,14.17,0.4696,N,3,0
27,35770,2.0,VENTURE,B,5694,10.31,0.1592,N,8,0
40,33209,2.0,HOMEIMPROVEMENT,B,6841,11.44,0.206,N,17,0
47,61428,7.0,EDUCATION,A,2608,6.75,0.0425,Y,27,1
68,46845,9.0,HOMEIMPROVEMENT,E,14357,19.34,0.3065,N,45,0
69,23005,10.0,VENTURE,A,10005,7.32,0.4349,N,45,0
18,78115,6.0,PERSONAL,A,13959,7.64,0.1787,N,1,0
58,37640,4.0,EDUCATION,B,5621,11.33,0.1493,Y,39,1
35,117673,5.0,DEBTCONSOLIDATION,A,15596,5.03,0.1325,N,15,0
29,22659,8.0,PERSONAL,E,26660,18.23,1.1766,N,12,1
49,44382,5.0,DEBTCONSOLIDATION,C,1993,12.64,0.0449,N,30,0
19,33356,6.0,HOMEIMPROVEMENT,C,13507,13.31,0.4049,N,2,0
37,28667,5.0,HOMEIMPROVEMENT,A,3553,5.06,0.1239,N,19,0
49,37506,4.0,MEDICAL,B,13574,11.1,0.3619,N,30,0
33,129808,4.0,EDUCATION,A,20945,7.35,0.1614,N,11,0
51,53042,5.0,PERSONAL,A,4796,7.29,0.0904,N,28,0
44,31715,2.0,PERSONAL,B,5611,10.75,0.1769,N,21,0
63,17930,4.0,MEDICAL,B,10887,9.53,0.6072,Y,42,1
28,19020,3.0,DEBTCONSOLIDATION,C,9790,13.66,0.5147,N,9,1
21,36495,3.0,PERSONAL,B,3799,9.23,0.1041,N,3,0
48,34595,7.0,EDUCATION,F,6649,21.94,0.1922,N,29,0
32,43337,4.0,PERSONAL,B,5767,11.09,0.1331,Y,14,0
58,14048,6.0,VENTURE,B,8434,9.1,0.6004,N,41,1
23,46610,2.0,HOMEIMPROVEMENT,A,33796,7.98,0.7251,N,6,0
50,86271,5.0,HOMEIMPROVEMENT,C,11049,12.97,0.1281,N,28,0
74,119678,3.0,EDUCATION,D,4663,14.73,0.039,N,45,0
23,17292,7.0,VENTURE,E,11971,18.01,0.6923,N,5,1
35,31547,12.0,MEDICAL,A,8265,6.04,0.262,Y,14,1
66,30643,7.0,DEBTCONSOLIDATION,A,27086,7.21,0.8839,N,45,0
48,53111,5.0,VENTURE,F,7243,23.13,0.1364,N,28,1
27,25062,3.0,PERSONAL,B,8004,11.47,0.3194,N,7,0
30,123654,8.0,EDUCATION,C,21558,14.47,0.1743,N,8,0
61,50208,3.0,VENTURE,E,5468,18.56,0.1089,N,41,0
67,45810,6.0,VENTURE,A,4297,6.33,0.0938,Y,45,0
38,117711,6.0,EDUCATION,A,11968,5.06,0.1017,Y,16,0
45,48590,4.0,EDUCATION,D,11143,16.13,0.2293,N,26,0
62,61093,4.0,EDUCATION,C,3903,11.96,0.0639,N,40,0
28,32437,6.0,EDUCATION,B,2457,9.71,0.0757,N,8,0
29,23068,10.0,PERSONAL,E,12391,18.5,0.5372,N,7,0
62,35041,9.0,EDUCATION,C,12337,13.3,0.3521,N,40,1
28,163217,7.0,PERSONAL,A,14455,5.84,0.0886,Y,6,0
61,69436,4.0,EDUCATION,A,20036,6.53,0.2886,N,43,0
46,57010,10.0,EDUCATION,D,10614,15.96,0.1862,N,29,1
74,28652,7.0,PERSONAL,E,8882,19.11,0.31,N,45,0
19,80917,4.0,MEDICAL,A,16356,6.59,0.2021,N,1,0
71,23231,6.0,VENTURE,A,10630,6.24,0.4576,N,45,0
30,20704,3.0,DEBTCONSOLIDATION,A,3472,6.15,0.1677,Y,9,0
19,36048,5.0,MEDICAL,A,11654,6.06,0.3233,N,1,0
59,143626,4.0,PERSONAL,A,15614,7.11,0.1087,N,38,0
48,139224,5.0,EDUCATION,E,5232,19.08,0.0376,Y,28,1
65,38246,8.0,MEDICAL,A,32804,6.99,0.8577,N,44,1
24,33832,4.0,VENTURE,A,7929,7.9,0.2344,N,6,0
22,19886,5.0,EDUCATION,F,20986,22.43,1.0553,N,2,1
50,51170,9.0,HOMEIMPROVEMENT,A,4974,5.21,0.0972,Y,33,0
68,53589,9.0,HOMEIMPROVEMENT,A,17648,7.56,0.3293,N,45,0
41,75678,2.0,HOMEIMPROVEMENT,B,25909,9.57,0.3424,N,19,0
63,80893,4.0,VENTURE,A,5651,6.48,0.0699,Y,45,0
69,43976,4.0,EDUCATION,B,12134,8.63,0.2759,N,45,0
67,66557,3.0,MEDICAL,B,8381,8.6,0.1259,N,45,0
46,33344,5.0,EDUCATION,C,4827,12.15,0.1448,N,26,0
57,65865,9.0,DEBTCONSOLIDATION,A,10707,6.13,0.1626,N,40,0
47,37087,4.0,PERSONAL,D,7890,16.63,0.2127,N,28,0
56,63114,11.0,VENTURE,B,8231,8.77,0.1304,N,33,0
50,60365,5.0,DEBTCONSOLIDATION,F,4368,22.49,0.0724,N,27,0
47,50911,6.0,EDUCATION,D,18021,16.33,0.354,N,29,0
42,75886,4.0,EDUCATION,A,7378,7.98,0.0972,N,23,0
55,20666,5.0,PERSONAL,D,8045,15.57,0.3893,N,32,0
60,27290,4.0,MEDICAL,A,4761,5.76,0.1745,N,41,0
70,42254,4.0,PERSONAL,A,21061,8.49,0.4984,N,45,0
52,22163,13.0,MEDICAL,A,3955,7.59,0.1785,Y,29,1
23,39191,5.0,MEDICAL,D,3218,15.59,0.0821,N,1,0
51,39892,7.0,PERSONAL,B,10916,10.16,0.2736,N,34,0
35,100742,3.0,VENTURE,B,6991,10.95,0.0694,N,18,0
19,53018,5.0,DEBTCONSOLIDATION,D,15352,15.51,0.2896,N,1,0
22,86351,6.0,DEBTCONSOLIDATION,F,29308,22.1,0.3394,N,1,1
51,57868,5.0,PERSONAL,E,24312,17.58,0.4201,N,34,1
71,36511,5.0,HOMEIMPROVEMENT,E,19338,18.49,0.5296,N,45,1
46,52761,4.0,HOMEIMPROVEMENT,A,5226,7.97,0.0991,N,26,0
43,73217,7.0,DEBTCONSOLIDATION,B,20578,11.19,0.2811,N,25,0
23,94501,1.0,EDUCATION,A,7201,6.04,0.0762,Y,1,1
56,45580,5.0,MEDICAL,C,4453,14.43,0.0977,N,33,0
21,19808,10.0,MEDICAL,E,14473,20.98,0.7307,N,3,1
65,19057,4.0,HOMEIMPROVEMENT,E,7314,18.59,0.3838,N,45,0
64,40964,2.0,PERSONAL,C,8863,11.57,0.2164,N,45,0
74,13550,2.0,MEDICAL,D,15869,16.7,1.1711,N,45,1
34,131571,9.0,MEDICAL,D,17072,14.71,0.1298,N,15,0
27,68071,6.0,DEBTCONSOLIDATION,B,7989,8.65,0.1174,Y,7,0
35,34557,6.0,HOMEIMPROVEMENT,C,10888,13.4,0.3151,N,17,0
63,26627,6.0,DEBTCONSOLIDATION,D,18879,17.18,0.709,N,44,1
30,86289,5.0,VENTURE,B,5963,8.63,0.0691,N,10,0
68,26568,9.0,EDUCATION,B,3260,10.67,0.1227,N,45,0
26,28000,7.0,VENTURE,D,7018,16.74,0.2506,N,5,0
20,32168,8.0,HOMEIMPROVEMENT,D,7880,15.19,0.245,N,1,0
30,52195,6.0,EDUCATION,D,9025,15.04,0.1729,N,12,0
60,68970,1.0,MEDICAL,B,48234,11.44,0.6993,N,38,1
52,94463,8.0,PERSONAL,B,5950,9.06,0.063,N,32,0
38,87093,6.0,PERSONAL,A,8814,6.08,0.1012,N,15,0
55,49041,3.0,EDUCATION,B,5411,9.18,0.1103,N,37,0
54,85929,4.0,MEDICAL,A,11671,5.98,0.1358,N,35,0
49,33892,2.0,MEDICAL,A,14266,6.66,0.4209,N,29,1
47,18007,2.0,PERSONAL,C,16695,12.36,0.9271,N,28,0
23,33890,7.0,HOMEIMPROVEMENT,C,11806,12.15,0.3484,N,6,0
32,31462,4.0,EDUCATION,A,10573,8.06,0.3361,N,10,0
48,34627,8.0,DEBTCONSOLIDATION,A,1812,6.39,0.0523,N,31,0
25,28921,3.0,EDUCATION,B,16337,9.72,0.5649,Y,5,1
45,38039,5.0,VENTURE,B,25923,9.45,0.6815,N,26,1
24,68941,2.0,MEDICAL,D,5722,14.58,0.083,Y,1,0
62,125918,5.0,PERSONAL,A,5396,6.44,0.0429,N,40,0
23,18978,3.0,VENTURE,A,4599,7.11,0.2423,N,6,0
23,24142,5.0,PERSONAL,D,15265,15.01,0.6323,N,2,1
54,31720,5.0,PERSONAL,B,4490,11.46,0.1416,N,34,0
30,74694,1.0,VENTURE,A,9066,8.44,0.1214,Y,12,1
38,43795,4.0,MEDICAL,C,3496,13.82,0.0798,N,21,0
35,32916,5.0,DEBTCONSOLIDATION,E,13237,19.7,0.4021,N,16,1
30,72707,4.0,MEDICAL,E,7303,18.1,0.1004,N,7,0
61,82951,2.0,DEBTCONSOLIDATION,B,11491,10.09,0.1385,N,41,0
57,48517,10.0,PERSONAL,A,5438,6.71,0.1121,Y,38,0
31,31290,5.0,DEBTCONSOLIDATION,A,6009,5.7,0.192,N,11,0
57,56877,3.0,PERSONAL,B,6626,10.8,0.1165,Y,34,1
58,43118,4.0,PERSONAL,D,5457,15.17,0.1266,N,35,0
48,42935,9.0,MEDICAL,D,5271,14.83,0.1228,N,28,0
50,36981,6.0,VENTURE,F,4040,24.58,0.1092,N,28,0
71,81531,4.0,VENTURE,B,13769,11.08,0.1689,N,45,0
43,56242,7.0,EDUCATION,C,12214,13.54,0.2172,N,24,0
39,86650,7.0,VENTURE,B,7364,8.93,0.085,N,20,0
48,102229,6.0,MEDICAL,B,16783,8.59,0.1642,N,27,0
65,63097,7.0,PERSONAL,C,27844,11.91,0.4413,N,45,0
58,37102,6.0,PERSONAL,A,6028,7.39,0.1625,N,40,0
22,86870,4.0,VENTURE,D,11463,14.86,0.132,Y,1,1
44,63330,5.0,MEDICAL,C,11470,12.91,0.1811,N,26,0
60,205222,6.0,MEDICAL,B,6317,9.35,0.0308,N,43,0
30,58136,6.0,MEDICAL,B,3980,8.67,0.0685,N,7,0
74,71950,3.0,MEDICAL,F,50000,23.94,0.6949,N,45,1
64,57511,3.0,PERSONAL,B,12585,11.25,0.2188,N,43,0
66,46420,8.0,VENTURE,C,10111,12.57,0.2178,N,45,0
22,42517,3.0,HOMEIMPROVEMENT,B,12436,10.44,0.2925,N,1,0
51,57632,9.0,PERSONAL,C,50000,11.68,0.8676,N,30,1
48,65293,2.0,HOMEIMPROVEMENT,B,8499,9.02,0.1302,N,27,0
53,92495,5.0,EDUCATION,B,10239,8.55,0.1107,N,33,0
66,58096,2.0,HOMEIMPROVEMENT,A,10319,8.1,0.1776,N,45,0
38,38002,6.0,MEDICAL,A,21239,5.34,0.5589,N,15,1
48,40955,3.0,EDUCATION,D,11957,16.61,0.292,N,30,0
56,23679,3.0,EDUCATION,D,3339,14.73,0.141,Y,37,1
60,122230,7.0,PERSONAL,F,2876,24.16,0.0235,Y,40,0
61,36401,7.0,PERSONAL,C,20421,14.47,0.561,N,39,1
37,83457,2.0,PERSONAL,B,11769,10.63,0.141,N,14,0
74,57073,9.0,DEBTCONSOLIDATION,D,7840,14.81,0.1374,N,45,0
18,57933,1.0,DEBTCONSOLIDATION,E,5685,19.08,0.0981,N,1,0
46,45954,3.0,PERSONAL,B,33619,9.53,0.7316,N,26,1
52,31783,2.0,PERSONAL,B,11631,10.0,0.366,N,30,0
21,28776,2.0,MEDICAL,B,14255,8.71,0.4954,N,1,0
43,126836,9.0,VENTURE,B,17530,11.26,0.1382,N,24,0
51,52191,1.0,PERSONAL,C,13363,12.23,0.256,N,29,0
52,91025,11.0,PERSONAL,E,7246,19.96,0.0796,N,30,0
24,104998,3.0,MEDICAL,E,8597,19.17,0.0819,N,2,0
33,39106,4.0,PERSONAL,A,15561,8.03,0.3979,N,13,0
31,61878,5.0,MEDICAL,C,18421,13.65,0.2977,N,12,0
54,50249,0.0,DEBTCONSOLIDATION,A,20749,8.47,0.4129,N,36,0
36,25939,2.0,DEBTCONSOLIDATION,B,5663,11.04,0.2183,N,15,0
50,44266,5.0,MEDICAL,B,11247,9.3,0.2541,N,33,0
59,67719,3.0,EDUCATION,E,5629,17.51,0.0831,N,39,0
63,37254,4.0,HOMEIMPROVEMENT,B,9097,9.82,0.2442,N,41,0
28,41000,7.0,DEBTCONSOLIDATION,C,8276,12.5,0.2019,N,6,0
69,44562,2.0,MEDICAL,C,9839,11.7,0.2208,N,45,0
27,156582,2.0,HOMEIMPROVEMENT,B,18886,10.35,0.1206,Y,4,1
19,17877,3.0,MEDICAL,C,5457,14.47,0.3053,N,1,0
20,64595,1.0,MEDICAL,B,39074,9.59,0.6049,Y,2,1
29,42644,4.0,MEDICAL,B,23726,8.96,0.5564,N,11,0
67,34462,6.0,MEDICAL,B,3199,9.93,0.0928,N,45,0
29,42073,6.0,EDUCATION,A,12276,7.14,0.2918,N,9,0
57,70760,3.0,DEBTCONSOLIDATION,A,4378,8.29,0.0619,N,34,0
41,73019,4.0,DEBTCONSOLIDATION,B,12609,8.78,0.1727,N,18,0
20,54301,4.0,MEDICAL,E,3620,17.78,0.0667,N,1,0
43,89411,7.0,HOMEIMPROVEMENT,B,22099,10.96,0.2472,N,20,0
19,98504,4.0,EDUCATION,D,22823,17.1,0.2317,N,2,0
45,76803,2.0,VENTURE,A,7061,7.32,0.0919,Y,24,0
49,36300,8.0,EDUCATION,B,11076,10.92,0.3051,N,30,0
47,64340,8.0,PERSONAL,B,4017,8.59,0.0624,N,30,0
34,64509,8.0,MEDICAL,B,6640,11.27,0.1029,N,15,0
61,31300,3.0,PERSONAL,C,8733,13.48,0.279,N,42,0
52,20677,6.0,EDUCATION,B,3256,11.26,0.1575,N,29,0
32,16114,3.0,EDUCATION,A,30595,6.66,1.8987,N,15,0
42,50940,14.0,MEDICAL,A,10728,7.92,0.2106,N,22,0
24,57752,4.0,MEDICAL,B,23297,11.23,0.4034,N,1,0
70,25591,5.0,VENTURE,C,8581,11.94,0.3353,Y,45,1
60,87144,5.0,PERSONAL,B,5971,8.51,0.0685,N,40,0
34,53301,8.0,MEDICAL,F,10437,22.36,0.1958,N,14,0
56,102970,2.0,PERSONAL,A,18951,5.96,0.184,N,37,0
56,60101,5.0,HOMEIMPROVEMENT,E,6063,17.61,0.1009,N,35,0
52,27269,7.0,DEBTCONSOLIDATION,D,11648,17.41,0.4272,N,32,0
21,63073,4.0,DEBTCONSOLIDATION,D,6438,16.66,0.1021,N,2,0
68,70867,4.0,MEDICAL,C,2182,12.06,0.0308,N,45,0
72,36272,2.0,HOMEIMPROVEMENT,A,7555,8.43,0.2083,N,45,0
73,22177,2.0,MEDICAL,D,10642,15.16,0.4799,N,45,1
73,51800,6.0,PERSONAL,A,9739,7.89,0.188,N,45,0
70,28269,4.0,HOMEIMPROVEMENT,B,7961,9.39,0.2816,N,45,0
60,90806,4.0,PERSONAL,A,10371,6.59,0.1142,N,43,0
21,39185,5.0,MEDICAL,B,6182,9.78,0.1578,N,1,0
44,126567,4.0,DEBTCONSOLIDATION,A,13747,6.62,0.1086,N,21,0
31,15240,3.0,EDUCATION,D,7101,16.1,0.4659,N,13,1
30,52793,4.0,EDUCATION,C,17210,11.58,0.326,N,9,0
65,107598,7.0,PERSONAL,C,3672,14.38,0.0341,N,45,0
64,30041,2.0,MEDICAL,C,10290,13.18,0.3425,Y,45,1
47,44911,4.0,VENTURE,B,13646,9.96,0.3038,N,30,0
59,39274,4.0,MEDICAL,C,23182,12.1,0.5903,N,38,0
25,33655,6.0,EDUCATION,C,6654,12.32,0.1977,N,7,0
30,56080,5.0,MEDICAL,C,21928,14.39,0.391,N,10,0
67,24041,7.0,HOMEIMPROVEMENT,C,13112,11.71,0.5454,N,44,1
43,46118,3.0,DEBTCONSOLIDATION,A,32353,7.71,0.7015,Y,25,1
49,65107,4.0,EDUCATION,B,3446,11.43,0.0529,N,30,0
44,43551,3.0,VENTURE,C,11372,13.23,0.2611,N,26,0
29,28279,5.0,HOMEIMPROVEMENT,A,9390,7.16,0.332,N,11,0
65,86387,7.0,VENTURE,A,10791,6.95,0.1249,N,45,0
61,73250,4.0,DEBTCONSOLIDATION,C,17717,12.87,0.2419,N,38,0
56,27649,2.0,VENTURE,A,25531,6.38,0.9234,N,37,0
38,24058,6.0,EDUCATION,B,12114,9.52,0.5035,N,15,0
54,29040,4.0,VENTURE,A,3126,5.02,0.1076,N,31,0
72,66164,9.0,MEDICAL,A,7379,5.39,0.1115,N,45,0
55,57043,7.0,EDUCATION,D,50000,16.86,0.8765,N,36,1
46,75700,7.0,PERSONAL,D,4931,16.85,0.0651,N,24,0
33,40970,14.0,HOMEIMPROVEMENT,B,10907,9.15,0.2662,N,11,0
47,29477,5.0,HOMEIMPROVEMENT,B,16010,10.51,0.5431,N,26,0
39,81256,6.0,PERSONAL,B,19324,10.91,0.2378,N,22,0
52,36156,2.0,HOMEIMPROVEMENT,A,6300,6.03,0.1742,N,33,0
20,54317,5.0,VENTURE,B,26408,11.05,0.4862,Y,1,1
28,20900,2.0,EDUCATION,F,22602,21.81,1.0814,N,6,1
62,35832,4.0,HOMEIMPROVEMENT,D,13063,16.04,0.3646,Y,40,1
39,85405,6.0,HOMEIMPROVEMENT,A,5062,5.64,0.0593,N,18,0
42,33058,2.0,HOMEIMPROVEMENT,B,6488,8.73,0.1963,N,19,0
49,76724,10.0,PERSONAL,A,6032,5.07,0.0786,Y,31,0
42,13601,8.0,EDUCATION,C,8087,12.22,0.5946,N,23,0
61,36038,9.0,PERSONAL,B,25112,9.99,0.6968,N,41,1
31,44611,4.0,HOMEIMPROVEMENT,D,11753,16.85,0.2635,N,13,0
61,127822,4.0,MEDICAL,C,14787,11.91,0.1157,N,40,0
29,25771,1.0,HOMEIMPROVEMENT,B,10684,10.73,0.4146,N,10,1
39,70901,9.0,HOMEIMPROVEMENT,B,27818,8.84,0.3923,N,17,0
51,87668,1.0,PERSONAL,A,3203,6.07,0.0365,N,33,0
68,32964,5.0,DEBTCONSOLIDATION,B,680,10.25,0.0206,N,45,0
31,39917,4.0,MEDICAL,E,9234,18.66,0.2313,Y,11,1
51,52991,6.0,DEBTCONSOLIDATION,C,9397,12.57,0.1773,N,31,0
21,21702,7.0,PERSONAL,B,9204,11.31,0.4241,Y,4,1
22,38165,2.0,EDUCATION,B,5851,9.81,0.1533,N,3,0
61,98899,5.0,MEDICAL,C,3803,13.05,0.0385,N,41,0
58,65346,6.0,DEBTCONSOLIDATION,E,8797,20.02,0.1346,Y,38,1
39,44971,6.0,PERSONAL,B,7328,9.27,0.1629,N,20,0
53,52166,4.0,MEDICAL,C,11178,14.49,0.2143,N,34,0
39,67474,4.0,PERSONAL,F,15383,21.15,0.228,Y,16,1
33,74968,8.0,EDUCATION,C,21557,11.54,0.2875,N,15,0
42,36097,6.0,VENTURE,C,16900,12.22,0.4682,N,20,0
35,114016,8.0,EDUCATION,D,9347,16.72,0.082,N,18,0
64,101112,7.0,EDUCATION,B,13077,10.53,0.1293,N,45,0
41,71146,3.0,VENTURE,A,4186,5.69,0.0588,N,24,0
36,30833,8.0,HOMEIMPROVEMENT,B,5294,9.99,0.1717,N,13,0
48,27969,6.0,PERSONAL,A,31492,6.12,1.126,Y,27,1
61,40960,3.0,EDUCATION,D,19781,15.67,0.4829,N,39,1
33,50686,6.0,MEDICAL,D,3426,16.12,0.0676,N,13,0
71,18533,10.0,DEBTCONSOLIDATION,D,5857,16.46,0.316,N,45,0
44,64349,6.0,EDUCATION,B,34905,9.67,0.5424,N,26,0
55,99519,8.0,EDUCATION,C,5578,13.89,0.056,N,36,0
72,67309,7.0,PERSONAL,C,2624,11.71,0.039,N,45,0
42,33798,6.0,PERSONAL,A,6688,7.51,0.1979,N,21,0
29,31668,6.0,MEDICAL,A,6811,7.04,0.2151,N,9,0
60,57810,7.0,EDUCATION,D,21420,16.62,0.3705,N,40,0
18,45056,6.0,MEDICAL,D,17647,17.13,0.3917,N,1,0
44,62546,4.0,EDUCATION,C,6969,13.45,0.1114,Y,27,1
73,68250,4.0,EDUCATION,A,9365,6.06,0.1372,N,45,0
41,89369,8.0,VENTURE,E,12057,18.4,0.1349,Y,19,1
56,26300,4.0,HOMEIMPROVEMENT,D,16357,15.47,0.6219,N,34,1
47,55375,6.0,DEBTCONSOLIDATION,C,7601,11.86,0.1373,Y,24,1
30,40138,13.0,MEDICAL,D,12121,17.01,0.302,N,10,0
36,46432,6.0,DEBTCONSOLIDATION,A,26896,5.53,0.5793,N,17,0
47,78859,4.0,PERSONAL,C,8930,11.91,0.1132,N,25,0
23,83718,7.0,MEDICAL,D,10907,14.82,0.1303,N,3,0
41,105782,6.0,MEDICAL,C,15161,12.86,0.1433,N,21,0
41,61949,2.0,VENTURE,E,6635,20.68,0.1071,N,19,0
65,46142,5.0,EDUCATION,A,5328,5.23,0.1155,N,44,0
25,42655,2.0,PERSONAL,A,13041,8.48,0.3057,N,2,0
66,18880,6.0,MEDICAL,F,14873,24.53,0.7878,N,45,1
41,102421,4.0,VENTURE,D,9347,15.99,0.0913,N,24,0
55,41066,3.0,VENTURE,A,6338,7.42,0.1543,Y,36,0
49,64747,4.0,VENTURE,E,7144,17.95,0.1103,N,28,0
35,71214,6.0,VENTURE,A,11875,7.52,0.1668,N,14,0
71,24712,8.0,PERSONAL,B,4343,11.03,0.1757,N,45,0
30,29500,4.0,HOMEIMPROVEMENT,A,20593,5.07,0.6981,N,12,0
20,114790,4.0,MEDICAL,E,29599,19.77,0.2579,N,1,0
60,57511,4.0,PERSONAL,F,3461,21.37,0.0602,Y,39,1
53,35620,6.0,EDUCATION,A,14605,5.43,0.41,N,34,0
68,45729,4.0,EDUCATION,D,17243,15.07,0.3771,N,45,1
44,89092,5.0,PERSONAL,A,18234,5.47,0.2047,N,24,0
18,81950,9.0,PERSONAL,E,3113,20.36,0.038,N,1,0
19,21887,5.0,DEBTCONSOLIDATION,E,7889,17.58,0.3604,N,1,0
42,120433,3.0,MEDICAL,D,6648,14.63,0.0552,N,25,0
32,83398,8.0,EDUCATION,A,8345,7.55,0.1001,N,9,0
70,45077,2.0,HOMEIMPROVEMENT,A,4169,5.69,0.0925,N,45,0
24,25452,4.0,EDUCATION,B,33117,11.31,1.3012,N,2,0
68,87527,6.0,EDUCATION,B,13432,9.49,0.1535,Y,45,1
30,63706,5.0,PERSONAL,B,4858,11.2,0.0763,Y,9,0
24,21987,6.0,PERSONAL,C,6728,12.67,0.306,N,6,0
33,43146,4.0,PERSONAL,A,26400,5.11,0.6119,N,14,0
26,273592,10.0,HOMEIMPROVEMENT,C,9225,14.46,0.0337,N,6,0
40,49467,4.0,MEDICAL,A,24228,8.23,0.4898,N,22,0
36,32595,4.0,MEDICAL,A,15883,6.31,0.4873,N,19,0
48,28150,4.0,EDUCATION,C,3826,12.03,0.1359,N,30,0
48,129917,3.0,MEDICAL,C,4951,13.14,0.0381,N,27,0
18,78140,7.0,VENTURE,A,4353,7.81,0.0557,N,1,0
25,106307,2.0,EDUCATION,B,13718,9.54,0.129,N,5,0
27,56190,3.0,EDUCATION,D,37589,15.98,0.669,N,8,1
29,97705,5.0,EDUCATION,C,11172,12.58,0.1143,N,6,0
23,30743,4.0,PERSONAL,B,9180,9.9,0.2986,N,5,0
35,53606,1.0,MEDICAL,B,14412,11.09,0.2689,N,16,0
49,57404,5.0,PERSONAL,A,9387,5.18,0.1635,N,31,0
35,104856,4.0,PERSONAL,B,7816,8.59,0.0745,N,12,0
36,58417,2.0,MEDICAL,D,11329,16.52,0.1939,N,16,0
44,34751,6.0,HOMEIMPROVEMENT,D,16841,16.61,0.4846,Y,21,1
49,50779,2.0,EDUCATION,A,6928,6.11,0.1364,N,27,0
36,19496,6.0,PERSONAL,C,4917,13.05,0.2522,N,15,0
30,13676,8.0,VENTURE,A,19211,6.15,1.4047,N,12,1
41,77438,3.0,PERSONAL,C,2093,11.61,0.027,N,22,0
19,39890,9.0,EDUCATION,D,3919,17.28,0.0982,N,1,0
46,42455,5.0,MEDICAL,E,9960,18.29,0.2346,N,27,0
71,77421,6.0,HOMEIMPROVEMENT,A,18425,7.14,0.238,Y,45,0
40,105699,4.0,HOMEIMPROVEMENT,A,11400,5.72,0.1079,N,23,0
24,65773,5.0,EDUCATION,B,6626,8.58,0.1007,N,4,0
58,141554,6.0,DEBTCONSOLIDATION,A,17415,7.97,0.123,N,37,0
25,64632,6.0,EDUCATION,B,5711,9.25,0.0884,N,3,0
29,57885,3.0,MEDICAL,A,15762,8.18,0.2723,N,6,0
26,55950,1.0,EDUCATION,D,7212,15.48,0.1289,N,8,0
68,24172,4.0,VENTURE,C,4295,11.63,0.1777,N,45,0
73,82933,0.0,EDUCATION,B,16281,11.15,0.1963,N,45,0
50,12771,3.0,DEBTCONSOLIDATION,C,29868,13.05,2.3387,N,33,0
53,35509,4.0,HOMEIMPROVEMENT,B,7478,10.44,0.2106,N,32,0
54,49642,3.0,EDUCATION,C,19842,13.92,0.3997,N,31,0
52,31749,6.0,PERSONAL,B,2469,9.96,0.0778,N,29,0
49,38236,5.0,MEDICAL,B,3793,9.31,0.0992,N,31,0
74,134814,6.0,EDUCATION,A,4953,7.88,0.0367,N,45,0
59,89968,5.0,EDUCATION,B,8738,10.28,0.0971,N,40,0
23,33617,5.0,MEDICAL,B,13681,10.57,0.407,N,2,0
40,37863,6.0,HOMEIMPROVEMENT,B,4152,9.33,0.1097,Y,20,0
73,24285,8.0,HOMEIMPROVEMENT,F,5067,24.49,0.2086,N,45,0
41,72239,8.0,MEDICAL,A,17182,6.74,0.2378,N,20,0
29,42729,9.0,HOMEIMPROVEMENT,B,5360,10.55,0.1254,Y,12,1
67,16621,6.0,EDUCATION,C,25476,13.11,1.5328,N,45,0
53,51814,3.0,MEDICAL,A,5804,5.25,0.112,N,30,0
50,62407,4.0,PERSONAL,B,21777,9.84,0.349,N,27,0
41,83260,1.0,PERSONAL,C,17068,13.86,0.205,N,20,0
25,47082,6.0,PERSONAL,E,10227,20.56,0.2172,N,5,1
39,39935,5.0,HOMEIMPROVEMENT,B,11259,11.21,0.2819,Y,20,0
42,146158,2.0,DEBTCONSOLIDATION,C,10563,12.59,0.0723,N,22,0
71,49198,2.0,VENTURE,D,21330,15.19,0.4336,N,45,1
35,72820,5.0,PERSONAL,B,2099,8.81,0.0288,N,12,0
26,36433,4.0,VENTURE,B,7623,11.45,0.2092,N,6,0
42,71642,6.0,EDUCATION,D,11037,16.4,0.1541,Y,20,1
74,22013,7.0,DEBTCONSOLIDATION,C,22498,12.89,1.022,N,45,0
45,38019,8.0,HOMEIMPROVEMENT,A,6478,7.51,0.1704,N,25,0
39,25221,3.0,EDUCATION,E,2242,18.1,0.0889,N,20,0
56,35145,5.0,MEDICAL,B,1659,10.3,0.0472,N,35,0
54,97514,6.0,VENTURE,C,10169,13.5,0.1043,N,33,0
35,35004,7.0,DEBTCONSOLIDATION,B,3854,9.19,0.1101,Y,18,1
73,72768,8.0,EDUCATION,B,8208,9.55,0.1128,N,45,0
51,112926,6.0,HOMEIMPROVEMENT,B,3955,8.54,0.035,N,32,0
21,48282,8.0,VENTURE,A,7518,8.07,0.1557,N,4,0
41,84674,5.0,EDUCATION,B,37981,9.64,0.4486,N,20,0
70,65650,3.0,EDUCATION,A,23530,6.28,0.3584,N,45,0
40,52262,4.0,PERSONAL,C,9561,12.66,0.1829,N,22,0
50,74063,3.0,PERSONAL,E,7970,21.0,0.1076,N,32,0
52,134856,7.0,EDUCATION,D,5178,16.08,0.0384,N,29,0
58,34527,3.0,PERSONAL,E,14296,19.34,0.4141,N,37,1
67,28924,4.0,EDUCATION,B,7523,10.05,0.2601,Y,45,1
26,28005,5.0,EDUCATION,A,24822,5.44,0.8863,N,5,0
47,84705,7.0,MEDICAL,A,10481,6.8,0.1237,N,24,0
48,91231,2.0,MEDICAL,B,10790,9.03,0.1183,Y,26,0
26,36484,5.0,EDUCATION,B,2997,10.0,0.0821,N,6,0
56,15141,3.0,PERSONAL,B,6471,10.47,0.4274,Y,37,1
24,33822,7.0,MEDICAL,D,35670,16.61,1.0546,N,3,1
44,66258,5.0,HOMEIMPROVEMENT,A,3284,5.94,0.0496,N,26,0
36,47254,4.0,VENTURE,A,8092,5.14,0.1712,N,19,0
26,54132,6.0,MEDICAL,E,8219,19.06,0.1518,N,9,0
64,36759,3.0,EDUCATION,C,11516,11.88,0.3133,N,41,0
31,85626,6.0,MEDICAL,B,12621,8.99,0.1474,N,9,0
32,59204,7.0,VENTURE,A,6558,8.3,0.1108,N,14,0
66,67680,7.0,EDUCATION,B,17593,10.67,0.2599,N,43,0
68,53502,6.0,DEBTCONSOLIDATION,D,6189,14.67,0.1157,N,45,0
19,65408,6.0,PERSONAL,F,14309,22.46,0.2188,N,1,0
33,63083,9.0,EDUCATION,A,3223,5.22,0.0511,N,13,0
58,29423,5.0,DEBTCONSOLIDATION,D,5563,16.71,0.1891,N,39,0
62,60185,2.0,HOMEIMPROVEMENT,A,3294,8.2,0.0547,N,45,0
74,75760,5.0,PERSONAL,C,11487,14.44,0.1516,N,45,0
49,92533,1.0,EDUCATION,D,11823,14.94,0.1278,N,28,0
18,61627,7.0,VENTURE,B,7166,10.69,0.1163,N,1,0
67,28828,6.0,MEDICAL,C,11447,11.79,0.3971,N,45,0
27,31375,4.0,DEBTCONSOLIDATION,E,4140,20.67,0.132,N,8,0
24,38586,6.0,HOMEIMPROVEMENT,C,22555,11.88,0.5845,N,1,0
56,54404,6.0,VENTURE,C,17778,11.54,0.3268,N,34,0
52,45833,6.0,VENTURE,A,4918,5.68,0.1073,N,29,0
21,26421,5.0,DEBTCONSOLIDATION,A,4108,5.46,0.1555,N,1,0
27,26334,7.0,MEDICAL,A,6734,5.46,0.2557,Y,7,1
51,15456,4.0,PERSONAL,A,11158,7.67,0.7219,Y,31,1
32,12000,7.0,HOMEIMPROVEMENT,A,10327,7.26,0.8606,N,15,0
56,45593,8.0,MEDICAL,D,4526,14.58,0.0993,N,38,0
41,175628,9.0,HOMEIMPROVEMENT,A,7061,6.36,0.0402,N,22,0
51,131693,3.0,MEDICAL,D,11986,15.99,0.091,Y,29,1
45,28623,3.0,PERSONAL,E,7172,18.89,0.2506,N,24,0
38,53233,5.0,VENTURE,B,10225,8.99,0.1921,Y,18,1
37,21905,3.0,DEBTCONSOLIDATION,B,19061,10.77,0.8702,N,16,0
57,23821,3.0,PERSONAL,D,6156,15.63,0.2584,N,40,0
47,25371,9.0,PERSONAL,F,17883,21.2,0.7049,N,29,1
51,43302,5.0,EDUCATION,A,9284,8.16,0.2144,Y,31,1
50,44340,5.0,PERSONAL,B,8775,9.83,0.1979,N,32,0
29,56330,7.0,MEDICAL,D,3722,15.67,0.0661,N,6,0
70,70598,2.0,PERSONAL,A,16608,7.17,0.2352,N,45,0
50,40729,2.0,DEBTCONSOLIDATION,B,38182,9.22,0.9375,N,30,0
58,50006,6.0,PERSONAL,A,4690,6.51,0.0938,Y,37,1
68,26860,6.0,PERSONAL,D,5059,16.08,0.1883,N,45,1
70,23400,3.0,EDUCATION,A,28912,6.17,1.2356,Y,45,1
56,21494,1.0,MEDICAL,C,15382,13.79,0.7156,Y,36,1
62,70058,4.0,HOMEIMPROVEMENT,C,6105,11.63,0.0871,N,45,0
44,40706,5.0,VENTURE,E,31975,19.1,0.7855,N,27,1
60,17516,3.0,DEBTCONSOLIDATION,A,7171,6.24,0.4094,N,41,0
36,47349,5.0,EDUCATION,B,10088,11.5,0.2131,N,16,0
58,24665,2.0,PERSONAL,E,12533,20.44,0.5081,N,40,1
22,122174,5.0,DEBTCONSOLIDATION,B,16854,11.07,0.138,N,5,0
70,35655,3.0,MEDICAL,E,13477,18.93,0.378,N,45,0
31,71312,6.0,MEDICAL,A,41970,5.53,0.5885,Y,13,1
55,89226,1.0,MEDICAL,B,25874,11.0,0.29,N,37,0
18,28992,2.0,PERSONAL,D,29710,16.27,1.0248,N,1,1
26,51114,5.0,EDUCATION,B,6227,10.18,0.1218,N,4,0
74,66463,7.0,EDUCATION,A,12414,8.43,0.1868,N,45,0
65,52237,3.0,EDUCATION,A,32181,5.8,0.6161,N,43,0
30,59790,5.0,EDUCATION,D,7496,16.87,0.1254,N,12,0
25,23592,9.0,MEDICAL,A,7537,5.03,0.3195,N,4,0
64,66484,4.0,HOMEIMPROVEMENT,A,18875,5.24,0.2839,N,41,0
74,37519,6.0,DEBTCONSOLIDATION,B,13735,11.19,0.3661,N,45,0
27,59408,7.0,PERSONAL,E,9767,19.39,0.1644,N,8,0
55,81307,7.0,DEBTCONSOLIDATION,C,11982,12.95,0.1474,N,37,0
34,70816,9.0,EDUCATION,B,2765,10.58,0.039,N,12,0
60,59384,9.0,MEDICAL,E,7829,20.98,0.1318,Y,43,1
41,69784,4.0,PERSONAL,B,5461,10.13,0.0783,N,24,0
25,71583,2.0,PERSONAL,A,30417,5.92,0.4249,N,6,0
36,111583,11.0,HOMEIMPROVEMENT,B,8736,9.92,0.0783,Y,19,0
48,48111,6.0,MEDICAL,C,10500,12.0,0.2182,N,26,0
63,53646,3.0,EDUCATION,E,21398,18.73,0.3989,N,45,0
19,81849,4.0,DEBTCONSOLIDATION,C,29334,12.36,0.3584,N,1,0
72,37432,6.0,HOMEIMPROVEMENT,C,11929,13.35,0.3187,N,45,0
55,23519,8.0,EDUCATION,C,5453,13.33,0.2319,N,37,0
67,64297,6.0,PERSONAL,A,6740,7.75,0.1048,N,45,0
71,43769,5.0,EDUCATION,D,12159,16.58,0.2778,N,45,1
26,25231,4.0,VENTURE,C,12408,14.09,0.4918,N,9,1
23,64556,6.0,EDUCATION,B,5616,8.57,0.087,N,6,0
62,107701,5.0,MEDICAL,C,2338,12.86,0.0217,N,41,0
28,20003,1.0,DEBTCONSOLIDATION,A,3180,5.34,0.159,N,5,0
26,86015,4.0,DEBTCONSOLIDATION,C,4314,12.07,0.0502,N,3,0
44,12144,4.0,MEDICAL,A,8488,7.15,0.6989,N,21,1
70,39333,9.0,DEBTCONSOLIDATION,B,7922,11.01,0.2014,N,45,0
63,134899,4.0,EDUCATION,D,3089,15.4,0.0229,Y,40,1
47,40921,2.0,MEDICAL,A,8341,5.13,0.2038,N,26,0
29,51506,1.0,PERSONAL,B,31779,9.36,0.617,Y,12,1
37,74576,8.0,EDUCATION,C,12699,12.1,0.1703,N,20,0
57,19071,3.0,VENTURE,C,40185,12.85,2.1071,N,36,0
26,51003,2.0,HOMEIMPROVEMENT,A,9930,5.1,0.1947,N,5,0
47,50783,7.0,MEDICAL,B,9719,9.13,0.1914,N,24,0
18,136526,3.0,VENTURE,A,12063,6.25,0.0884,N,1,0
36,24843,10.0,EDUCATION,D,35402,16.53,1.425,N,16,0
32,39741,7.0,DEBTCONSOLIDATION,D,29760,14.67,0.7488,N,13,0
56,29419,6.0,VENTURE,B,16827,8.72,0.572,N,38,0
70,27752,7.0,HOMEIMPROVEMENT,F,13349,21.31,0.481,N,45,1
26,91132,6.0,HOMEIMPROVEMENT,A,5428,6.02,0.0596,Y,6,1
63,49744,3.0,MEDICAL,C,3869,11.55,0.0778,N,43,0
55,36114,5.0,VENTURE,A,7238,8.5,0.2004,N,34,0
73,36871,8.0,PERSONAL,B,28907,9.4,0.784,Y,45,1
69,35962,2.0,EDUCATION,A,34556,6.03,0.9609,N,45,0
23,37775,5.0,MEDICAL,A,3208,6.96,0.0849,N,6,0
60,24454,7.0,PERSONAL,B,25455,9.99,1.0409,N,39,1
51,42518,4.0,HOMEIMPROVEMENT,C,35558,13.63,0.8363,N,34,1
24,40232,4.0,EDUCATION,B,23718,9.86,0.5895,N,2,0
32,32312,2.0,DEBTCONSOLIDATION,F,7206,21.54,0.223,N,15,0
70,53384,9.0,HOMEIMPROVEMENT,D,17586,16.14,0.3294,N,45,0
48,55934,3.0,EDUCATION,A,3363,8.15,0.0601,N,26,0
37,36092,1.0,PERSONAL,A,3709,5.01,0.1028,N,20,0
36,45284,6.0,PERSONAL,E,50000,17.75,1.1041,Y,13,1
65,160691,3.0,PERSONAL,B,7202,11.39,0.0448,N,45,0
34,157351,7.0,EDUCATION,F,4462,23.7,0.0284,N,17,0
27,27453,2.0,PERSONAL,A,7725,7.34,0.2814,N,9,0
50,29645,8.0,MEDICAL,E,36590,17.53,1.2343,N,29,0
74,27373,2.0,MEDICAL,C,22396,12.52,0.8182,N,45,0
28,87673,4.0,HOMEIMPROVEMENT,B,6227,10.14,0.071,N,7,0
32,39371,5.0,DEBTCONSOLIDATION,A,9474,5.6,0.2406,Y,9,0
44,55928,3.0,PERSONAL,B,14074,8.81,0.2516,N,27,0
29,147021,3.0,DEBTCONSOLIDATION,C,15978,13.69,0.1087,N,7,0
55,48739,5.0,MEDICAL,A,14228,5.64,0.2919,Y,36,0
32,72289,6.0,VENTURE,D,5138,17.17,0.0711,N,10,0
25,65266,7.0,EDUCATION,D,8499,16.04,0.1302,N,4,0
32,35471,8.0,MEDICAL,C,4604,11.85,0.1298,N,15,0
71,87775,4.0,EDUCATION,B,19510,10.19,0.2223,N,45,0
71,30719,3.0,EDUCATION,E,9357,18.78,0.3046,N,45,1
46,102429,3.0,EDUCATION,B,12658,10.98,0.1236,Y,28,0
40,35486,4.0,PERSONAL,C,6279,14.1,0.1769,N,20,0
64,37688,8.0,EDUCATION,B,15667,9.01,0.4157,N,45,0
29,26939,1.0,HOMEIMPROVEMENT,B,16047,9.63,0.5957,Y,11,1
55,29485,3.0,EDUCATION,E,3692,17.91,0.1252,N,38,0
56,38765,6.0,HOMEIMPROVEMENT,A,17454,6.91,0.4503,N,38,0
58,12871,7.0,MEDICAL,C,4457,13.75,0.3463,N,37,0
30,43116,2.0,DEBTCONSOLIDATION,A,6217,8.31,0.1442,Y,12,0
58,37071,6.0,EDUCATION,C,19071,14.04,0.5144,N,39,0
52,75697,5.0,DEBTCONSOLIDATION,C,6358,12.71,0.084,N,33,0
67,61860,4.0,PERSONAL,B,10897,10.76,0.1762,Y,45,0
27,33216,7.0,PERSONAL,B,9406,10.97,0.2832,N,9,0
52,38093,7.0,EDUCATION,B,3666,10.22,0.0962,N,35,0
65,43086,6.0,DEBTCONSOLIDATION,B,27009,9.84,0.6269,N,42,0
33,110998,8.0,HOMEIMPROVEMENT,B,27257,10.53,0.2456,Y,15,0
60,31186,3.0,EDUCATION,A,13898,5.65,0.4456,N,40,0
23,32995,9.0,PERSONAL,C,8147,12.39,0.2469,N,4,0
58,26351,4.0,HOMEIMPROVEMENT,D,10752,14.6,0.408,N,38,1
52,21695,3.0,HOMEIMPROVEMENT,C,25666,14.4,1.183,N,31,0
28,58037,11.0,EDUCATION,C,6997,12.53,0.1206,Y,9,0
21,54808,4.0,PERSONAL,B,7460,9.29,0.1361,N,1,0
60,99262,3.0,DEBTCONSOLIDATION,B,8621,10.8,0.0869,N,43,0
31,86922,6.0,EDUCATION,D,2186,14.54,0.0251,Y,8,1
46,183214,5.0,EDUCATION,A,16440,5.52,0.0897,N,26,0
21,47069,8.0,DEBTCONSOLIDATION,B,11560,8.83,0.2456,N,1,0
72,42476,4.0,HOMEIMPROVEMENT,B,18058,10.39,0.4251,N,45,0
49,23977,4.0,PERSONAL,C,7267,13.11,0.3031,N,28,0
71,71906,6.0,MEDICAL,C,3668,14.46,0.051,N,45,0
27,52323,6.0,MEDICAL,A,11130,5.19,0.2127,N,10,0
29,70136,8.0,EDUCATION,A,4481,8.17,0.0639,N,10,0
52,26199,7.0,VENTURE,A,15098,6.22,0.5763,N,35,0
52,59479,9.0,PERSONAL,C,16027,12.82,0.2695,N,31,0
63,54877,6.0,MEDICAL,C,45269,12.43,0.8249,N,45,0
70,52916,7.0,MEDICAL,A,27087,8.07,0.5119,N,45,0
64,33664,1.0,VENTURE,C,12268,13.23,0.3644,N,45,0
25,94289,9.0,PERSONAL,D,8476,15.13,0.0899,N,7,0
35,151398,7.0,HOMEIMPROVEMENT,A,18806,5.57,0.1242,N,15,0
70,26617,4.0,MEDICAL,A,12539,8.03,0.4711,N,45,1
49,72856,5.0,DEBTCONSOLIDATION,A,7295,7.31,0.1001,N,29,0
67,12000,5.0,EDUCATION,C,2389,12.96,0.1991,N,45,0
50,70808,6.0,DEBTCONSOLIDATION,E,50000,19.45,0.7061,Y,27,1
20,17525,5.0,PERSONAL,A,21416,8.01,1.222,N,1,0
44,36727,1.0,DEBTCONSOLIDATION,D,15915,15.28,0.4333,N,21,1
65,23809,6.0,HOMEIMPROVEMENT,B,10572,9.4,0.444,N,45,0
55,43539,5.0,MEDICAL,D,38316,15.3,0.88,N,37,1
25,77756,4.0,PERSONAL,D,18884,15.81,0.2429,N,6,0
29,17649,7.0,HOMEIMPROVEMENT,C,3823,14.39,0.2166,N,6,0
66,40226,3.0,MEDICAL,A,8471,8.49,0.2106,N,45,0
73,36962,4.0,VENTURE,A,17200,6.83,0.4653,N,45,0
60,116958,4.0,MEDICAL,A,23587,7.9,0.2017,N,41,0
23,62160,4.0,EDUCATION,B,8251,10.04,0.1327,Y,1,0
53,25655,3.0,PERSONAL,D,29516,14.85,1.1505,N,33,1
65,37827,4.0,DEBTCONSOLIDATION,C,3992,11.9,0.1055,Y,45,1
54,115365,6.0,EDUCATION,B,8451,9.75,0.0733,N,33,0
51,72613,8.0,MEDICAL,A,8701,6.36,0.1198,N,28,0
44,29583,5.0,MEDICAL,A,19688,5.31,0.6655,N,22,0
31,42324,3.0,HOMEIMPROVEMENT,E,25216,18.33,0.5958,Y,13,1
34,43074,2.0,EDUCATION,C,24792,13.01,0.5756,N,13,0
60,36465,8.0,HOMEIMPROVEMENT,E,3823,18.46,0.1048,N,43,0
21,19137,4.0,PERSONAL,B,11188,8.67,0.5846,N,1,0
22,33769,9.0,HOMEIMPROVEMENT,A,3461,6.05,0.1025,N,1,0
40,105246,3.0,DEBTCONSOLIDATION,D,10393,14.64,0.0987,N,22,0
62,39750,6.0,DEBTCONSOLIDATION,F,32489,23.03,0.8173,N,42,1
55,46314,7.0,PERSONAL,B,41762,10.43,0.9017,N,36,0
51,52959,7.0,MEDICAL,A,14165,5.35,0.2675,N,31,0
48,166038,4.0,DEBTCONSOLIDATION,C,12408,13.67,0.0747,N,28,0
24,49260,1.0,HOMEIMPROVEMENT,C,8969,13.91,0.1821,N,5,0
36,89471,4.0,DEBTCONSOLIDATION,D,9972,15.33,0.1115,N,19,0
22,35277,3.0,VENTURE,C,28025,12.48,0.7944,N,1,0
61,42503,4.0,HOMEIMPROVEMENT,F,5519,24.72,0.1298,N,42,0
60,49360,4.0,PERSONAL,B,8375,11.02,0.1697,Y,41,1
32,32023,9.0,PERSONAL,C,10219,13.34,0.3191,N,14,0
34,43824,3.0,HOMEIMPROVEMENT,C,6137,11.94,0.14,N,16,0
36,79891,4.0,HOMEIMPROVEMENT,B,14334,9.6,0.1794,N,15,0
68,31564,6.0,PERSONAL,E,29753,17.69,0.9426,N,45,1
45,49023,5.0,HOMEIMPROVEMENT,A,15614,6.34,0.3185,N,26,0
61,72388,5.0,EDUCATION,C,6134,11.65,0.0847,N,40,0
43,31149,1.0,VENTURE,B,5918,11.03,0.19,N,24,0
57,89543,3.0,MEDICAL,A,4100,6.54,0.0458,N,40,0
48,51025,5.0,HOMEIMPROVEMENT,A,9223,7.77,0.1808,Y,25,0
33,44765,4.0,MEDICAL,A,5556,5.56,0.1241,N,14,0
67,16244,5.0,PERSONAL,A,11784,6.7,0.7254,Y,45,1
58,39915,6.0,HOMEIMPROVEMENT,C,6082,13.36,0.1524,N,39,0
61,60136,3.0,DEBTCONSOLIDATION,B,3708,11.07,0.0617,Y,44,1
72,128019,3.0,VENTURE,D,2552,14.77,0.0199,N,45,0
32,66992,3.0,HOMEIMPROVEMENT,F,15369,21.78,0.2294,N,13,0
23,91073,3.0,PERSONAL,A,3742,7.31,0.0411,N,2,0
51,25209,1.0,MEDICAL,B,14010,10.13,0.5558,N,31,0
36,45718,4.0,EDUCATION,A,6275,7.42,0.1373,N,17,0
42,95933,5.0,VENTURE,C,11886,12.42,0.1239,N,20,0
31,30083,2.0,EDUCATION,D,9568,16.29,0.3181,N,9,0
40,83355,5.0,PERSONAL,A,10976,5.31,0.1317,Y,19,1
40,73373,7.0,MEDICAL,D,19304,15.64,0.2631,Y,19,1
37,57016,4.0,MEDICAL,A,6027,7.23,0.1057,N,18,0
60,40913,6.0,VENTURE,C,28034,11.86,0.6852,N,37,0
51,28496,5.0,HOMEIMPROVEMENT,D,16888,15.52,0.5926,N,29,1
45,130152,4.0,DEBTCONSOLIDATION,E,7812,17.59,0.06,N,24,0
24,69391,5.0,HOMEIMPROVEMENT,B,8406,10.11,0.1211,Y,1,1
50,59120,3.0,EDUCATION,A,10715,7.65,0.1812,Y,27,0
27,39063,6.0,DEBTCONSOLIDATION,B,7331,10.04,0.1877,N,6,0
35,50052,8.0,VENTURE,B,2924,10.35,0.0584,N,16,0
41,53669,3.0,DEBTCONSOLIDATION,C,4975,12.75,0.0927,Y,24,0
26,61079,4.0,EDUCATION,C,4964,12.1,0.0813,N,3,0
40,73415,5.0,PERSONAL,A,8607,7.71,0.1172,N,17,0
33,31877,5.0,VENTURE,A,4212,6.26,0.1321,N,11,0
66,21880,8.0,PERSONAL,F,17663,22.09,0.8073,Y,45,1
67,51346,2.0,DEBTCONSOLIDATION,B,10813,9.95,0.2106,N,45,0
18,18751,4.0,VENTURE,C,7387,12.74,0.394,N,1,0
52,41027,4.0,MEDICAL,A,5568,5.56,0.1357,N,31,0
54,37047,1.0,PERSONAL,A,10018,7.15,0.2704,N,36,0
39,64245,6.0,EDUCATION,B,19063,9.36,0.2967,N,16,0
44,145863,2.0,EDUCATION,B,2647,8.69,0.0181,N,22,0
63,16822,8.0,PERSONAL,A,3453,8.45,0.2053,N,41,0
39,171236,4.0,PERSONAL,D,4798,17.17,0.028,N,21,0
21,43122,7.0,VENTURE,E,3940,20.62,0.0914,N,1,0
39,59355,4.0,PERSONAL,B,3580,9.78,0.0603,N,18,0
32,22512,4.0,MEDICAL,C,9934,12.98,0.4413,N,10,1
39,84819,3.0,MEDICAL,A,9612,6.0,0.1133,N,18,0
31,50151,3.0,EDUCATION,A,7574,7.57,0.151,N,13,0
26,47391,2.0,DEBTCONSOLIDATION,A,11360,6.01,0.2397,N,5,0
74,16889,3.0,MEDICAL,A,9338,6.27,0.5529,N,45,0
25,51051,7.0,HOMEIMPROVEMENT,B,5803,11.06,0.1137,N,2,0
58,78057,6.0,EDUCATION,A,7294,5.48,0.0934,N,41,0
58,43046,8.0,PERSONAL,A,11482,5.33,0.2667,N,41,0
53,93508,10.0,PERSONAL,A,4216,6.34,0.0451,N,30,0
69,91408,8.0,EDUCATION,C,12150,13.1,0.1329,N,45,0
18,34454,8.0,EDUCATION,E,1042,19.17,0.0302,N,1,0
35,117867,5.0,PERSONAL,A,9658,5.89,0.0819,N,14,0
28,50257,4.0,EDUCATION,A,12346,5.66,0.2457,N,5,0
50,50380,6.0,PERSONAL,A,5025,6.29,0.0997,N,27,0
54,51763,7.0,DEBTCONSOLIDATION,F,20826,21.5,0.4023,N,37,1
69,50925,4.0,EDUCATION,D,22035,16.12,0.4327,N,45,1
39,12000,5.0,HOMEIMPROVEMENT,B,11453,10.72,0.9544,N,16,0
31,44265,2.0,DEBTCONSOLIDATION,A,30734,5.21,0.6943,N,14,1
70,23151,7.0,DEBTCONSOLIDATION,B,5646,11.03,0.2439,N,45,0
56,119908,11.0,MEDICAL,A,18321,5.93,0.1528,N,37,0
61,117283,3.0,EDUCATION,A,26586,7.72,0.2267,N,38,0
43,78320,4.0,DEBTCONSOLIDATION,B,4449,9.02,0.0568,N,25,0
43,42995,6.0,DEBTCONSOLIDATION,C,10443,11.69,0.2429,N,26,0
40,28158,2.0,HOMEIMPROVEMENT,D,3515,15.2,0.1248,N,21,0
60,34143,7.0,MEDICAL,A,17757,8.04,0.5201,N,39,0
30,142693,2.0,PERSONAL,B,31780,10.1,0.2227,N,8,0
73,33499,8.0,VENTURE,C,6748,13.92,0.2014,Y,45,1
28,13418,5.0,EDUCATION,F,9664,23.27,0.7202,N,5,1
44,86386,11.0,PERSONAL,E,6918,20.78,0.0801,N,23,0
35,111890,6.0,EDUCATION,B,50000,9.26,0.4469,N,18,0
54,122096,2.0,EDUCATION,B,5239,8.71,0.0429,N,31,0
56,86776,7.0,MEDICAL,E,5226,18.58,0.0602,N,34,0
70,94924,6.0,EDUCATION,C,14623,12.83,0.154,N,45,0
62,50468,4.0,PERSONAL,A,9301,6.16,0.1843,N,40,0
32,15647,7.0,MEDICAL,C,50000,13.15,3.1955,N,12,1
29,49778,12.0,EDUCATION,B,39743,10.2,0.7984,Y,12,1
68,69000,7.0,MEDICAL,D,15237,15.46,0.2208,N,45,0
45,45506,7.0,EDUCATION,E,18997,20.69,0.4175,N,22,1
23,44379,8.0,EDUCATION,B,16511,9.62,0.372,N,3,0
65,28846,8.0,HOMEIMPROVEMENT,B,20572,10.05,0.7132,N,44,1
54,28255,9.0,HOMEIMPROVEMENT,B,14280,10.03,0.5054,N,35,1
19,134723,5.0,HOMEIMPROVEMENT,B,4883,11.12,0.0362,N,1,0
62,137432,4.0,VENTURE,B,5563,10.67,0.0405,Y,42,0
52,48949,5.0,DEBTCONSOLIDATION,C,19528,12.31,0.3989,N,35,0
53,57230,5.0,VENTURE,A,6966,7.43,0.1217,N,32,0
67,28581,4.0,PERSONAL,D,25321,15.11,0.8859,N,45,1
46,69801,8.0,MEDICAL,D,16456,17.45,0.2358,N,24,0
44,129030,5.0,MEDICAL,A,4312,7.76,0.0334,N,26,0
53,21140,7.0,DEBTCONSOLIDATION,A,4432,5.31,0.2096,N,34,0
29,63268,6.0,MEDICAL,C,3967,14.06,0.0627,N,6,0
26,65937,5.0,EDUCATION,E,17144,19.52,0.26,N,6,0
66,65524,7.0,MEDICAL,A,22353,5.69,0.3411,N,44,0
30,121000,6.0,MEDICAL,D,7535,14.67,0.0623,N,12,0
46,150213,4.0,MEDICAL,E,9865,18.81,0.0657,N,24,0
33,43113,1.0,EDUCATION,D,12382,16.28,0.2872,N,12,0
31,70986,4.0,EDUCATION,C,18267,14.17,0.2573,N,13,0
52,51345,0.0,DEBTCONSOLIDATION,E,7751,20.85,0.151,N,31,0
63,34625,5.0,MEDICAL,A,13407,6.17,0.3872,N,41,0
43,56894,0.0,HOMEIMPROVEMENT,D,9402,14.65,0.1653,N,22,0
25,70921,1.0,DEBTCONSOLIDATION,C,3321,14.34,0.0468,N,6,0
31,55232,7.0,HOMEIMPROVEMENT,B,25788,10.57,0.4669,N,14,0
27,30192,1.0,EDUCATION,D,12348,15.43,0.409,N,7,1
68,37988,2.0,PERSONAL,C,8659,14.23,0.2279,N,45,0
36,38148,4.0,HOMEIMPROVEMENT,D,5824,17.27,0.1527,N,16,0
39,30842,10.0,VENTURE,B,6028,9.67,0.1954,N,17,0
22,58246,7.0,EDUCATION,C,3596,11.54,0.0617,Y,1,1
43,61695,4.0,HOMEIMPROVEMENT,B,4507,9.01,0.0731,N,25,0
70,84013,1.0,MEDICAL,C,5133,14.23,0.0611,N,45,0
41,30586,3.0,HOMEIMPROVEMENT,C,6709,11.58,0.2193,N,23,0
55,35681,4.0,MEDICAL,C,24971,14.04,0.6998,N,34,1
28,115267,7.0,VENTURE,D,15025,15.43,0.1303,N,6,0
26,44780,6.0,EDUCATION,A,5200,5.66,0.1161,N,8,0
59,49839,6.0,EDUCATION,C,3243,14.24,0.0651,N,36,0
21,44519,7.0,HOMEIMPROVEMENT,B,5207,10.63,0.117,N,1,0
43,91415,7.0,EDUCATION,C,27223,11.62,0.2978,N,21,0
36,93385,5.0,EDUCATION,B,15751,11.02,0.1687,N,13,0
18,90423,5.0,EDUCATION,A,8723,8.05,0.0965,Y,1,0
48,49742,4.0,HOMEIMPROVEMENT,A,9779,5.25,0.1966,N,30,0
72,30338,6.0,HOMEIMPROVEMENT,B,22062,9.32,0.7272,N,45,1
21,141332,8.0,PERSONAL,B,9744,11.48,0.0689,N,1,0
64,78509,2.0,VENTURE,C,48336,12.93,0.6157,Y,44,1
48,38133,3.0,EDUCATION,B,10482,9.24,0.2749,N,30,0
59,107269,7.0,EDUCATION,A,5155,5.26,0.0481,N,40,0
23,36512,1.0,PERSONAL,A,2405,5.05,0.0659,N,6,0
67,106498,6.0,EDUCATION,C,13483,12.33,0.1266,N,45,0
18,110531,8.0,EDUCATION,A,8546,7.03,0.0773,N,1,0
69,29530,3.0,EDUCATION,B,5135,10.12,0.1739,N,45,0
55,67505,5.0,PERSONAL,A,16062,5.9,0.2379,N,38,0
37,75373,2.0,VENTURE,A,11956,5.27,0.1586,N,15,0
18,206529,2.0,HOMEIMPROVEMENT,D,7174,15.13,0.0347,N,1,0
52,32589,1.0,MEDICAL,A,12259,6.98,0.3762,N,34,0
22,107785,5.0,PERSONAL,A,8990,5.07,0.0834,N,1,0
52,49490,2.0,MEDICAL,A,18900,5.48,0.3819,N,30,0
62,24766,3.0,HOMEIMPROVEMENT,D,10544,16.82,0.4257,N,39,0
33,45890,2.0,VENTURE,E,7573,17.59,0.165,N,11,0
31,49087,9.0,HOMEIMPROVEMENT,C,23671,13.17,0.4822,N,13,0
30,27381,5.0,PERSONAL,C,4684,13.99,0.1711,N,9,0
30,58203,11.0,EDUCATION,D,3694,16.41,0.0635,N,7,0
24,83016,8.0,VENTURE,B,6510,10.58,0.0784,N,4,0
32,55882,8.0,EDUCATION,B,2837,8.9,0.0508,N,15,0
55,36387,5.0,PERSONAL,A,3375,5.17,0.0928,N,35,0
35,45176,3.0,DEBTCONSOLIDATION,A,8374,6.92,0.1854,N,17,0
62,48898,4.0,EDUCATION,B,10319,10.88,0.211,N,43,0
64,55244,7.0,HOMEIMPROVEMENT,B,8227,10.85,0.1489,N,43,0
61,90256,6.0,DEBTCONSOLIDATION,A,14080,5.22,0.156,N,41,0
48,56929,3.0,PERSONAL,A,7133,5.03,0.1253,N,29,0
36,22663,5.0,DEBTCONSOLIDATION,D,2620,14.83,0.1156,N,17,0
71,35980,6.0,HOMEIMPROVEMENT,C,16693,14.43,0.464,Y,45,1
29,53707,4.0,HOMEIMPROVEMENT,D,9338,14.98,0.1739,N,8,0
44,90968,2.0,PERSONAL,C,16123,11.75,0.1772,N,24,0
43,100089,1.0,PERSONAL,A,15334,6.86,0.1532,N,23,0
60,130102,6.0,MEDICAL,C,21112,14.35,0.1623,N,43,0
49,52671,6.0,PERSONAL,C,5322,12.51,0.101,N,28,0
63,74594,3.0,VENTURE,A,4308,6.17,0.0578,N,44,0
70,22027,9.0,DEBTCONSOLIDATION,A,9291,8.31,0.4218,N,45,0
40,62095,7.0,DEBTCONSOLIDATION,A,8913,7.36,0.1435,N,22,0
67,27135,8.0,EDUCATION,D,23707,14.67,0.8737,N,45,1
27,47363,4.0,MEDICAL,C,14155,13.14,0.2989,N,5,0
70,259473,8.0,PERSONAL,C,10978,11.81,0.0423,N,45,0
28,57927,3.0,EDUCATION,F,4229,24.3,0.073,N,7,0
66,30482,3.0,EDUCATION,B,6039,10.56,0.1981,N,45,0
40,61345,3.0,MEDICAL,B,3195,10.12,0.0521,N,22,0
72,36886,5.0,EDUCATION,B,5583,10.95,0.1514,Y,45,0
25,28899,9.0,PERSONAL,B,11252,9.12,0.3894,N,4,0
44,155862,1.0,EDUCATION,A,13574,7.08,0.0871,N,24,0
69,88145,9.0,PERSONAL,A,15512,5.91,0.176,N,45,0
20,59281,5.0,PERSONAL,B,16908,9.0,0.2852,N,3,0
33,39517,2.0,MEDICAL,A,14746,5.22,0.3732,N,15,0
22,41318,7.0,VENTURE,A,6499,8.46,0.1573,Y,3,1
36,114503,4.0,DEBTCONSOLIDATION,C,5799,11.85,0.0506,Y,19,0
40,58024,4.0,PERSONAL,A,24590,7.72,0.4238,N,18,0
53,12000,5.0,PERSONAL,A,7533,7.43,0.6278,N,35,0
32,185631,5.0,HOMEIMPROVEMENT,B,7774,10.64,0.0419,N,15,0
27,54213,9.0,MEDICAL,A,9119,6.4,0.1682,Y,10,0
27,59210,8.0,DEBTCONSOLIDATION,C,3485,12.74,0.0589,N,6,0
71,89114,3.0,MEDICAL,B,8707,9.58,0.0977,N,45,0
72,63320,5.0,HOMEIMPROVEMENT,B,3312,8.78,0.0523,N,45,0
30,73924,2.0,PERSONAL,A,15373,5.12,0.208,N,10,0
29,38830,5.0,DEBTCONSOLIDATION,A,7262,6.47,0.187,N,8,0
21,24924,2.0,EDUCATION,C,6583,12.95,0.2641,N,1,0
72,57189,3.0,HOMEIMPROVEMENT,B,2584,8.93,0.0452,Y,45,1
58,107730,4.0,PERSONAL,C,12389,13.12,0.115,N,39,0
61,34327,6.0,PERSONAL,D,50000,14.88,1.4566,Y,38,1
34,32846,7.0,MEDICAL,D,6632,15.43,0.2019,N,17,0
54,95947,4.0,PERSONAL,D,9568,15.29,0.0997,N,37,0
21,38120,5.0,MEDICAL,A,29891,6.92,0.7841,N,1,0
56,39112,11.0,EDUCATION,C,50000,13.62,1.2784,Y,37,1
51,39925,3.0,MEDICAL,A,4246,5.87,0.1063,N,32,0
36,47299,9.0,HOMEIMPROVEMENT,C,23104,12.03,0.4885,N,17,1
58,20629,7.0,VENTURE,B,1418,8.56,0.0687,N,35,0
54,36437,5.0,HOMEIMPROVEMENT,E,1092,18.1,0.03,Y,33,1
43,55642,8.0,EDUCATION,B,2830,10.9,0.0509,N,24,0
28,55424,1.0,VENTURE,D,7634,17.06,0.1377,N,5,1
19,92678,7.0,MEDICAL,A,2445,7.96,0.0264,N,1,0
71,134815,5.0,MEDICAL,A,24761,6.81,0.1837,Y,45,0
34,112630,4.0,VENTURE,C,10191,13.4,0.0905,Y,11,0
35,81069,4.0,MEDICAL,C,15267,12.65,0.1883,N,13,0
56,45170,6.0,MEDICAL,A,7765,7.45,0.1719,N,33,0
32,34797,2.0,EDUCATION,A,6536,8.43,0.1878,N,14,0
39,49505,6.0,VENTURE,E,9332,18.54,0.1885,N,19,0
58,67647,7.0,EDUCATION,B,38700,8.91,0.5721,N,40,0
51,77038,4.0,PERSONAL,C,11381,13.11,0.1477,Y,34,1
55,69057,5.0,PERSONAL,A,11084,5.54,0.1605,N,36,0
18,45860,8.0,DEBTCONSOLIDATION,A,4737,8.41,0.1033,N,1,0
43,75566,5.0,HOMEIMPROVEMENT,C,4903,13.76,0.0649,Y,24,1
45,98074,8.0,DEBTCONSOLIDATION,B,6158,10.04,0.0628,N,23,0
54,79545,4.0,MEDICAL,C,15225,13.54,0.1914,Y,32,0
26,48165,7.0,EDUCATION,A,12431,6.17,0.2581,N,7,0
27,30988,7.0,DEBTCONSOLIDATION,A,2481,7.51,0.0801,N,7,0
61,30587,4.0,VENTURE,B,13540,9.52,0.4427,N,40,0
56,33702,9.0,DEBTCONSOLIDATION,B,16376,10.92,0.4859,N,34,0
64,56465,5.0,EDUCATION,E,14952,17.8,0.2648,N,42,0
33,65244,8.0,HOMEIMPROVEMENT,A,14751,7.16,0.2261,N,16,0
74,22516,5.0,HOMEIMPROVEMENT,C,15015,13.28,0.6669,N,45,0
33,37153,6.0,VENTURE,D,12796,14.61,0.3444,Y,10,1
55,56039,6.0,EDUCATION,B,3887,9.27,0.0694,N,35,0
27,29886,6.0,HOMEIMPROVEMENT,C,19485,13.09,0.652,N,7,1
70,62233,3.0,MEDICAL,D,33038,14.95,0.5309,N,45,0
36,41394,1.0,HOMEIMPROVEMENT,B,24011,9.45,0.5801,N,13,0
63,32929,5.0,MEDICAL,D,11991,15.39,0.3641,N,45,0
36,50476,2.0,PERSONAL,E,9398,17.9,0.1862,N,16,0
63,60824,9.0,MEDICAL,B,6378,9.42,0.1049,N,44,0
43,30739,3.0,EDUCATION,A,2665,5.64,0.0867,N,25,0
21,42897,4.0,DEBTCONSOLIDATION,E,19473,20.31,0.4539,N,3,1
28,63400,7.0,HOMEIMPROVEMENT,A,3505,6.1,0.0553,N,10,0
56,32236,3.0,EDUCATION,A,7699,8.03,0.2388,N,36,0
29,19697,6.0,VENTURE,B,7583,10.6,0.385,N,8,0
33,21054,7.0,MEDICAL,C,23847,14.45,1.1327,N,13,1
48,38951,4.0,VENTURE,E,15757,20.76,0.4045,N,26,1
32,23738,3.0,MEDICAL,B,6437,10.88,0.2712,N,12,0
25,40487,6.0,EDUCATION,D,9142,16.77,0.2258,N,2,0
53,122481,6.0,HOMEIMPROVEMENT,A,8556,7.28,0.0699,N,34,0
57,22966,6.0,DEBTCONSOLIDATION,C,15316,11.86,0.6669,N,39,1
59,41963,4.0,PERSONAL,A,4878,8.4,0.1162,N,40,0
71,158382,5.0,PERSONAL,D,12162,14.9,0.0768,N,45,0
25,61357,6.0,MEDICAL,B,8586,10.51,0.1399,N,3,0
42,40044,2.0,HOMEIMPROVEMENT,C,50000,11.93,1.2486,N,22,0
31,44968,1.0,DEBTCONSOLIDATION,B,5695,8.86,0.1266,N,14,0
69,62078,2.0,EDUCATION,C,23316,13.59,0.3756,N,45,0
48,124576,3.0,MEDICAL,C,7360,13.05,0.0591,Y,30,0
23,36608,2.0,HOMEIMPROVEMENT,A,9290,7.34,0.2538,N,1,0
57,32315,8.0,EDUCATION,B,25582,10.93,0.7916,N,38,1
20,22963,3.0,PERSONAL,A,14544,5.31,0.6334,N,1,0
33,51880,2.0,HOMEIMPROVEMENT,B,9169,11.08,0.1767,N,11,0
59,22626,7.0,EDUCATION,A,7738,5.28,0.342,N,40,0
46,37983,6.0,DEBTCONSOLIDATION,F,26245,24.6,0.691,N,28,1
61,29739,8.0,EDUCATION,B,7719,10.48,0.2596,N,44,0
50,88500,3.0,VENTURE,B,7709,9.95,0.0871,N,32,0
66,37063,4.0,DEBTCONSOLIDATION,A,6157,6.62,0.1661,N,45,0
50,60980,7.0,EDUCATION,B,35140,8.56,0.5763,N,28,0
21,20287,6.0,MEDICAL,E,4110,18.83,0.2026,N,1,0
22,52697,6.0,MEDICAL,C,12110,11.83,0.2298,N,1,0
62,25292,3.0,MEDICAL,B,12522,10.37,0.4951,N,39,0
20,38789,2.0,EDUCATION,C,4281,13.63,0.1104,N,1,0
39,165406,5.0,MEDICAL,B,8193,11.34,0.0495,N,19,0
18,81854,5.0,VENTURE,A,7631,7.68,0.0932,N,1,0
35,45678,7.0,EDUCATION,B,6488,11.41,0.142,N,12,0
51,284764,2.0,VENTURE,B,10664,9.18,0.0374,N,31,0
27,29633,2.0,PERSONAL,C,12328,13.57,0.416,N,10,1
44,93047,6.0,EDUCATION,A,8096,5.9,0.087,N,23,0
74,21100,7.0,PERSONAL,B,40365,9.0,1.913,N,45,1
22,42866,3.0,HOMEIMPROVEMENT,A,6248,6.78,0.1458,N,3,0
21,23358,3.0,MEDICAL,C,11876,13.02,0.5084,N,1,1
33,56472,9.0,EDUCATION,A,10782,8.29,0.1909,N,13,0
65,50553,5.0,VENTURE,B,15170,10.36,0.3001,N,45,0
41,41389,9.0,EDUCATION,B,11488,9.69,0.2776,N,24,0
54,89378,9.0,MEDICAL,B,5513,10.42,0.0617,N,37,0
19,35885,5.0,EDUCATION,C,15628,11.79,0.4355,N,1,0
59,58674,7.0,EDUCATION,A,10049,8.19,0.1713,N,41,0
21,76980,5.0,DEBTCONSOLIDATION,D,19689,15.39,0.2558,N,1,0
58,21681,10.0,PERSONAL,B,17161,9.13,0.7915,N,36,0
26,32479,4.0,EDUCATION,B,15108,9.86,0.4652,N,9,1
66,50494,7.0,VENTURE,B,19050,10.11,0.3773,N,43,0
34,69326,4.0,MEDICAL,A,6675,7.27,0.0963,N,11,0
28,107117,5.0,MEDICAL,C,10581,13.55,0.0988,N,11,0
37,43532,4.0,MEDICAL,B,21592,9.5,0.496,N,18,1
18,41189,3.0,HOMEIMPROVEMENT,B,11693,10.39,0.2839,Y,1,1
27,30335,3.0,PERSONAL,B,5786,9.19,0.1907,N,6,0
52,58776,6.0,PERSONAL,C,4795,13.81,0.0816,N,33,0
35,41630,5.0,EDUCATION,B,17030,9.97,0.4091,N,17,1
38,42162,2.0,MEDICAL,B,6731,9.03,0.1596,N,15,0
64,46553,4.0,HOMEIMPROVEMENT,F,9556,21.86,0.2053,N,45,0
25,66396,2.0,PERSONAL,C,26572,14.07,0.4002,N,8,1
40,35952,8.0,VENTURE,A,5500,8.41,0.153,N,21,0
28,32058,7.0,EDUCATION,A,22691,7.98,0.7078,N,5,1
45,62158,7.0,MEDICAL,B,4914,10.26,0.0791,Y,27,0
36,12000,1.0,MEDICAL,A,22915,5.08,1.9096,N,17,1
20,35170,9.0,PERSONAL,A,11161,5.14,0.3173,N,2,0
22,26024,3.0,PERSONAL,C,2994,12.99,0.115,Y,2,1
66,95015,6.0,HOMEIMPROVEMENT,B,4222,9.97,0.0444,N,45,0
21,38464,3.0,HOMEIMPROVEMENT,D,5424,17.24,0.141,N,2,0
62,36011,4.0,EDUCATION,A,10869,6.14,0.3018,N,40,0
70,47727,3.0,VENTURE,C,21767,12.53,0.4561,N,45,0
44,35332,3.0,MEDICAL,C,12998,12.66,0.3679,N,22,0
35,39282,3.0,MEDICAL,D,5418,16.11,0.1379,N,18,0
62,51710,6.0,HOMEIMPROVEMENT,D,27230,15.85,0.5266,Y,40,1
73,38866,3.0,MEDICAL,F,9480,24.19,0.2439,N,45,0
24,38712,3.0,HOMEIMPROVEMENT,A,5217,6.39,0.1348,N,3,0
72,28124,5.0,MEDICAL,B,9127,11.35,0.3245,N,45,0
71,25988,9.0,PERSONAL,E,9967,18.39,0.3835,Y,45,1
26,50683,3.0,PERSONAL,D,5445,16.1,0.1074,N,9,0
21,58025,1.0,VENTURE,D,19266,15.79,0.332,N,1,1
58,22348,7.0,EDUCATION,C,7682,11.92,0.3437,Y,40,1
22,74456,4.0,MEDICAL,E,5538,20.93,0.0744,N,2,0
52,74624,3.0,HOMEIMPROVEMENT,B,15174,10.62,0.2033,N,35,0
21,83790,4.0,VENTURE,B,13059,9.88,0.1559,N,3,0
57,57811,5.0,HOMEIMPROVEMENT,F,17173,21.67,0.2971,N,37,0
31,69591,6.0,PERSONAL,B,16900,11.13,0.2428,N,11,0
23,163042,5.0,DEBTCONSOLIDATION,E,6233,18.76,0.0382,N,1,0
21,41529,7.0,EDUCATION,B,9129,9.44,0.2198,Y,1,0
28,27580,1.0,VENTURE,C,2051,11.55,0.0744,N,10,0
48,21083,1.0,EDUCATION,B,10883,11.18,0.5162,N,25,1
22,128749,5.0,PERSONAL,C,11709,12.85,0.0909,N,1,0
63,129681,2.0,MEDICAL,E,8590,19.84,0.0662,Y,45,1
52,29480,3.0,PERSONAL,C,5058,12.69,0.1716,N,34,0
34,32858,2.0,PERSONAL,D,20735,17.43,0.631,Y,12,1
74,41019,2.0,EDUCATION,B,4242,9.04,0.1034,N,45,0
55,96118,4.0,MEDICAL,A,28333,8.04,0.2948,N,33,0
56,24148,3.0,EDUCATION,E,3416,19.69,0.1415,N,33,0
27,16619,9.0,DEBTCONSOLIDATION,F,8219,24.25,0.4946,Y,7,1
58,161479,10.0,PERSONAL,B,2006,9.82,0.0124,N,38,0
49,58209,2.0,HOMEIMPROVEMENT,D,5827,14.9,0.1001,N,28,0
74,62939,5.0,MEDICAL,C,11716,13.06,0.1861,N,45,0
45,43791,6.0,HOMEIMPROVEMENT,B,12333,10.75,0.2816,N,24,0
56,63334,4.0,DEBTCONSOLIDATION,A,8359,6.46,0.132,N,35,0
37,21315,3.0,MEDICAL,D,6957,16.92,0.3264,Y,19,1
20,30868,6.0,MEDICAL,F,50000,24.42,1.6198,N,1,1
25,51939,4.0,VENTURE,A,9340,7.84,0.1798,N,6,0
67,14058,2.0,DEBTCONSOLIDATION,A,50000,6.57,3.5567,N,45,1
60,41506,3.0,PERSONAL,B,28947,9.62,0.6974,N,40,0
38,40123,3.0,MEDICAL,E,6194,19.17,0.1544,N,17,1
57,41502,6.0,MEDICAL,D,7042,15.55,0.1697,Y,37,1
18,36203,9.0,HOMEIMPROVEMENT,B,30701,9.11,0.848,N,1,0
20,28346,6.0,PERSONAL,D,3737,15.45,0.1318,N,1,0
46,17995,6.0,VENTURE,B,26399,9.98,1.467,N,26,1
53,53082,4.0,EDUCATION,C,9144,13.27,0.1723,N,36,0
71,41561,7.0,HOMEIMPROVEMENT,C,1741,14.45,0.0419,N,45,0
61,23007,9.0,PERSONAL,A,4478,7.39,0.1946,N,41,0
32,50736,1.0,HOMEIMPROVEMENT,A,8369,6.27,0.165,Y,15,0
64,41680,3.0,PERSONAL,A,6897,5.5,0.1655,N,45,0
46,38041,5.0,DEBTCONSOLIDATION,F,5981,24.42,0.1572,N,28,1
65,14968,6.0,MEDICAL,B,3508,9.47,0.2344,N,42,0
27,71362,5.0,DEBTCONSOLIDATION,B,9655,11.33,0.1353,Y,9,1
19,24880,7.0,PERSONAL,B,28813,9.08,1.1581,Y,1,1
21,50756,6.0,DEBTCONSOLIDATION,E,28339,19.34,0.5583,N,1,0
74,31427,12.0,MEDICAL,A,23042,7.47,0.7332,N,45,1
22,39584,4.0,PERSONAL,E,8742,18.12,0.2208,N,4,0
71,92388,5.0,DEBTCONSOLIDATION,C,23180,11.86,0.2509,N,45,0
59,65669,9.0,EDUCATION,B,3280,9.47,0.0499,N,37,0
26,91264,5.0,PERSONAL,B,15219,11.45,0.1668,N,5,0
67,58789,3.0,PERSONAL,A,30178,6.46,0.5133,N,45,0
26,60954,4.0,MEDICAL,D,16642,15.5,0.273,N,5,0
26,18404,10.0,VENTURE,B,3180,9.61,0.1728,N,7,0
50,41165,8.0,EDUCATION,A,5289,8.48,0.1285,N,30,0
34,43316,8.0,VENTURE,C,6273,11.77,0.1448,N,12,0
34,96087,5.0,HOMEIMPROVEMENT,B,4645,8.55,0.0483,Y,11,1
29,37107,5.0,MEDICAL,B,7858,10.15,0.2118,N,9,0
52,56708,4.0,DEBTCONSOLIDATION,A,9222,7.41,0.1626,N,33,0
19,55501,1.0,PERSONAL,C,8421,11.85,0.1517,N,1,0
31,92662,6.0,HOMEIMPROVEMENT,C,5258,11.8,0.0567,N,8,0
49,45544,7.0,HOMEIMPROVEMENT,E,21472,19.62,0.4715,N,27,1
45,77287,6.0,MEDICAL,A,8704,8.07,0.1126,N,23,0
57,19193,3.0,PERSONAL,E,3647,18.65,0.19,N,39,0
30,20176,5.0,MEDICAL,B,7234,9.75,0.3585,N,13,0
54,13962,3.0,PERSONAL,A,6682,5.25,0.4786,N,32,0
61,75530,5.0,PERSONAL,C,2761,14.12,0.0366,N,41,0
40,71005,3.0,MEDICAL,B,7560,8.82,0.1065,N,20,0
32,80278,4.0,VENTURE,A,24290,6.27,0.3026,N,11,0
49,33774,5.0,HOMEIMPROVEMENT,A,8283,5.59,0.2452,N,27,0
50,35955,8.0,PERSONAL,E,8682,18.81,0.2415,N,27,0
23,45863,6.0,DEBTCONSOLIDATION,C,14530,14.3,0.3168,N,1,0
50,108448,2.0,MEDICAL,E,6515,19.87,0.0601,Y,28,1
26,124443,4.0,VENTURE,D,4606,15.23,0.037,N,8,0
50,75856,4.0,PERSONAL,C,16161,14.22,0.213,N,29,0
71,58809,9.0,HOMEIMPROVEMENT,A,9751,6.98,0.1658,N,45,0
48,102176,2.0,VENTURE,B,2979,10.24,0.0292,N,28,0
61,42586,7.0,PERSONAL,A,13172,6.24,0.3093,N,38,0
35,39536,2.0,MEDICAL,A,12347,5.69,0.3123,N,13,0
70,45662,4.0,EDUCATION,B,2906,10.91,0.0636,N,45,0
64,28615,2.0,DEBTCONSOLIDATION,B,1854,11.16,0.0648,N,45,0
70,44522,7.0,DEBTCONSOLIDATION,E,6198,18.19,0.1392,N,45,0
60,26513,2.0,MEDICAL,A,50000,5.13,1.8859,Y,42,1
55,86142,1.0,EDUCATION,A,50000,6.93,0.5804,N,37,1
47,66106,3.0,MEDICAL,C,28540,14.3,0.4317,N,24,0
70,107608,6.0,EDUCATION,A,5831,6.17,0.0542,N,45,0
66,20008,8.0,HOMEIMPROVEMENT,C,5531,13.38,0.2764,N,45,0
41,139515,6.0,MEDICAL,D,3985,14.95,0.0286,N,24,0
22,20643,4.0,MEDICAL,A,4164,7.82,0.2017,N,1,0
18,25360,6.0,PERSONAL,A,15271,7.01,0.6022,N,1,0
31,34840,10.0,PERSONAL,E,33342,19.48,0.957,N,10,1
21,100634,6.0,PERSONAL,D,8294,15.96,0.0824,N,3,0
30,55495,3.0,MEDICAL,A,6744,7.42,0.1215,N,8,0
24,42868,6.0,MEDICAL,B,5181,9.28,0.1209,N,2,0
73,31699,3.0,HOMEIMPROVEMENT,A,8501,8.05,0.2682,N,45,0
23,22999,1.0,HOMEIMPROVEMENT,D,5412,16.51,0.2353,Y,1,1
53,91394,6.0,VENTURE,A,3690,6.88,0.0404,N,30,0
38,76058,10.0,PERSONAL,D,11228,17.38,0.1476,Y,19,1
27,103140,7.0,MEDICAL,A,5634,7.12,0.0546,N,7,0
57,60976,6.0,DEBTCONSOLIDATION,A,6850,8.29,0.1123,N,36,0
73,12000,3.0,MEDICAL,A,9997,5.6,0.8331,Y,45,1
63,24722,5.0,MEDICAL,B,2323,8.9,0.094,N,41,0
73,63302,3.0,PERSONAL,D,3386,15.05,0.0535,N,45,0
51,40000,1.0,EDUCATION,A,10848,7.94,0.2712,N,33,0
56,36049,4.0,VENTURE,A,4382,7.11,0.1216,Y,37,1
26,26721,4.0,HOMEIMPROVEMENT,C,10236,14.48,0.3831,Y,5,1
66,82551,5.0,HOMEIMPROVEMENT,A,5920,5.59,0.0717,N,43,0
60,63001,1.0,HOMEIMPROVEMENT,B,12033,10.19,0.191,N,37,0
32,64579,5.0,HOMEIMPROVEMENT,B,3227,8.86,0.05,N,15,0
38,34596,9.0,VENTURE,B,5536,11.12,0.16,N,20,0
52,54011,3.0,MEDICAL,C,30416,14.04,0.5631,N,30,1
18,23487,3.0,EDUCATION,A,12810,7.78,0.5454,N,1,1
64,45642,7.0,HOMEIMPROVEMENT,B,18938,9.21,0.4149,N,45,1
33,12205,3.0,MEDICAL,B,9957,9.84,0.8158,N,10,0
22,20692,3.0,MEDICAL,B,4064,11.09,0.1964,N,4,0
36,41057,10.0,DEBTCONSOLIDATION,C,5896,13.41,0.1436,Y,13,1
65,181011,3.0,EDUCATION,A,6256,5.33,0.0346,Y,45,0
33,18207,4.0,MEDICAL,A,6271,7.83,0.3444,N,13,0
48,24736,1.0,PERSONAL,A,24740,6.34,1.0002,N,28,1
64,55228,10.0,EDUCATION,B,8438,8.83,0.1528,N,44,0
19,129726,3.0,DEBTCONSOLIDATION,A,3734,6.58,0.0288,N,1,0
61,54786,6.0,EDUCATION,A,6140,5.19,0.1121,N,43,0
34,72126,4.0,HOMEIMPROVEMENT,D,13139,14.71,0.1822,N,13,0
57,40713,6.0,MEDICAL,F,3423,22.55,0.0841,N,38,0
28,37017,6.0,MEDICAL,A,21194,7.87,0.5725,N,9,0
25,51287,9.0,DEBTCONSOLIDATION,A,27378,5.23,0.5338,N,3,0
62,34130,3.0,MEDICAL,B,5477,9.77,0.1605,N,42,0
64,73009,2.0,EDUCATION,E,14298,19.51,0.1958,N,43,0
73,20262,2.0,VENTURE,B,19174,11.13,0.9463,N,45,0
56,79976,1.0,MEDICAL,B,4836,10.24,0.0605,Y,34,1
44,50092,5.0,MEDICAL,D,7365,16.08,0.147,N,26,0
29,43560,4.0,DEBTCONSOLIDATION,D,8154,15.86,0.1872,N,10,0
34,19857,5.0,HOMEIMPROVEMENT,D,12821,16.14,0.6457,N,14,1
54,28598,4.0,EDUCATION,A,27431,7.05,0.9592,N,33,0
37,94774,5.0,PERSONAL,C,8200,14.4,0.0865,N,17,0
45,43707,5.0,PERSONAL,A,3383,6.64,0.0774,N,27,0
27,57131,7.0,EDUCATION,B,2848,9.02,0.0499,N,4,0
43,30219,6.0,DEBTCONSOLIDATION,D,5727,15.74,0.1895,N,26,0
31,48243,4.0,PERSONAL,D,8020,16.45,0.1662,N,10,0
24,23047,2.0,DEBTCONSOLIDATION,C,22608,12.4,0.981,Y,7,1
25,51789,4.0,VENTURE,D,2895,16.85,0.0559,N,6,0
47,60105,3.0,MEDICAL,A,8594,8.13,0.143,N,25,0
38,58474,4.0,HOMEIMPROVEMENT,D,27521,16.3,0.4707,N,20,0
23,29822,3.0,EDUCATION,D,12878,17.32,0.4318,N,1,1
47,40614,6.0,PERSONAL,C,4096,11.82,0.1009,N,25,0
27,65871,3.0,PERSONAL,A,10980,6.34,0.1667,N,4,0
18,43639,4.0,HOMEIMPROVEMENT,A,9359,5.3,0.2145,N,1,0
25,41855,6.0,MEDICAL,A,23143,7.05,0.5529,N,3,0
43,139651,5.0,MEDICAL,C,16045,13.66,0.1149,N,24,0
72,29055,4.0,HOMEIMPROVEMENT,B,11663,8.92,0.4014,Y,45,1
31,88807,2.0,MEDICAL,A,14177,5.13,0.1596,N,13,0
34,25975,1.0,MEDICAL,C,9840,14.4,0.3788,N,13,0
31,70272,2.0,DEBTCONSOLIDATION,B,5585,11.07,0.0795,N,14,0
38,72365,4.0,MEDICAL,B,15816,9.07,0.2186,N,18,0
58,37023,4.0,VENTURE,C,5951,12.75,0.1607,N,39,0
36,25094,2.0,VENTURE,A,12265,5.2,0.4888,N,13,0
55,16585,9.0,EDUCATION,E,15546,18.57,0.9374,N,34,1
69,34950,3.0,DEBTCONSOLIDATION,C,3961,12.15,0.1133,N,45,0
71,65474,5.0,PERSONAL,D,8135,15.86,0.1242,N,45,1
50,27100,5.0,EDUCATION,B,28277,8.96,1.0434,N,32,0
58,51705,5.0,EDUCATION,C,24205,14.48,0.4681,Y,41,1
70,21762,4.0,DEBTCONSOLIDATION,D,12851,14.83,0.5905,Y,45,1
62,43103,1.0,MEDICAL,A,8373,7.54,0.1943,N,39,0
35,26085,5.0,EDUCATION,B,7848,9.43,0.3009,N,14,0
25,46962,3.0,EDUCATION,A,5937,8.11,0.1264,N,2,0
24,37212,5.0,PERSONAL,D,9028,14.66,0.2426,N,2,0
68,25471,1.0,PERSONAL,F,23418,24.29,0.9194,N,45,1
49,34119,8.0,PERSONAL,E,6100,18.37,0.1788,N,28,1
34,29325,2.0,MEDICAL,E,3885,20.53,0.1325,N,12,0
37,23797,7.0,EDUCATION,B,18787,10.11,0.7895,N,16,0
34,88921,3.0,DEBTCONSOLIDATION,B,7328,8.68,0.0824,N,17,0
63,40211,8.0,EDUCATION,B,4746,8.9,0.118,N,43,0
52,14599,5.0,HOMEIMPROVEMENT,B,9676,10.7,0.6628,N,34,0
68,34793,5.0,HOMEIMPROVEMENT,A,7484,6.75,0.2151,Y,45,1
35,81071,8.0,PERSONAL,C,9805,14.16,0.1209,N,15,0
44,32249,3.0,EDUCATION,D,13312,15.73,0.4128,N,26,1
24,111720,10.0,VENTURE,B,12098,11.34,0.1083,N,5,0
73,30602,6.0,DEBTCONSOLIDATION,D,12908,15.3,0.4218,N,45,1
47,64658,6.0,MEDICAL,B,10307,9.46,0.1594,N,30,0
49,86694,4.0,EDUCATION,C,2690,13.02,0.031,Y,32,0
41,62793,5.0,PERSONAL,A,9901,5.83,0.1577,N,22,0
33,23017,2.0,HOMEIMPROVEMENT,C,3782,12.46,0.1643,N,10,0
72,29191,1.0,EDUCATION,B,5634,9.36,0.193,N,45,0
45,93296,3.0,PERSONAL,D,5693,17.41,0.061,Y,26,1
56,31491,7.0,PERSONAL,A,13915,7.66,0.4419,N,33,0
20,83836,5.0,VENTURE,A,2666,5.39,0.0318,N,1,0
33,38690,4.0,EDUCATION,D,8110,14.87,0.2096,N,12,0
63,52986,3.0,HOMEIMPROVEMENT,B,8719,10.92,0.1646,N,43,0
23,22871,5.0,PERSONAL,A,16026,6.96,0.7007,Y,6,1
23,35082,6.0,VENTURE,A,9983,5.72,0.2846,N,5,0
64,30290,4.0,HOMEIMPROVEMENT,B,13646,9.89,0.4505,N,45,0
35,55496,7.0,HOMEIMPROVEMENT,D,10093,17.39,0.1819,N,14,0
33,51599,5.0,PERSONAL,B,30838,10.74,0.5976,Y,14,1
50,63225,6.0,MEDICAL,A,6877,7.27,0.1088,N,27,0
29,37429,4.0,DEBTCONSOLIDATION,B,47666,10.78,1.2735,N,10,1
20,29388,3.0,HOMEIMPROVEMENT,B,6323,11.35,0.2152,N,2,0
18,54203,3.0,HOMEIMPROVEMENT,A,16116,7.07,0.2973,N,1,0
22,27825,1.0,DEBTCONSOLIDATION,B,27190,10.69,0.9772,N,1,0
27,88710,3.0,PERSONAL,A,8210,6.67,0.0925,N,10,0
57,46028,3.0,PERSONAL,C,8898,13.87,0.1933,Y,37,1
34,40971,5.0,HOMEIMPROVEMENT,A,3655,7.29,0.0892,N,13,0
22,63208,8.0,HOMEIMPROVEMENT,B,50000,9.83,0.791,Y,5,1
18,47004,8.0,PERSONAL,A,8123,8.33,0.1728,N,1,0
45,19694,2.0,HOMEIMPROVEMENT,D,25575,15.41,1.2986,N,27,1
65,27342,4.0,EDUCATION,E,5777,20.73,0.2113,N,45,0
37,87705,2.0,DEBTCONSOLIDATION,A,3569,5.7,0.0407,N,17,0
21,51335,2.0,PERSONAL,B,6117,10.92,0.1192,N,1,0
31,19440,6.0,VENTURE,E,10863,19.38,0.5588,Y,12,1
46,59495,3.0,DEBTCONSOLIDATION,E,10423,19.53,0.1752,N,27,0
28,36040,11.0,MEDICAL,A,6064,5.84,0.1683,N,7,0
73,30303,7.0,PERSONAL,C,7006,12.89,0.2312,N,45,0
61,26116,6.0,PERSONAL,B,10645,9.83,0.4076,N,39,0
37,84962,9.0,MEDICAL,B,5558,11.03,0.0654,N,20,0
72,16630,8.0,HOMEIMPROVEMENT,D,6943,16.69,0.4175,N,45,0
36,30926,4.0,HOMEIMPROVEMENT,A,4522,6.83,0.1462,N,13,0
25,52368,5.0,MEDICAL,D,16807,17.01,0.3209,N,2,0
71,116786,6.0,EDUCATION,A,3854,7.49,0.033,Y,45,0
72,66477,5.0,PERSONAL,A,7830,8.43,0.1178,N,45,0
35,30782,6.0,VENTURE,C,14130,12.13,0.459,N,14,1
51,113680,4.0,MEDICAL,E,14909,18.75,0.1311,N,28,0
27,23264,9.0,EDUCATION,B,4396,10.37,0.189,N,4,0
54,56722,4.0,DEBTCONSOLIDATION,E,16898,20.68,0.2979,N,34,0
57,64105,9.0,MEDICAL,C,13598,13.6,0.2121,N,40,0
58,30193,5.0,HOMEIMPROVEMENT,C,15632,13.2,0.5177,N,40,0
50,71946,5.0,VENTURE,A,9076,6.02,0.1262,Y,30,0
58,36951,7.0,PERSONAL,A,13462,7.46,0.3643,Y,40,0
49,71849,5.0,DEBTCONSOLIDATION,C,14997,13.55,0.2087,N,30,0
64,17822,9.0,MEDICAL,A,50000,8.0,2.8055,Y,45,1
28,58937,3.0,VENTURE,F,2961,22.78,0.0502,N,11,0
45,39079,5.0,MEDICAL,A,13178,5.42,0.3372,N,22,0
41,92257,6.0,HOMEIMPROVEMENT,B,16443,8.9,0.1782,Y,19,1
48,47849,6.0,DEBTCONSOLIDATION,A,12171,7.83,0.2544,N,29,0
26,97448,5.0,EDUCATION,B,20086,8.83,0.2061,N,6,0
36,64808,6.0,HOMEIMPROVEMENT,A,19359,6.96,0.2987,Y,17,0
72,45700,6.0,PERSONAL,D,12716,15.79,0.2782,N,45,0
23,75600,4.0,MEDICAL,A,9227,6.07,0.1221,N,6,0
54,75866,7.0,DEBTCONSOLIDATION,B,2343,10.97,0.0309,N,37,0
55,63547,9.0,MEDICAL,D,45279,14.78,0.7125,N,37,0
45,13894,4.0,PERSONAL,D,1973,16.21,0.142,N,25,0
19,28555,6.0,EDUCATION,E,15783,18.81,0.5527,N,1,1
19,104951,9.0,VENTURE,A,13060,5.3,0.1244,N,1,0
33,24568,4.0,EDUCATION,A,4064,7.66,0.1654,N,12,0
23,79646,2.0,EDUCATION,A,50000,6.37,0.6278,Y,3,1
23,72297,2.0,HOMEIMPROVEMENT,E,19407,18.44,0.2684,N,1,0
27,32887,3.0,EDUCATION,E,12784,20.2,0.3887,Y,6,1
28,16360,4.0,PERSONAL,C,4165,12.0,0.2546,N,10,0
65,35849,5.0,VENTURE,C,30452,14.31,0.8495,N,45,1
54,153723,6.0,VENTURE,B,31945,9.23,0.2078,N,31,0
19,30491,1.0,PERSONAL,E,11623,19.15,0.3812,N,1,0
53,31671,2.0,MEDICAL,A,37756,6.08,1.1921,N,34,1
25,28320,3.0,PERSONAL,D,12093,16.37,0.427,N,7,1
42,95619,5.0,DEBTCONSOLIDATION,B,13670,11.23,0.143,N,20,0
20,42890,9.0,HOMEIMPROVEMENT,B,9935,9.4,0.2316,N,1,0
23,34743,5.0,HOMEIMPROVEMENT,C,17536,12.28,0.5047,N,6,0
25,106660,3.0,HOMEIMPROVEMENT,B,15274,10.14,0.1432,Y,2,0
42,67421,5.0,PERSONAL,D,7078,15.19,0.105,N,22,0
44,29566,8.0,PERSONAL,A,4594,5.09,0.1554,N,23,0
38,25009,5.0,MEDICAL,A,8851,7.76,0.3539,N,15,0
53,92687,3.0,VENTURE,C,16903,13.71,0.1824,N,31,0
59,49475,5.0,DEBTCONSOLIDATION,C,8955,13.69,0.181,N,39,0
59,20910,3.0,EDUCATION,B,5254,10.42,0.2513,N,36,0
51,18384,10.0,DEBTCONSOLIDATION,C,9576,14.16,0.5209,N,31,0
49,26533,5.0,PERSONAL,B,4424,10.25,0.1667,N,26,0
46,24792,4.0,EDUCATION,D,6824,16.33,0.2753,Y,26,0
31,15909,4.0,EDUCATION,C,2812,13.91,0.1768,N,14,0
45,26776,4.0,EDUCATION,E,10931,20.53,0.4082,N,26,1
18,29569,4.0,HOMEIMPROVEMENT,C,17384,14.01,0.5879,N,1,1
73,38006,5.0,MEDICAL,C,10254,13.53,0.2698,N,45,0
39,124380,3.0,HOMEIMPROVEMENT,B,13241,8.89,0.1065,N,19,0
61,42329,5.0,DEBTCONSOLIDATION,B,11184,9.72,0.2642,N,40,0
72,44704,3.0,MEDICAL,A,13955,6.58,0.3122,N,45,0
46,64866,4.0,EDUCATION,B,15187,10.47,0.2341,N,25,0
67,43022,6.0,PERSONAL,A,15412,7.48,0.3582,Y,45,1
45,61088,3.0,HOMEIMPROVEMENT,E,22334,19.48,0.3656,N,28,0
25,57201,6.0,DEBTCONSOLIDATION,E,3215,17.74,0.0562,Y,2,1
19,52439,4.0,EDUCATION,B,17155,8.95,0.3271,N,1,0
25,224483,6.0,DEBTCONSOLIDATION,A,8492,5.16,0.0378,Y,8,1
71,80912,7.0,DEBTCONSOLIDATION,B,7095,11.24,0.0877,N,45,0
45,27039,4.0,VENTURE,F,2556,21.51,0.0945,N,26,1
36,60091,4.0,VENTURE,A,3261,6.48,0.0543,N,14,0
43,31714,7.0,HOMEIMPROVEMENT,E,6962,17.95,0.2195,N,22,0
32,62657,8.0,DEBTCONSOLIDATION,A,5532,6.48,0.0883,N,11,0
67,23009,3.0,VENTURE,C,19870,11.57,0.8636,Y,44,1
74,26654,7.0,PERSONAL,D,16576,16.12,0.6219,N,45,1
22,59227,8.0,HOMEIMPROVEMENT,C,28345,13.36,0.4786,N,5,0
58,84856,3.0,EDUCATION,A,8890,7.58,0.1048,N,36,0
37,64631,2.0,MEDICAL,F,15649,21.02,0.2421,N,17,1
20,78414,3.0,VENTURE,D,3287,17.32,0.0419,N,1,0
70,60210,8.0,EDUCATION,A,50000,6.14,0.8304,N,45,0
21,53899,7.0,PERSONAL,B,34801,8.53,0.6457,N,1,0
29,37159,3.0,MEDICAL,C,5540,13.53,0.1491,N,8,0
19,76661,3.0,MEDICAL,C,30362,13.92,0.3961,N,1,0
44,86136,2.0,DEBTCONSOLIDATION,B,4424,9.89,0.0514,Y,25,1
52,47348,1.0,PERSONAL,D,6175,16.89,0.1304,N,30,0
36,45967,8.0,HOMEIMPROVEMENT,A,9963,5.09,0.2167,N,19,0
22,117626,4.0,MEDICAL,B,5358,9.08,0.0456,Y,2,0
24,48473,5.0,PERSONAL,B,15120,9.88,0.3119,N,3,0
71,51104,6.0,EDUCATION,A,21942,6.61,0.4294,N,45,0
63,63979,5.0,PERSONAL,A,3664,7.42,0.0573,N,42,0
71,46453,5.0,MEDICAL,E,10753,19.13,0.2315,N,45,0
48,31219,2.0,DEBTCONSOLIDATION,B,4948,11.43,0.1585,N,29,0
49,60347,5.0,HOMEIMPROVEMENT,C,11996,12.51,0.1988,N,27,0
62,47986,5.0,EDUCATION,F,12194,21.21,0.2541,N,41,0
53,135027,3.0,EDUCATION,F,6336,24.09,0.0469,Y,33,1
42,75632,5.0,EDUCATION,D,8822,16.03,0.1166,N,24,0
34,35329,1.0,PERSONAL,C,10638,12.57,0.3011,N,12,0
45,73202,3.0,PERSONAL,A,6130,7.62,0.0837,N,24,0
21,58065,6.0,VENTURE,A,3065,5.13,0.0528,N,1,0
28,100728,7.0,MEDICAL,A,17034,7.81,0.1691,N,6,0
60,36737,3.0,EDUCATION,B,16947,8.74,0.4613,N,41,1
67,54381,3.0,EDUCATION,A,16407,5.91,0.3017,N,45,0
23,46420,5.0,HOMEIMPROVEMENT,D,4939,16.14,0.1064,Y,1,1
23,50623,7.0,PERSONAL,E,8409,17.73,0.1661,N,1,0
22,30125,4.0,PERSONAL,C,3160,13.16,0.1049,N,1,0
63,67288,5.0,EDUCATION,C,42626,11.69,0.6335,N,40,1
35,61690,3.0,DEBTCONSOLIDATION,B,3904,8.77,0.0633,N,16,0
36,99396,8.0,HOMEIMPROVEMENT,A,23771,5.05,0.2392,N,14,0
18,48751,4.0,PERSONAL,D,5748,15.12,0.1179,N,1,0
73,39084,4.0,MEDICAL,A,12233,7.4,0.313,N,45,0
42,75668,3.0,HOMEIMPROVEMENT,C,8268,12.0,0.1093,N,19,0
63,31671,3.0,MEDICAL,A,7556,5.28,0.2386,Y,40,1
58,89031,7.0,MEDICAL,D,13154,17.45,0.1477,N,39,0
26,88926,5.0,DEBTCONSOLIDATION,C,6725,14.4,0.0756,N,5,0
63,97880,5.0,HOMEIMPROVEMENT,A,3198,5.83,0.0327,N,43,0
49,60303,5.0,MEDICAL,D,8812,14.83,0.1461,Y,26,1
52,37512,3.0,PERSONAL,D,21592,17.03,0.5756,N,34,1
29,52054,5.0,PERSONAL,B,10012,10.4,0.1923,Y,8,1
66,60417,3.0,EDUCATION,B,5125,8.56,0.0848,Y,45,0
71,36023,5.0,MEDICAL,A,50000,7.71,1.388,N,45,0
41,102049,6.0,MEDICAL,B,9954,10.89,0.0975,N,21,0
23,67443,3.0,VENTURE,C,5457,11.51,0.0809,N,1,0
66,30009,3.0,PERSONAL,A,44523,6.22,1.4837,N,45,0
68,138078,1.0,MEDICAL,B,2944,9.59,0.0213,N,45,0
46,51718,5.0,VENTURE,B,5153,8.72,0.0996,N,24,0
51,26855,1.0,HOMEIMPROVEMENT,C,20233,12.97,0.7534,N,30,1
30,31050,4.0,EDUCATION,B,5094,8.95,0.1641,N,12,0
21,111110,8.0,EDUCATION,E,16506,17.55,0.1486,N,1,0
71,133751,8.0,DEBTCONSOLIDATION,D,18048,14.6,0.1349,N,45,0
45,85409,5.0,PERSONAL,B,42107,10.45,0.493,N,25,0
33,101277,6.0,MEDICAL,C,20826,13.98,0.2056,N,16,0
57,95715,5.0,DEBTCONSOLIDATION,B,7182,8.87,0.075,Y,36,0
19,66589,4.0,MEDICAL,B,5910,9.03,0.0888,N,2,0
22,58745,4.0,MEDICAL,C,4725,13.2,0.0804,N,4,0
31,65967,3.0,EDUCATION,B,4529,9.65,0.0687,N,11,0
43,73482,5.0,HOMEIMPROVEMENT,D,13041,15.54,0.1775,N,26,1
38,32601,3.0,DEBTCONSOLIDATION,C,2852,12.87,0.0875,N,18,0
28,73319,7.0,MEDICAL,B,11079,10.09,0.1511,N,9,0
38,109342,6.0,HOMEIMPROVEMENT,B,2564,10.9,0.0234,N,18,0
37,43760,9.0,PERSONAL,D,11849,16.91,0.2708,N,20,0
47,41262,6.0,HOMEIMPROVEMENT,B,6746,10.38,0.1635,Y,24,1
50,63710,5.0,DEBTCONSOLIDATION,A,15414,5.6,0.2419,N,33,0
68,34292,6.0,HOMEIMPROVEMENT,A,1493,5.56,0.0435,N,45,0
63,23759,3.0,PERSONAL,D,19200,16.29,0.8081,N,41,1
34,92156,6.0,VENTURE,B,9970,10.11,0.1082,N,13,0
69,38252,6.0,PERSONAL,C,7130,12.3,0.1864,N,45,0
47,49520,0.0,PERSONAL,F,14274,23.55,0.2882,Y,26,1
28,35046,6.0,PERSONAL,A,13517,6.67,0.3857,N,8,0
37,98934,8.0,PERSONAL,C,3773,12.45,0.0381,N,19,0
60,78373,5.0,MEDICAL,B,11047,10.72,0.141,N,40,0
64,42941,3.0,HOMEIMPROVEMENT,A,16523,7.39,0.3848,N,44,0
39,25618,4.0,PERSONAL,B,3244,10.12,0.1266,N,20,0
26,40505,6.0,PERSONAL,A,11417,8.33,0.2819,N,3,0
28,67076,3.0,MEDICAL,A,22991,7.3,0.3428,N,10,0
23,54379,8.0,MEDICAL,D,11154,17.43,0.2051,N,5,1
57,52052,5.0,MEDICAL,B,7121,10.06,0.1368,N,38,0
46,55074,6.0,MEDICAL,A,3795,6.91,0.0689,Y,28,0
43,74409,6.0,DEBTCONSOLIDATION,D,4583,15.62,0.0616,N,25,0
56,47905,4.0,EDUCATION,E,7453,17.71,0.1556,N,38,0
65,62787,7.0,MEDICAL,B,17045,11.4,0.2715,N,45,0
63,28486,4.0,HOMEIMPROVEMENT,B,14987,10.23,0.5261,Y,43,1
25,199709,3.0,MEDICAL,D,7478,15.46,0.0374,N,2,0
51,41935,10.0,PERSONAL,A,5547,5.24,0.1323,Y,31,1
68,54829,1.0,EDUCATION,C,6452,11.92,0.1177,N,45,0
62,66940,7.0,VENTURE,A,22215,8.4,0.3319,N,40,0
36,39107,4.0,PERSONAL,D,3397,15.61,0.0869,N,15,0
40,49232,3.0,VENTURE,D,10008,16.97,0.2033,N,17,1
68,48904,7.0,PERSONAL,E,6755,18.24,0.1381,N,45,0
19,29651,7.0,VENTURE,E,15448,17.82,0.521,N,1,0
47,62393,5.0,MEDICAL,D,8322,16.97,0.1334,Y,25,1
24,19789,6.0,VENTURE,A,3987,7.39,0.2015,Y,4,0
68,128539,4.0,PERSONAL,C,29032,14.31,0.2259,N,45,0
20,75821,8.0,DEBTCONSOLIDATION,E,11173,20.26,0.1474,N,3,0
19,69669,5.0,MEDICAL,A,10729,6.82,0.154,Y,2,1
36,18860,6.0,VENTURE,A,3600,7.34,0.1909,Y,18,1
29,31701,7.0,HOMEIMPROVEMENT,C,7610,13.96,0.2401,Y,11,1
46,105254,9.0,PERSONAL,C,5718,14.38,0.0543,N,24,0
35,480788,5.0,PERSONAL,B,8971,9.55,0.0187,N,13,0
38,94568,9.0,PERSONAL,A,2564,7.9,0.0271,N,17,0
50,86709,7.0,PERSONAL,D,10441,15.37,0.1204,N,33,0
49,65429,5.0,PERSONAL,B,17085,10.25,0.2611,N,32,0
71,30757,3.0,DEBTCONSOLIDATION,E,6499,19.67,0.2113,N,45,0
45,84740,9.0,EDUCATION,C,11551,11.51,0.1363,N,24,0
50,26751,4.0,PERSONAL,C,4617,13.48,0.1726,N,29,0
56,25189,5.0,VENTURE,A,31022,6.76,1.2316,N,36,0
27,24332,1.0,EDUCATION,C,4675,12.57,0.1921,N,5,0
56,83838,5.0,PERSONAL,E,8370,20.02,0.0998,N,34,0
67,47497,4.0,DEBTCONSOLIDATION,A,5444,7.34,0.1146,N,45,0
36,51816,6.0,HOMEIMPROVEMENT,C,4970,13.42,0.0959,Y,17,1
28,48607,2.0,MEDICAL,B,29067,9.81,0.598,Y,7,1
37,26393,6.0,MEDICAL,A,26946,5.58,1.021,N,17,0
33,33897,8.0,PERSONAL,E,6801,19.94,0.2006,N,14,0
51,34848,5.0,MEDICAL,B,50000,11.39,1.4348,N,30,0
67,22631,2.0,EDUCATION,B,21044,10.82,0.9299,N,44,1
51,37148,2.0,MEDICAL,D,19829,15.35,0.5338,N,30,0
25,27045,7.0,EDUCATION,A,9800,6.32,0.3624,N,4,0
35,67354,7.0,MEDICAL,C,22458,13.11,0.3334,N,12,0
57,70511,4.0,MEDICAL,A,10653,8.21,0.1511,N,34,0
36,24064,8.0,PERSONAL,E,4895,20.47,0.2034,N,16,0
51,41641,3.0,PERSONAL,E,9625,18.39,0.2311,N,33,0
57,136057,3.0,MEDICAL,C,7162,12.34,0.0526,N,35,0
36,28583,5.0,DEBTCONSOLIDATION,B,4122,11.08,0.1442,N,16,0
54,61985,8.0,DEBTCONSOLIDATION,D,19864,16.59,0.3205,N,32,0
40,51950,6.0,MEDICAL,C,11067,13.92,0.213,N,19,0
25,89418,6.0,MEDICAL,B,9337,8.65,0.1044,N,3,0
39,57670,6.0,MEDICAL,A,33441,7.39,0.5799,N,17,0
43,38668,1.0,EDUCATION,D,11060,17.18,0.286,N,26,0
18,50854,4.0,MEDICAL,C,23403,13.13,0.4602,N,1,0
68,51264,7.0,MEDICAL,B,4715,10.77,0.092,N,45,0
48,46609,6.0,HOMEIMPROVEMENT,B,5683,8.84,0.1219,N,30,0
20,23729,2.0,EDUCATION,C,9887,13.96,0.4167,Y,1,1
67,97119,3.0,PERSONAL,C,10578,11.66,0.1089,N,44,0
66,88127,7.0,PERSONAL,E,12179,19.32,0.1382,N,45,0
18,27603,3.0,EDUCATION,A,19956,5.7,0.723,N,1,0
27,41547,2.0,MEDICAL,C,50000,14.5,1.2035,Y,7,1
38,43312,5.0,DEBTCONSOLIDATION,B,3198,10.4,0.0738,N,20,0
46,25949,2.0,PERSONAL,B,6445,11.49,0.2484,Y,23,0
59,17557,1.0,PERSONAL,E,13095,20.13,0.7459,N,40,1
42,33900,3.0,EDUCATION,B,38811,9.96,1.1449,Y,21,1
52,40294,5.0,VENTURE,B,8442,11.23,0.2095,N,29,0
18,22188,6.0,DEBTCONSOLIDATION,A,9742,5.91,0.4391,N,1,0
55,54032,6.0,VENTURE,C,7417,14.43,0.1373,N,37,0
70,92927,5.0,HOMEIMPROVEMENT,B,14320,8.95,0.1541,N,45,0
47,77898,3.0,VENTURE,B,9681,10.03,0.1243,N,27,0
43,45721,5.0,DEBTCONSOLIDATION,C,17508,14.12,0.3829,Y,26,1
34,17814,5.0,MEDICAL,C,23289,13.36,1.3073,N,13,0
72,72666,4.0,VENTURE,F,7568,24.24,0.1041,N,45,0
19,53130,8.0,DEBTCONSOLIDATION,B,19282,10.26,0.3629,N,1,0
34,61907,7.0,MEDICAL,E,5838,19.2,0.0943,N,14,0
25,142181,3.0,EDUCATION,B,11525,10.9,0.0811,N,5,0
67,31143,7.0,DEBTCONSOLIDATION,A,6166,6.3,0.198,N,45,0
45,12000,5.0,MEDICAL,C,3087,13.59,0.2572,N,26,0
70,27463,6.0,HOMEIMPROVEMENT,B,18801,8.68,0.6846,N,45,0
55,64043,7.0,EDUCATION,D,4821,15.33,0.0753,N,36,0
49,49752,5.0,DEBTCONSOLIDATION,B,5883,11.34,0.1182,Y,28,1
47,25119,5.0,HOMEIMPROVEMENT,A,7676,6.53,0.3056,N,24,0
29,22452,8.0,VENTURE,C,37368,13.43,1.6644,N,7,1
50,40334,2.0,HOMEIMPROVEMENT,B,30823,8.9,0.7642,N,28,1
57,24702,2.0,HOMEIMPROVEMENT,C,3049,11.58,0.1234,N,34,0
73,65273,2.0,HOMEIMPROVEMENT,B,4158,9.69,0.0637,N,45,0
49,39093,9.0,MEDICAL,B,36799,9.06,0.9413,Y,28,1
71,34720,7.0,VENTURE,B,45702,9.76,1.3163,N,45,0
71,32304,5.0,DEBTCONSOLIDATION,B,13833,9.64,0.4282,N,45,0
47,56653,5.0,MEDICAL,F,10894,23.37,0.1923,N,24,1
43,50183,6.0,PERSONAL,B,9473,10.73,0.1888,N,22,0
26,54779,3.0,PERSONAL,C,8488,12.65,0.1549,N,3,0
33,54126,3.0,HOMEIMPROVEMENT,D,4131,16.34,0.0763,N,12,0
68,47112,6.0,PERSONAL,A,17661,5.3,0.3749,Y,45,0
25,27771,4.0,VENTURE,E,5116,18.33,0.1842,N,7,0
40,32803,7.0,DEBTCONSOLIDATION,B,15632,10.96,0.4765,N,18,1
57,39455,4.0,MEDICAL,D,10138,16.91,0.257,N,37,0
31,152643,4.0,EDUCATION,C,21300,12.3,0.1395,Y,10,0
73,23345,4.0,DEBTCONSOLIDATION,D,6124,17.36,0.2623,Y,45,1
55,38931,4.0,MEDICAL,B,4050,11.27,0.104,N,35,0
19,51743,3.0,PERSONAL,D,4875,16.92,0.0942,N,1,0
32,41488,4.0,EDUCATION,E,9748,18.5,0.235,N,13,0
60,88493,6.0,HOMEIMPROVEMENT,B,8877,9.39,0.1003,N,42,0
67,41370,2.0,MEDICAL,C,4033,13.15,0.0975,N,45,0
70,43088,6.0,MEDICAL,A,6814,5.87,0.1581,N,45,0
66,76729,7.0,PERSONAL,C,10456,13.32,0.1363,N,44,0
22,132705,5.0,EDUCATION,E,16232,19.01,0.1223,N,1,1
59,106311,4.0,VENTURE,C,9740,12.66,0.0916,N,41,0
24,45471,1.0,PERSONAL,C,16173,13.67,0.3557,N,3,0
22,47703,7.0,DEBTCONSOLIDATION,D,10193,16.15,0.2137,N,1,0
57,50296,2.0,PERSONAL,C,10236,12.09,0.2035,N,38,0
45,53148,4.0,EDUCATION,A,14047,5.98,0.2643,N,22,0
54,30759,6.0,PERSONAL,C,4296,13.46,0.1397,N,32,0
66,82053,1.0,EDUCATION,E,37078,17.57,0.4519,N,45,1
21,54920,9.0,EDUCATION,C,10448,14.43,0.1902,N,1,0
48,47826,4.0,MEDICAL,A,9305,6.58,0.1946,N,29,0
65,24364,3.0,HOMEIMPROVEMENT,E,11782,20.54,0.4836,N,45,1
43,50729,5.0,EDUCATION,E,21971,20.45,0.4331,N,22,1
47,17304,10.0,PERSONAL,A,13241,7.43,0.7652,N,27,0
46,35599,6.0,PERSONAL,B,15460,11.06,0.4343,N,24,1
69,35964,5.0,PERSONAL,A,10532,5.65,0.2928,N,45,0
20,57402,2.0,PERSONAL,E,4643,20.08,0.0809,N,3,0
68,137849,3.0,EDUCATION,C,1608,12.77,0.0117,Y,45,1
64,67140,4.0,EDUCATION,B,17688,10.8,0.2634,Y,44,1
64,108729,3.0,PERSONAL,A,20057,8.07,0.1845,N,41,0
41,69903,8.0,DEBTCONSOLIDATION,C,4278,12.49,0.0612,N,23,0
47,91014,4.0,PERSONAL,E,3936,18.78,0.0432,N,29,0
39,136137,1.0,HOMEIMPROVEMENT,B,4361,10.35,0.032,N,22,0
32,32777,5.0,EDUCATION,F,6318,22.19,0.1928,N,9,1
67,31621,5.0,MEDICAL,C,5073,13.53,0.1604,N,44,0
46,70816,6.0,PERSONAL,C,10439,12.35,0.1474,N,25,0
59,48921,3.0,PERSONAL,A,10684,6.68,0.2184,N,40,0
23,55336,7.0,EDUCATION,A,9819,8.45,0.1774,N,5,0
62,42754,2.0,VENTURE,C,6552,13.21,0.1532,N,43,0
55,35314,6.0,DEBTCONSOLIDATION,A,4989,6.9,0.1413,N,33,0
74,119541,5.0,MEDICAL,C,3340,13.15,0.0279,N,45,0
25,26771,5.0,VENTURE,B,6279,10.31,0.2345,N,3,0
48,71504,13.0,MEDICAL,C,14581,13.14,0.2039,N,26,0
47,65403,4.0,DEBTCONSOLIDATION,C,3006,12.39,0.046,N,28,0
48,20569,6.0,MEDICAL,A,8904,6.03,0.4329,N,25,0
21,31041,3.0,EDUCATION,D,4456,17.18,0.1436,N,1,0
44,34047,4.0,VENTURE,D,3759,15.24,0.1104,N,23,0
35,66871,8.0,HOMEIMPROVEMENT,A,18390,5.82,0.275,N,14,0
53,40059,5.0,HOMEIMPROVEMENT,B,22166,8.83,0.5533,N,33,1
31,46766,5.0,HOMEIMPROVEMENT,A,13283,7.73,0.284,Y,8,0
42,21988,4.0,PERSONAL,A,4074,7.06,0.1853,N,20,0
53,176178,5.0,MEDICAL,A,16828,5.46,0.0955,N,32,0
21,50978,9.0,MEDICAL,C,15774,13.41,0.3094,N,3,0
62,64501,4.0,DEBTCONSOLIDATION,C,38022,12.97,0.5895,N,44,1
58,36412,2.0,PERSONAL,B,6464,9.92,0.1775,N,39,0
21,34236,8.0,MEDICAL,A,12226,6.42,0.3571,N,1,0
21,140361,2.0,HOMEIMPROVEMENT,A,5041,8.27,0.0359,N,3,0
66,17082,6.0,PERSONAL,A,2487,5.37,0.1456,N,43,0
34,57139,2.0,DEBTCONSOLIDATION,B,2609,9.15,0.0457,Y,14,1
67,25176,6.0,VENTURE,D,9808,14.6,0.3896,Y,45,1
46,39232,3.0,PERSONAL,A,5606,8.3,0.1429,N,28,0
37,34511,4.0,VENTURE,A,13575,5.86,0.3934,N,20,0
33,28501,5.0,VENTURE,A,14829,5.2,0.5203,N,16,0
55,49985,3.0,PERSONAL,D,9559,17.2,0.1912,Y,33,1
24,12000,6.0,DEBTCONSOLIDATION,A,3192,8.36,0.266,N,1,0
40,41211,8.0,MEDICAL,A,4744,7.69,0.1151,N,23,0
37,46645,9.0,MEDICAL,B,11162,10.42,0.2393,Y,19,0
26,23211,6.0,VENTURE,B,11977,9.29,0.516,N,7,1
38,112675,7.0,PERSONAL,B,12096,9.34,0.1074,N,17,0
48,35349,1.0,MEDICAL,D,17367,15.7,0.4913,N,25,1
56,43018,3.0,EDUCATION,C,7999,13.19,0.1859,N,38,0
22,35393,2.0,DEBTCONSOLIDATION,A,10966,6.61,0.3098,N,4,0
67,46870,5.0,DEBTCONSOLIDATION,B,13996,11.0,0.2986,N,45,0
68,100657,4.0,HOMEIMPROVEMENT,D,18647,15.97,0.1853,N,45,0
57,191024,5.0,PERSONAL,A,9382,7.44,0.0491,N,40,0
70,73872,4.0,MEDICAL,D,9156,15.54,0.1239,N,45,0
42,89178,3.0,DEBTCONSOLIDATION,B,11749,9.61,0.1317,N,22,0
64,125999,4.0,EDUCATION,B,9787,10.93,0.0777,Y,43,0
59,56211,6.0,EDUCATION,A,7826,7.07,0.1392,N,41,0
50,116266,3.0,PERSONAL,B,6074,9.91,0.0522,N,31,0
28,75797,3.0,PERSONAL,A,2845,5.25,0.0375,Y,8,1
49,53060,12.0,PERSONAL,C,13770,14.26,0.2595,N,26,0
69,59437,4.0,PERSONAL,A,13111,7.02,0.2206,N,45,0
74,18001,5.0,EDUCATION,D,11394,16.26,0.633,N,45,1
43,57564,7.0,MEDICAL,A,12623,6.29,0.2193,N,26,0
32,20971,4.0,MEDICAL,B,8435,10.66,0.4022,N,14,0
60,20052,5.0,MEDICAL,C,35099,12.79,1.7504,N,40,1
22,54506,2.0,HOMEIMPROVEMENT,C,17615,12.23,0.3232,N,1,0
26,26562,3.0,HOMEIMPROVEMENT,A,36942,7.23,1.3908,Y,4,1
50,48829,5.0,EDUCATION,E,5972,19.66,0.1223,N,29,0
74,52898,6.0,MEDICAL,E,9119,18.03,0.1724,N,45,0
36,54213,4.0,DEBTCONSOLIDATION,B,9119,10.17,0.1682,N,16,0
43,29813,6.0,PERSONAL,B,26202,11.24,0.8789,N,20,0
36,80360,2.0,EDUCATION,B,2235,9.71,0.0278,N,19,0
43,46672,6.0,MEDICAL,B,14616,10.08,0.3132,N,23,0
18,62479,6.0,MEDICAL,D,11065,15.06,0.1771,N,1,0
51,25386,5.0,MEDICAL,B,20566,10.65,0.8101,N,33,1
51,44441,5.0,PERSONAL,E,6691,18.23,0.1506,N,31,0
35,89635,3.0,MEDICAL,B,2934,10.37,0.0327,N,16,0
33,83583,6.0,DEBTCONSOLIDATION,C,37250,14.07,0.4457,Y,11,1
61,31618,2.0,DEBTCONSOLIDATION,C,9819,12.9,0.3106,N,42,0
28,36313,6.0,VENTURE,B,19321,9.37,0.5321,N,7,0
20,28459,3.0,DEBTCONSOLIDATION,E,7980,20.5,0.2804,N,1,0
20,34165,8.0,HOMEIMPROVEMENT,B,21964,9.0,0.6429,N,1,1
68,22708,8.0,PERSONAL,B,17021,9.48,0.7496,N,45,1
38,45433,6.0,VENTURE,A,23298,5.17,0.5128,N,15,1
23,69440,3.0,DEBTCONSOLIDATION,D,7867,15.81,0.1133,N,1,0
68,31831,6.0,VENTURE,C,25552,11.72,0.8027,N,45,0
26,46637,6.0,HOMEIMPROVEMENT,A,14346,6.21,0.3076,N,8,0
37,43422,2.0,VENTURE,B,2784,10.42,0.0641,N,18,0
19,87580,3.0,PERSONAL,B,25763,10.48,0.2942,N,1,0
56,35018,5.0,PERSONAL,D,14871,17.16,0.4247,N,36,0
57,35725,7.0,HOMEIMPROVEMENT,D,8059,17.13,0.2256,N,39,0
61,30782,4.0,EDUCATION,B,9052,10.83,0.2941,N,42,0
32,26222,3.0,MEDICAL,D,4906,15.54,0.1871,Y,12,1
36,65581,4.0,EDUCATION,C,11012,11.6,0.1679,N,16,0
71,45510,8.0,PERSONAL,A,14629,6.5,0.3214,N,45,0
64,50521,2.0,EDUCATION,A,10755,6.49,0.2129,N,45,0
20,98819,3.0,MEDICAL,B,11669,8.76,0.1181,N,1,0
57,101991,7.0,EDUCATION,A,6772,5.04,0.0664,N,38,0
64,19822,8.0,DEBTCONSOLIDATION,E,5210,19.11,0.2628,N,43,0
49,70004,3.0,DEBTCONSOLIDATION,A,10158,8.17,0.1451,N,28,0
54,55498,3.0,PERSONAL,A,11896,6.91,0.2144,N,34,0
18,38029,11.0,EDUCATION,D,7443,15.43,0.1957,Y,1,1
19,58701,6.0,PERSONAL,A,13818,6.25,0.2354,N,1,0
20,18967,5.0,MEDICAL,A,18170,8.36,0.958,N,2,0
27,109584,4.0,MEDICAL,C,19625,14.49,0.1791,N,5,0
74,65070,5.0,PERSONAL,A,7053,8.36,0.1084,N,45,0
54,30459,5.0,VENTURE,B,3100,11.35,0.1018,N,33,0
62,35526,6.0,EDUCATION,B,13426,10.35,0.3779,Y,39,1
34,19211,2.0,MEDICAL,E,8110,18.8,0.4222,N,13,1
71,41246,9.0,HOMEIMPROVEMENT,A,10083,5.71,0.2445,N,45,0
29,37590,6.0,PERSONAL,A,7072,8.16,0.1881,N,7,0
69,23651,4.0,DEBTCONSOLIDATION,D,31127,16.08,1.3161,N,45,1
19,75145,7.0,PERSONAL,B,7407,10.64,0.0986,N,1,0
19,98936,4.0,MEDICAL,C,36772,12.84,0.3717,N,1,0
22,48288,3.0,DEBTCONSOLIDATION,A,17104,5.13,0.3542,N,1,0
63,41435,6.0,DEBTCONSOLIDATION,F,20700,23.93,0.4996,Y,43,1
32,62270,7.0,HOMEIMPROVEMENT,C,9046,13.73,0.1453,N,15,0
43,48494,8.0,VENTURE,C,5535,14.09,0.1141,N,21,0
44,27032,3.0,MEDICAL,C,16187,14.16,0.5988,N,24,1
63,34235,7.0,PERSONAL,B,12606,9.03,0.3682,N,45,0
37,41645,5.0,MEDICAL,B,6965,11.26,0.1672,N,16,0
18,56190,5.0,EDUCATION,B,16300,11.2,0.2901,N,1,0
40,49273,6.0,DEBTCONSOLIDATION,D,14954,16.32,0.3035,N,17,0
34,55033,5.0,PERSONAL,A,2968,5.19,0.0539,N,17,0
59,21191,3.0,VENTURE,B,15286,11.38,0.7213,Y,39,1
60,70676,4.0,HOMEIMPROVEMENT,D,19467,16.64,0.2754,Y,38,1
23,49112,3.0,PERSONAL,A,3413,5.42,0.0695,Y,5,0
63,199583,9.0,MEDICAL,E,38905,20.23,0.1949,N,41,0
22,39608,5.0,MEDICAL,C,26428,13.03,0.6672,N,5,1
53,58565,4.0,PERSONAL,A,2974,8.09,0.0508,N,36,0
40,232366,1.0,VENTURE,A,7705,5.54,0.0332,N,20,0
35,54543,6.0,EDUCATION,A,5298,6.8,0.0971,N,16,0
45,47230,4.0,MEDICAL,A,4315,8.08,0.0914,N,26,0
35,28486,2.0,PERSONAL,B,12334,10.42,0.433,N,13,0
63,113612,7.0,EDUCATION,D,10990,15.68,0.0967,Y,41,1
73,25912,4.0,PERSONAL,A,5236,5.9,0.2021,Y,45,0
64,62001,1.0,VENTURE,A,5677,7.55,0.0916,N,43,0
43,37780,9.0,HOMEIMPROVEMENT,A,9981,6.38,0.2642,N,23,0
46,44172,9.0,PERSONAL,A,13203,7.32,0.2989,Y,28,0
43,22400,7.0,PERSONAL,A,5554,6.4,0.2479,N,26,0
63,102613,5.0,DEBTCONSOLIDATION,B,10393,9.95,0.1013,N,42,0
49,42075,8.0,MEDICAL,C,14575,11.81,0.3464,N,30,0
44,25127,12.0,HOMEIMPROVEMENT,A,18803,8.04,0.7483,Y,24,1
41,97633,3.0,EDUCATION,B,12168,10.82,0.1246,N,23,0
39,37150,3.0,PERSONAL,A,11073,8.4,0.2981,N,21,0
49,58925,7.0,EDUCATION,F,8374,23.19,0.1421,N,26,1
57,77868,8.0,HOMEIMPROVEMENT,C,7439,13.71,0.0955,N,35,0
42,63622,3.0,MEDICAL,A,11218,5.36,0.1763,N,20,0
63,14644,3.0,HOMEIMPROVEMENT,A,10582,6.21,0.7226,N,45,0
65,71857,2.0,PERSONAL,B,13220,9.1,0.184,Y,45,0
42,46381,4.0,MEDICAL,C,5796,12.22,0.125,Y,19,0
69,40906,7.0,MEDICAL,F,15505,21.68,0.379,N,45,0
27,46166,4.0,PERSONAL,A,3418,6.37,0.074,N,9,0
71,20221,5.0,EDUCATION,D,15961,15.37,0.7893,N,45,1
34,54485,7.0,MEDICAL,D,8533,15.96,0.1566,N,12,0
50,23146,4.0,EDUCATION,C,4485,14.13,0.1938,N,29,0
34,41889,7.0,DEBTCONSOLIDATION,B,4504,8.88,0.1075,N,16,0
43,53420,8.0,EDUCATION,E,14540,18.31,0.2722,N,26,0
37,88496,4.0,DEBTCONSOLIDATION,C,10801,13.57,0.1221,N,14,0
58,31232,2.0,MEDICAL,B,11436,8.98,0.3662,N,37,0
22,108920,6.0,HOMEIMPROVEMENT,C,8664,12.46,0.0795,Y,1,0
65,82517,2.0,MEDICAL,D,7446,15.43,0.0902,N,43,0
69,38708,8.0,HOMEIMPROVEMENT,A,10765,8.4,0.2781,Y,45,0
50,26640,8.0,PERSONAL,D,9661,15.64,0.3627,N,30,0
49,22156,6.0,PERSONAL,D,5801,17.29,0.2618,N,27,0
57,56923,3.0,VENTURE,B,3057,9.32,0.0537,N,37,0
29,32679,5.0,EDUCATION,A,6056,5.47,0.1853,N,7,0
60,94811,3.0,MEDICAL,D,11017,16.26,0.1162,N,41,0
30,33734,7.0,EDUCATION,D,17656,16.91,0.5234,N,13,1
56,29870,2.0,VENTURE,C,2442,13.32,0.0818,N,37,0
35,55742,2.0,HOMEIMPROVEMENT,C,6957,12.39,0.1248,N,18,0
60,33613,3.0,MEDICAL,D,11469,16.95,0.3412,N,38,0
63,49251,2.0,EDUCATION,B,10761,11.04,0.2185,N,42,0
29,84313,8.0,VENTURE,A,10254,6.65,0.1216,N,11,0
53,52285,6.0,HOMEIMPROVEMENT,D,6839,17.25,0.1308,N,32,0
46,52393,3.0,EDUCATION,A,5728,8.23,0.1093,N,24,0
34,54875,5.0,PERSONAL,B,13512,10.43,0.2462,N,17,0
51,19318,4.0,MEDICAL,D,11595,15.24,0.6002,N,32,1
74,60810,11.0,MEDICAL,B,9370,10.85,0.1541,N,45,0
18,53528,4.0,MEDICAL,B,40059,11.14,0.7484,N,1,0
72,80104,7.0,MEDICAL,A,23146,6.13,0.2889,N,45,0
66,68404,8.0,VENTURE,A,13948,5.47,0.2039,N,44,0
48,43867,8.0,DEBTCONSOLIDATION,C,18887,12.83,0.4306,N,31,0
52,86492,6.0,PERSONAL,E,15557,19.51,0.1799,N,29,1
39,41733,4.0,EDUCATION,A,8165,6.71,0.1956,N,19,0
25,56158,4.0,DEBTCONSOLIDATION,E,4539,20.98,0.0808,N,6,0
50,41310,2.0,DEBTCONSOLIDATION,A,19429,7.86,0.4703,N,33,0
64,63194,4.0,MEDICAL,D,9795,17.4,0.155,N,45,0
31,39852,4.0,MEDICAL,D,18582,15.05,0.4663,N,9,1
58,121315,6.0,MEDICAL,A,17550,5.83,0.1447,N,39,0
60,148679,2.0,MEDICAL,B,3462,8.55,0.0233,N,42,0
61,79274,2.0,HOMEIMPROVEMENT,A,15355,7.67,0.1937,N,43,0
37,114429,5.0,MEDICAL,F,33307,23.82,0.2911,N,19,0
40,21024,6.0,HOMEIMPROVEMENT,B,8734,9.65,0.4154,N,22,1
41,22431,5.0,HOMEIMPROVEMENT,B,12625,9.75,0.5628,N,18,0
66,41074,7.0,EDUCATION,B,20507,9.72,0.4993,Y,45,1
69,50145,6.0,VENTURE,B,3554,8.91,0.0709,N,45,0
41,43957,5.0,MEDICAL,C,2381,12.89,0.0542,Y,24,0
73,19867,3.0,DEBTCONSOLIDATION,B,8884,10.91,0.4472,N,45,1
50,92353,7.0,MEDICAL,E,3308,19.0,0.0358,Y,31,1
39,160301,3.0,HOMEIMPROVEMENT,A,25408,6.01,0.1585,N,19,0
18,99165,4.0,PERSONAL,D,18093,16.13,0.1825,N,1,0
52,89057,3.0,VENTURE,C,24623,12.23,0.2765,Y,29,0
54,55512,7.0,PERSONAL,E,9598,18.05,0.1729,N,31,0
73,30833,4.0,VENTURE,D,21714,16.1,0.7042,N,45,1
58,51015,3.0,EDUCATION,C,10567,13.35,0.2071,N,41,0
19,156072,9.0,VENTURE,B,13107,8.77,0.084,N,1,0
50,40392,4.0,MEDICAL,A,44381,6.32,1.0988,N,27,0
60,38168,3.0,HOMEIMPROVEMENT,E,4113,20.14,0.1078,N,40,0
46,90130,6.0,PERSONAL,A,33400,7.86,0.3706,N,25,0
42,93482,2.0,EDUCATION,A,2660,6.04,0.0285,N,22,0
64,30750,5.0,MEDICAL,D,9794,16.58,0.3185,N,43,0
52,42454,9.0,EDUCATION,D,14654,16.96,0.3452,N,35,1
56,37195,3.0,PERSONAL,E,7012,19.5,0.1885,Y,39,1
44,50936,3.0,MEDICAL,C,12103,13.77,0.2376,N,22,0
33,89951,7.0,MEDICAL,D,12819,14.92,0.1425,N,12,0
47,31501,3.0,HOMEIMPROVEMENT,A,15284,7.58,0.4852,N,27,0
72,89260,5.0,PERSONAL,C,8611,13.75,0.0965,N,45,0
52,51839,5.0,EDUCATION,E,6155,19.73,0.1187,N,31,0
58,176205,9.0,MEDICAL,E,11298,18.64,0.0641,N,37,0
25,58416,5.0,HOMEIMPROVEMENT,E,7905,19.41,0.1353,N,5,0
74,46476,4.0,EDUCATION,C,10102,12.05,0.2174,N,45,0
31,67244,2.0,HOMEIMPROVEMENT,B,7971,10.1,0.1185,N,8,0
73,40723,3.0,DEBTCONSOLIDATION,A,11389,7.91,0.2797,N,45,0
43,18262,6.0,PERSONAL,A,6478,7.05,0.3547,Y,24,0
70,42946,6.0,VENTURE,A,7085,5.95,0.165,N,45,0
68,42575,4.0,PERSONAL,A,4554,6.49,0.107,N,45,0
61,20419,5.0,HOMEIMPROVEMENT,C,11047,13.17,0.541,N,41,0
70,47090,8.0,EDUCATION,A,5273,7.12,0.112,N,45,0
52,15726,4.0,VENTURE,A,12291,6.94,0.7816,Y,34,1
66,40488,5.0,DEBTCONSOLIDATION,B,20200,11.01,0.4989,N,45,1
27,56048,2.0,EDUCATION,C,29646,11.68,0.5289,N,9,1
22,51706,7.0,VENTURE,D,9166,16.32,0.1773,N,2,0
48,39101,5.0,MEDICAL,B,50000,9.88,1.2787,N,28,0
64,46768,10.0,VENTURE,B,15241,8.95,0.3259,N,44,0
61,31849,5.0,PERSONAL,B,10823,8.67,0.3398,Y,38,1
48,49313,3.0,PERSONAL,C,38532,14.02,0.7814,N,27,0
47,50612,5.0,HOMEIMPROVEMENT,B,5336,11.29,0.1054,N,24,0
52,29877,4.0,EDUCATION,C,9796,13.24,0.3279,N,29,0
67,56796,7.0,VENTURE,B,8037,11.49,0.1415,N,44,0
65,56601,5.0,VENTURE,A,4010,5.89,0.0708,N,43,0
24,44738,9.0,PERSONAL,D,19798,14.72,0.4425,Y,3,1
51,185642,6.0,EDUCATION,A,12167,7.94,0.0655,N,32,0
39,45370,10.0,PERSONAL,D,15796,15.31,0.3482,N,19,0
63,42041,5.0,PERSONAL,C,15617,13.16,0.3715,N,43,0
46,38858,5.0,DEBTCONSOLIDATION,C,3030,12.45,0.078,N,24,0
74,28738,7.0,VENTURE,A,22843,6.19,0.7949,N,45,1
42,71485,2.0,EDUCATION,A,5854,8.13,0.0819,N,22,0
56,33609,6.0,MEDICAL,B,19622,9.98,0.5838,N,36,1
24,35868,5.0,VENTURE,D,4126,14.67,0.115,N,2,0
71,36459,2.0,PERSONAL,A,12784,7.19,0.3506,N,45,0
26,28517,5.0,EDUCATION,C,6382,14.42,0.2238,N,7,0
39,18711,3.0,MEDICAL,D,11608,15.2,0.6204,N,16,0
65,38001,6.0,EDUCATION,A,8887,7.42,0.2339,N,42,0
73,79247,3.0,EDUCATION,A,12130,6.51,0.1531,N,45,0
45,54630,7.0,MEDICAL,B,8457,9.34,0.1548,N,28,0
45,115649,5.0,HOMEIMPROVEMENT,A,7088,8.21,0.0613,N,22,0
20,74089,8.0,HOMEIMPROVEMENT,A,23788,5.14,0.3211,N,1,0
73,65393,3.0,MEDICAL,A,23782,8.27,0.3637,N,45,0
18,138061,5.0,HOMEIMPROVEMENT,B,37536,8.75,0.2719,N,1,0
19,46470,7.0,PERSONAL,B,10276,10.62,0.2211,Y,1,0
44,50751,5.0,PERSONAL,F,9378,21.01,0.1848,N,21,0
18,48712,4.0,HOMEIMPROVEMENT,B,10680,11.14,0.2192,Y,1,1
27,114586,8.0,EDUCATION,C,6296,13.71,0.0549,N,8,0
53,49088,6.0,PERSONAL,B,4287,8.63,0.0873,N,31,0
58,34318,1.0,PERSONAL,A,6978,7.46,0.2033,N,41,0
34,67725,3.0,MEDICAL,B,6088,10.56,0.0899,N,17,0
63,31290,6.0,MEDICAL,B,15101,9.88,0.4826,N,45,1
52,65736,2.0,EDUCATION,E,17640,20.65,0.2683,N,33,0
31,61550,3.0,EDUCATION,E,2595,20.7,0.0422,N,9,0
58,44171,0.0,DEBTCONSOLIDATION,A,5857,6.72,0.1326,N,36,0
51,66916,6.0,EDUCATION,A,13430,5.0,0.2007,N,34,0
64,21627,8.0,EDUCATION,C,11301,13.65,0.5225,N,42,0
26,53617,4.0,EDUCATION,C,8837,13.3,0.1648,Y,4,1
31,38005,8.0,MEDICAL,B,8659,10.11,0.2278,Y,14,1
35,236628,4.0,HOMEIMPROVEMENT,C,12963,12.92,0.0548,N,14,0
37,53407,5.0,DEBTCONSOLIDATION,C,13508,12.74,0.2529,N,14,0
68,35312,7.0,EDUCATION,C,4097,12.8,0.116,Y,45,0
59,22969,3.0,EDUCATION,A,2920,5.31,0.1271,N,36,0
49,100506,7.0,MEDICAL,A,9615,5.32,0.0957,N,31,0
48,40436,7.0,DEBTCONSOLIDATION,A,17006,5.27,0.4206,N,30,0
68,31721,5.0,PERSONAL,B,7481,9.22,0.2358,N,45,0
43,58980,5.0,DEBTCONSOLIDATION,B,46787,8.65,0.7933,N,20,0
30,70076,5.0,HOMEIMPROVEMENT,A,18177,8.48,0.2594,N,7,0
25,69471,4.0,MEDICAL,C,7345,13.65,0.1057,N,8,0
36,49556,2.0,VENTURE,A,3034,6.76,0.0612,N,13,0
55,53506,3.0,DEBTCONSOLIDATION,B,17002,9.4,0.3178,N,35,0
44,55693,7.0,PERSONAL,B,5665,11.16,0.1017,N,22,0
42,58983,4.0,DEBTCONSOLIDATION,C,6806,12.43,0.1154,N,19,0
45,61925,3.0,PERSONAL,C,5939,14.43,0.0959,N,28,0
73,89495,5.0,DEBTCONSOLIDATION,B,4167,10.27,0.0466,N,45,0
74,50565,5.0,PERSONAL,D,7003,15.41,0.1385,Y,45,1
27,31280,5.0,VENTURE,B,6945,8.76,0.222,N,4,0
24,45280,4.0,PERSONAL,D,5600,16.61,0.1237,N,1,0
31,74204,4.0,MEDICAL,A,6468,5.49,0.0872,Y,11,0
66,18350,2.0,PERSONAL,B,35129,9.53,1.9144,Y,44,1
44,18408,8.0,PERSONAL,C,16602,14.46,0.9019,N,21,1
67,81230,5.0,HOMEIMPROVEMENT,B,9031,8.67,0.1112,Y,45,0
54,113104,9.0,DEBTCONSOLIDATION,B,3008,8.91,0.0266,N,32,0
49,24443,5.0,VENTURE,A,14472,6.51,0.5921,Y,29,1
34,51805,4.0,HOMEIMPROVEMENT,B,35743,8.72,0.69,N,14,1
37,39349,4.0,PERSONAL,A,33233,7.19,0.8446,Y,19,1
26,42469,2.0,MEDICAL,B,9008,11.03,0.2121,N,3,0
47,57990,5.0,MEDICAL,A,12614,6.65,0.2175,N,26,0
33,24074,3.0,HOMEIMPROVEMENT,B,4561,10.18,0.1895,N,13,0
34,26662,6.0,MEDICAL,E,11914,19.32,0.4469,Y,13,1
20,41535,9.0,DEBTCONSOLIDATION,B,16003,9.69,0.3853,N,3,0
63,45253,2.0,DEBTCONSOLIDATION,C,14103,14.29,0.3116,N,40,0
71,26389,1.0,EDUCATION,B,22536,8.72,0.854,N,45,1
46,75682,9.0,HOMEIMPROVEMENT,A,15703,7.83,0.2075,N,29,0
48,38961,3.0,DEBTCONSOLIDATION,A,3155,7.67,0.081,N,25,0
70,38870,9.0,EDUCATION,B,7573,9.94,0.1948,N,45,0
47,57265,3.0,HOMEIMPROVEMENT,B,19865,10.91,0.3469,N,25,0
53,45665,1.0,PERSONAL,C,3158,11.59,0.0692,Y,33,0
42,77700,5.0,MEDICAL,C,10383,12.45,0.1336,N,23,0
47,29337,6.0,VENTURE,B,7349,11.25,0.2505,N,26,0
47,22729,3.0,EDUCATION,B,4160,10.97,0.183,N,28,0
58,41341,7.0,DEBTCONSOLIDATION,A,19120,8.33,0.4625,N,36,0
52,50672,5.0,VENTURE,C,5713,13.53,0.1127,N,32,0
46,24774,3.0,MEDICAL,E,43591,17.97,1.7595,N,29,1
22,22850,3.0,HOMEIMPROVEMENT,C,8518,14.38,0.3728,N,4,0
69,54190,4.0,HOMEIMPROVEMENT,A,21002,6.64,0.3876,N,45,0
68,32312,10.0,EDUCATION,D,32031,17.48,0.9913,N,45,1
28,22051,5.0,HOMEIMPROVEMENT,C,12461,13.41,0.5651,N,6,0
34,83361,3.0,MEDICAL,C,10497,13.87,0.1259,N,15,0
73,34631,6.0,PERSONAL,C,16945,12.27,0.4893,N,45,0
36,92262,4.0,DEBTCONSOLIDATION,B,31543,9.6,0.3419,N,18,0
64,49794,6.0,EDUCATION,B,12432,8.51,0.2497,N,44,0
62,57648,5.0,PERSONAL,B,6063,10.83,0.1052,N,39,0
67,43637,6.0,DEBTCONSOLIDATION,C,3610,12.6,0.0827,N,45,0
18,12000,10.0,PERSONAL,B,12600,8.69,1.05,N,1,1
45,26232,6.0,MEDICAL,B,4888,8.72,0.1863,N,27,0
50,45746,7.0,MEDICAL,A,18920,6.06,0.4136,N,28,1
65,59910,5.0,HOMEIMPROVEMENT,C,23944,14.45,0.3997,N,45,0
30,18318,5.0,PERSONAL,B,14887,8.54,0.8127,N,10,1
35,47596,5.0,HOMEIMPROVEMENT,A,9504,6.62,0.1997,N,18,0
28,26443,3.0,VENTURE,D,15248,16.73,0.5766,N,6,1
61,55772,9.0,EDUCATION,B,10095,9.43,0.181,N,44,0
74,48500,3.0,HOMEIMPROVEMENT,C,8244,12.68,0.17,N,45,0
26,73786,3.0,PERSONAL,C,7288,12.52,0.0988,N,3,0
31,88146,3.0,DEBTCONSOLIDATION,C,10739,11.65,0.1218,N,9,0
35,63098,7.0,DEBTCONSOLIDATION,A,10028,5.16,0.1589,Y,13,1
68,78685,3.0,VENTURE,B,23658,10.85,0.3007,N,45,0
43,40429,3.0,EDUCATION,D,14796,16.95,0.366,N,25,0
34,231587,5.0,MEDICAL,D,3921,15.39,0.0169,Y,13,1
36,25075,2.0,HOMEIMPROVEMENT,A,14058,8.44,0.5606,N,16,0
52,36670,6.0,PERSONAL,C,10595,11.73,0.2889,Y,30,1
40,80478,8.0,EDUCATION,A,12098,7.32,0.1503,N,18,0
26,74161,4.0,MEDICAL,D,8343,15.49,0.1125,N,8,0
64,64091,9.0,HOMEIMPROVEMENT,B,10180,9.89,0.1588,N,45,0
42,71070,8.0,PERSONAL,B,31437,9.62,0.4423,N,22,0
32,15584,7.0,PERSONAL,B,7683,8.62,0.493,N,15,0
59,117490,7.0,DEBTCONSOLIDATION,C,6357,14.06,0.0541,N,36,0
60,43820,2.0,DEBTCONSOLIDATION,C,6080,13.89,0.1387,N,40,0
26,97269,1.0,MEDICAL,C,4702,11.68,0.0483,N,6,0
22,16019,9.0,VENTURE,E,15123,19.87,0.9441,N,1,0
20,56450,9.0,PERSONAL,B,22588,9.54,0.4001,Y,1,1
61,35956,7.0,HOMEIMPROVEMENT,C,6544,12.05,0.182,N,42,0
53,67148,4.0,HOMEIMPROVEMENT,B,14381,9.21,0.2142,N,32,0
63,58360,6.0,PERSONAL,C,20489,11.78,0.3511,N,43,0
53,59953,7.0,HOMEIMPROVEMENT,A,11617,5.52,0.1938,N,32,0
40,27380,6.0,PERSONAL,E,10041,19.14,0.3667,N,22,0
51,47508,3.0,MEDICAL,D,6255,16.97,0.1317,N,33,0
59,44396,5.0,EDUCATION,E,15313,19.4,0.3449,Y,41,1
40,64371,4.0,DEBTCONSOLIDATION,C,8392,13.13,0.1304,N,23,0
70,84466,5.0,MEDICAL,C,15088,13.93,0.1786,N,45,0
69,53250,5.0,HOMEIMPROVEMENT,A,6919,8.03,0.1299,N,45,0
63,24296,6.0,VENTURE,B,12429,10.38,0.5116,Y,45,1
74,52008,8.0,MEDICAL,A,21229,6.61,0.4082,N,45,0
40,206094,10.0,VENTURE,E,13886,18.31,0.0674,N,21,0
24,121212,4.0,PERSONAL,C,6340,11.88,0.0523,N,3,0
45,12000,3.0,MEDICAL,A,4598,7.19,0.3832,N,22,0
60,50758,3.0,PERSONAL,C,10404,14.12,0.205,N,40,0
62,81851,5.0,HOMEIMPROVEMENT,C,26159,14.14,0.3196,N,41,0
40,44343,4.0,HOMEIMPROVEMENT,F,17226,22.69,0.3885,N,20,0
34,38061,8.0,HOMEIMPROVEMENT,C,39523,11.99,1.0384,N,14,1
43,42326,7.0,DEBTCONSOLIDATION,D,50000,17.22,1.1813,N,22,1
63,66416,5.0,PERSONAL,D,9230,16.24,0.139,N,43,0
21,26064,4.0,PERSONAL,C,15436,12.6,0.5922,N,4,1
36,94256,1.0,VENTURE,A,9874,5.42,0.1048,N,18,0
31,47534,6.0,PERSONAL,B,6765,10.36,0.1423,N,11,0
63,29311,4.0,MEDICAL,C,13489,12.29,0.4602,N,43,0
44,90979,3.0,VENTURE,E,11832,19.86,0.1301,N,26,1
22,20955,3.0,PERSONAL,A,9576,7.65,0.457,N,1,1
32,36121,7.0,EDUCATION,A,7739,5.83,0.2143,N,14,0
20,35795,3.0,HOMEIMPROVEMENT,D,10889,15.45,0.3042,N,1,0
45,159399,5.0,EDUCATION,A,7660,6.66,0.0481,N,26,0
74,33632,1.0,VENTURE,B,8994,10.1,0.2674,N,45,0
50,14984,8.0,DEBTCONSOLIDATION,F,4573,23.84,0.3052,N,31,1
67,35596,5.0,HOMEIMPROVEMENT,C,5613,11.71,0.1577,N,45,0
60,62978,4.0,HOMEIMPROVEMENT,A,6796,7.6,0.1079,N,39,0
68,75451,7.0,EDUCATION,E,11392,20.71,0.151,Y,45,1
35,171458,4.0,PERSONAL,A,10475,7.26,0.0611,N,12,0
72,106275,5.0,HOMEIMPROVEMENT,D,6547,15.41,0.0616,N,45,0
31,54358,7.0,MEDICAL,A,6974,7.56,0.1283,Y,14,0
42,30023,8.0,VENTURE,A,11461,6.12,0.3817,N,22,0
56,119756,4.0,EDUCATION,A,7087,5.26,0.0592,Y,34,0
34,40026,5.0,PERSONAL,C,5077,12.2,0.1268,N,15,0
33,34132,3.0,MEDICAL,C,15959,13.72,0.4676,N,11,0
25,38972,3.0,PERSONAL,C,3814,12.61,0.0979,Y,6,1
18,24618,3.0,MEDICAL,B,4781,11.35,0.1942,N,1,0
46,37958,6.0,EDUCATION,E,21701,20.31,0.5717,N,23,1
74,43122,8.0,PERSONAL,A,4405,5.61,0.1022,N,45,1
30,73266,6.0,MEDICAL,B,28183,10.96,0.3847,N,8,0
43,39598,4.0,MEDICAL,A,4400,8.41,0.1111,N,25,0
71,24413,5.0,HOMEIMPROVEMENT,B,5039,10.94,0.2064,N,45,0
62,20290,8.0,EDUCATION,E,4742,20.11,0.2337,N,45,0
18,55009,5.0,MEDICAL,B,3957,9.03,0.0719,N,1,0
46,51018,8.0,MEDICAL,B,26333,8.92,0.5162,N,25,0
26,36139,4.0,PERSONAL,B,22950,9.93,0.635,N,3,0
32,37907,6.0,PERSONAL,D,3737,15.3,0.0986,N,14,0
32,60698,5.0,VENTURE,C,29812,12.38,0.4912,N,15,0
52,105324,4.0,MEDICAL,B,4204,8.76,0.0399,N,33,0
29,31917,10.0,DEBTCONSOLIDATION,B,50000,9.67,1.5666,Y,11,1
32,51477,5.0,MEDICAL,C,8941,12.34,0.1737,N,9,0
30,83037,5.0,PERSONAL,F,6511,24.61,0.0784,N,8,1
38,31988,1.0,HOMEIMPROVEMENT,B,14057,11.16,0.4394,N,21,1
55,48601,7.0,PERSONAL,A,5356,7.97,0.1102,Y,33,0
40,48007,5.0,VENTURE,B,3685,10.24,0.0768,N,17,0
36,23832,5.0,HOMEIMPROVEMENT,A,7305,6.86,0.3065,N,13,0
47,53780,3.0,PERSONAL,C,10495,12.01,0.1951,Y,25,1
53,49878,11.0,EDUCATION,A,2182,5.42,0.0437,N,30,0
18,66522,2.0,PERSONAL,B,5293,9.66,0.0796,N,1,0
68,25519,2.0,PERSONAL,A,38888,6.0,1.5239,N,45,0
70,49290,2.0,EDUCATION,A,9851,6.79,0.1999,N,45,0
52,104815,4.0,EDUCATION,B,1850,9.03,0.0177,N,34,0
50,153679,4.0,MEDICAL,C,9921,13.74,0.0646,N,29,0
57,99118,7.0,DEBTCONSOLIDATION,C,12730,14.35,0.1284,Y,39,1
43,25657,6.0,PERSONAL,E,9788,17.99,0.3815,N,21,0
38,62823,5.0,EDUCATION,B,17166,10.39,0.2732,N,19,0
38,37581,7.0,PERSONAL,A,8092,7.6,0.2153,Y,20,1
27,57305,4.0,HOMEIMPROVEMENT,A,20180,6.7,0.3522,Y,9,0
65,32057,2.0,DEBTCONSOLIDATION,A,9816,7.44,0.3062,N,42,0
36,19102,3.0,MEDICAL,B,10744,9.1,0.5625,N,17,0
34,40559,4.0,DEBTCONSOLIDATION,A,12624,7.26,0.3113,N,15,0
72,72942,9.0,HOMEIMPROVEMENT,C,16119,13.64,0.221,N,45,0
46,57434,4.0,EDUCATION,C,12706,13.68,0.2212,N,29,0
53,61182,5.0,PERSONAL,B,5883,9.84,0.0962,Y,32,1
31,55215,6.0,DEBTCONSOLIDATION,C,30392,12.56,0.5504,N,9,0
33,61235,7.0,HOMEIMPROVEMENT,B,5722,8.85,0.0934,N,11,0
59,65593,5.0,VENTURE,A,5392,5.5,0.0822,N,36,0
43,42147,6.0,MEDICAL,C,2537,13.88,0.0602,N,26,0
26,51307,5.0,PERSONAL,C,8282,13.95,0.1614,N,8,1
65,127872,6.0,EDUCATION,B,6984,11.31,0.0546,N,45,0
40,53003,3.0,MEDICAL,A,10379,7.73,0.1958,N,23,0
56,50181,5.0,VENTURE,B,5539,11.15,0.1104,Y,33,1
37,51874,2.0,PERSONAL,A,31417,5.52,0.6056,N,17,1
49,43484,3.0,VENTURE,F,6563,21.49,0.1509,N,30,0
62,38582,4.0,HOMEIMPROVEMENT,B,6562,10.08,0.1701,Y,43,0
68,54982,10.0,DEBTCONSOLIDATION,D,9414,17.33,0.1712,N,45,0
29,37117,7.0,HOMEIMPROVEMENT,C,12863,14.11,0.3466,N,12,0
56,45250,2.0,DEBTCONSOLIDATION,D,23080,14.57,0.5101,N,38,0
70,31736,4.0,PERSONAL,B,14297,11.15,0.4505,N,45,0
54,52021,7.0,DEBTCONSOLIDATION,C,14121,11.96,0.2714,N,35,0
26,67596,5.0,HOMEIMPROVEMENT,B,10759,11.25,0.1592,Y,9,1
28,43627,6.0,MEDICAL,E,5577,19.6,0.1278,N,7,0
29,16242,10.0,EDUCATION,A,6427,6.93,0.3957,N,8,0
24,67826,5.0,PERSONAL,B,2094,9.42,0.0309,N,5,0
60,52370,7.0,PERSONAL,C,7948,13.93,0.1518,Y,40,1
73,28388,7.0,EDUCATION,A,15489,5.72,0.5456,N,45,0
47,75004,7.0,EDUCATION,D,8252,16.3,0.11,N,27,0
52,22716,2.0,HOMEIMPROVEMENT,D,13397,16.45,0.5898,N,35,1
62,87114,7.0,EDUCATION,A,37410,5.66,0.4294,N,41,0
41,47498,4.0,EDUCATION,E,10661,19.61,0.2245,N,20,0
44,14074,3.0,PERSONAL,C,14794,13.4,1.0512,N,25,0
51,54072,4.0,DEBTCONSOLIDATION,C,10738,12.67,0.1986,Y,32,0
35,39206,2.0,PERSONAL,B,5583,10.73,0.1424,N,15,0
21,36088,10.0,MEDICAL,C,8524,13.35,0.2362,N,2,0
50,32671,8.0,EDUCATION,A,4616,7.24,0.1413,N,28,0
64,45708,4.0,MEDICAL,A,17923,6.3,0.3921,Y,43,1
22,37539,2.0,PERSONAL,C,18966,14.34,0.5052,Y,2,1
30,17655,9.0,HOMEIMPROVEMENT,E,9275,17.91,0.5253,N,10,1
32,98679,6.0,EDUCATION,A,34158,8.12,0.3462,N,9,0
63,42856,5.0,EDUCATION,C,8448,13.99,0.1971,Y,41,1
46,32775,6.0,EDUCATION,A,18232,5.82,0.5563,N,24,1
48,26353,5.0,DEBTCONSOLIDATION,B,8323,8.52,0.3158,N,28,0
54,74899,3.0,EDUCATION,B,13531,11.1,0.1807,Y,32,0
33,24001,3.0,MEDICAL,A,3730,5.75,0.1554,N,11,0
58,52769,5.0,HOMEIMPROVEMENT,F,6998,21.51,0.1326,N,37,0
19,35560,3.0,DEBTCONSOLIDATION,C,10367,13.82,0.2915,N,1,0
24,36717,4.0,DEBTCONSOLIDATION,C,17947,13.38,0.4888,Y,2,1
64,26716,7.0,PERSONAL,C,10229,13.38,0.3829,N,41,0
55,34850,10.0,MEDICAL,A,25759,5.87,0.7391,N,34,0
28,49258,6.0,MEDICAL,B,7681,11.38,0.1559,N,11,0
43,55794,7.0,HOMEIMPROVEMENT,E,5177,20.59,0.0928,N,24,0
20,31822,5.0,MEDICAL,C,36648,11.77,1.1517,N,3,1
56,46629,6.0,MEDICAL,B,3422,11.37,0.0734,N,37,0
61,79909,4.0,EDUCATION,A,5917,6.17,0.074,N,38,0
33,19644,3.0,HOMEIMPROVEMENT,A,9839,8.37,0.5009,N,15,0
37,48852,8.0,VENTURE,D,8058,15.79,0.1649,N,15,1
31,29058,6.0,DEBTCONSOLIDATION,C,10812,12.83,0.3721,N,9,0
40,27474,6.0,MEDICAL,B,10602,9.08,0.3859,N,18,0
33,56588,4.0,DEBTCONSOLIDATION,E,46046,18.29,0.8137,N,12,1
32,36319,6.0,DEBTCONSOLIDATION,A,8373,5.82,0.2305,N,11,0
42,25103,9.0,PERSONAL,D,12733,16.43,0.5072,N,22,1
66,101554,8.0,PERSONAL,B,10266,10.46,0.1011,N,45,0
61,81312,6.0,DEBTCONSOLIDATION,E,1805,19.12,0.0222,N,42,0
34,16936,9.0,MEDICAL,D,4271,15.66,0.2522,N,16,0
71,21786,5.0,EDUCATION,B,2102,10.07,0.0965,N,45,0
29,67941,9.0,MEDICAL,A,4520,6.49,0.0665,N,8,0
69,41911,7.0,MEDICAL,D,8605,14.93,0.2053,N,45,1
35,111894,3.0,PERSONAL,D,17720,17.42,0.1584,N,12,0
48,68801,7.0,DEBTCONSOLIDATION,A,24790,7.25,0.3603,N,28,0
29,57797,6.0,EDUCATION,B,50000,9.08,0.8651,Y,10,1
61,27944,5.0,MEDICAL,B,10293,9.22,0.3683,N,38,0
36,64234,12.0,HOMEIMPROVEMENT,C,9896,14.18,0.1541,N,14,0
67,24302,5.0,DEBTCONSOLIDATION,D,3511,15.07,0.1445,Y,45,1
22,100497,10.0,PERSONAL,C,4797,13.42,0.0477,N,1,0
46,61831,3.0,PERSONAL,E,17028,19.62,0.2754,N,24,0
27,31142,3.0,PERSONAL,A,37381,6.79,1.2003,N,8,0
68,76311,4.0,EDUCATION,B,25692,8.81,0.3367,N,45,0
41,168188,8.0,EDUCATION,B,6288,11.35,0.0374,N,21,0
56,43491,8.0,HOMEIMPROVEMENT,A,4304,5.27,0.099,N,35,0
68,66351,3.0,PERSONAL,B,2711,10.78,0.0409,N,45,0
48,38657,5.0,PERSONAL,A,9133,7.37,0.2363,Y,28,1
21,51376,2.0,EDUCATION,B,37924,9.58,0.7382,N,4,0
30,21397,3.0,PERSONAL,B,6745,11.3,0.3152,N,12,0
30,49006,4.0,EDUCATION,C,6192,12.09,0.1264,N,9,0
70,50209,5.0,MEDICAL,B,8083,10.83,0.161,N,45,0
69,131853,8.0,MEDICAL,A,7943,8.1,0.0602,N,45,0
45,18265,5.0,VENTURE,B,10199,9.23,0.5584,Y,23,1
68,42003,4.0,EDUCATION,C,1652,13.92,0.0393,N,45,0
32,99554,6.0,MEDICAL,D,4824,15.35,0.0485,N,12,0
56,42917,11.0,HOMEIMPROVEMENT,B,7329,9.35,0.1708,N,38,0
40,44612,3.0,HOMEIMPROVEMENT,C,11639,13.88,0.2609,N,17,0
31,30998,5.0,MEDICAL,D,6463,15.66,0.2085,N,8,0
32,29350,0.0,HOMEIMPROVEMENT,C,11168,13.05,0.3805,N,13,0
41,17957,3.0,EDUCATION,A,6207,6.81,0.3457,N,21,0
37,34680,4.0,DEBTCONSOLIDATION,B,17360,11.31,0.5006,N,17,0
30,28448,4.0,VENTURE,B,12067,11.01,0.4242,N,13,0
37,52308,4.0,VENTURE,A,11018,5.9,0.2106,N,14,0
25,31786,4.0,HOMEIMPROVEMENT,B,17039,8.97,0.5361,N,6,1
73,37655,6.0,PERSONAL,C,14527,11.65,0.3858,N,45,0
39,38226,5.0,PERSONAL,B,6501,9.79,0.1701,N,17,0
24,47739,3.0,MEDICAL,A,5506,8.29,0.1153,N,1,0
50,36655,4.0,VENTURE,D,24938,16.21,0.6803,N,31,1
68,27337,6.0,DEBTCONSOLIDATION,B,38044,9.72,1.3917,N,45,0
38,51388,6.0,MEDICAL,B,22178,10.44,0.4316,N,17,1
66,88178,5.0,EDUCATION,A,21785,6.56,0.2471,N,45,0
52,52609,5.0,MEDICAL,D,4782,16.04,0.0909,N,33,0
60,35052,4.0,EDUCATION,A,8765,7.42,0.2501,N,39,0
34,45810,5.0,VENTURE,C,8004,14.16,0.1747,N,17,0
20,15869,3.0,VENTURE,C,7810,12.91,0.4922,N,1,0
37,45402,3.0,PERSONAL,A,5595,6.22,0.1232,N,18,0
70,39332,5.0,EDUCATION,B,12520,11.29,0.3183,N,45,0
63,29336,10.0,VENTURE,F,12624,24.47,0.4303,N,45,1
62,32414,5.0,DEBTCONSOLIDATION,B,5200,10.99,0.1604,N,41,0
68,39119,6.0,EDUCATION,C,5872,12.05,0.1501,N,45,0
39,84613,7.0,HOMEIMPROVEMENT,D,11331,16.9,0.1339,N,18,0
36,89378,5.0,MEDICAL,E,9640,19.29,0.1079,N,15,0
70,29422,4.0,EDUCATION,B,6467,9.01,0.2198,Y,45,1
50,36866,4.0,VENTURE,D,8555,17.26,0.2321,N,28,0
34,37386,10.0,DEBTCONSOLIDATION,B,3935,8.65,0.1053,Y,11,1
33,76515,4.0,EDUCATION,D,15726,15.56,0.2055,N,16,0
68,53105,4.0,MEDICAL,D,7482,17.14,0.1409,Y,45,1
21,51587,10.0,PERSONAL,C,7304,14.34,0.1416,N,2,0
21,65837,10.0,VENTURE,C,13794,14.42,0.2095,N,2,0
60,35311,5.0,EDUCATION,C,20564,12.49,0.5824,N,41,1
18,103791,4.0,PERSONAL,A,9908,7.33,0.0955,N,1,0
27,48973,6.0,VENTURE,B,6377,9.39,0.1302,N,8,0
74,30615,5.0,VENTURE,A,13087,7.59,0.4275,Y,45,1
42,43204,5.0,PERSONAL,A,10305,7.15,0.2385,N,24,0
59,96525,1.0,MEDICAL,B,12310,10.86,0.1275,N,39,0
45,38799,4.0,HOMEIMPROVEMENT,A,17429,7.21,0.4492,N,22,0
23,82640,5.0,MEDICAL,B,8743,9.02,0.1058,N,3,0
28,34754,4.0,HOMEIMPROVEMENT,C,20231,11.83,0.5821,Y,8,1
61,32173,5.0,MEDICAL,B,6601,9.81,0.2052,N,39,0
23,70458,5.0,EDUCATION,C,6121,13.91,0.0869,N,2,0
51,30312,5.0,PERSONAL,C,18520,12.0,0.611,Y,34,1
37,77064,10.0,EDUCATION,C,13476,13.26,0.1749,N,20,0
39,59479,4.0,VENTURE,C,8852,13.24,0.1488,Y,22,1
72,30318,4.0,EDUCATION,B,9787,9.15,0.3228,N,45,0
52,47131,6.0,MEDICAL,C,8029,12.34,0.1704,N,35,0
53,36249,7.0,HOMEIMPROVEMENT,A,8598,7.46,0.2372,N,36,0
37,59393,4.0,PERSONAL,D,4177,17.39,0.0703,N,18,0
39,138453,4.0,PERSONAL,D,5753,16.95,0.0416,N,17,0
57,39979,5.0,HOMEIMPROVEMENT,E,8883,20.02,0.2222,N,34,0
20,65747,1.0,PERSONAL,E,3301,19.47,0.0502,N,1,0
31,49684,5.0,PERSONAL,B,2183,8.74,0.0439,N,12,0
52,49673,6.0,MEDICAL,B,3198,10.12,0.0644,N,35,0
53,44762,3.0,DEBTCONSOLIDATION,B,22553,10.65,0.5038,Y,36,1
23,30589,2.0,MEDICAL,D,37872,15.23,1.2381,N,5,1
62,58943,4.0,PERSONAL,A,12013,5.78,0.2038,N,41,0
48,41822,3.0,MEDICAL,C,8741,13.21,0.209,Y,28,0
31,29802,5.0,EDUCATION,C,22078,14.05,0.7408,N,11,1
60,85630,6.0,PERSONAL,A,4587,8.37,0.0536,N,39,0
74,51764,4.0,MEDICAL,A,12248,5.77,0.2366,N,45,0
42,43241,6.0,VENTURE,A,12302,5.18,0.2845,Y,24,0
34,102439,4.0,DEBTCONSOLIDATION,C,8272,12.83,0.0808,Y,14,0
35,17857,2.0,HOMEIMPROVEMENT,D,2696,16.87,0.151,Y,17,1
51,98720,4.0,HOMEIMPROVEMENT,A,21516,7.3,0.2179,N,33,0
20,30209,5.0,DEBTCONSOLIDATION,E,6622,18.13,0.2192,N,1,0
45,55069,7.0,EDUCATION,A,6046,5.15,0.1098,N,23,0
19,35474,6.0,MEDICAL,A,3434,7.26,0.0968,N,1,0
20,29506,3.0,DEBTCONSOLIDATION,D,14962,15.9,0.5071,N,1,1
42,100975,4.0,MEDICAL,E,12794,17.94,0.1267,N,23,0
60,136069,5.0,PERSONAL,A,14447,6.41,0.1062,N,42,0
68,43404,4.0,DEBTCONSOLIDATION,A,7176,5.8,0.1653,N,45,0
22,58953,6.0,EDUCATION,B,7994,10.87,0.1356,N,1,0
31,50581,5.0,EDUCATION,A,6060,5.02,0.1198,N,10,0
42,126979,5.0,VENTURE,B,11669,9.04,0.0919,Y,23,0
50,15333,2.0,EDUCATION,C,9788,11.76,0.6384,N,29,1
74,60319,11.0,EDUCATION,A,7905,5.99,0.1311,N,45,0
57,32862,8.0,PERSONAL,B,4149,10.9,0.1263,N,36,0
48,13416,4.0,PERSONAL,B,7887,11.27,0.5879,N,28,1
21,40203,9.0,PERSONAL,E,3497,19.14,0.087,N,3,0
22,135459,1.0,EDUCATION,C,6346,14.3,0.0468,N,1,0
26,34172,1.0,MEDICAL,B,5537,9.17,0.162,N,7,0
55,75729,6.0,HOMEIMPROVEMENT,A,8353,8.03,0.1103,N,36,0
36,94775,4.0,PERSONAL,D,11890,16.25,0.1255,N,16,0
31,48679,2.0,VENTURE,B,8808,8.7,0.1809,N,10,0
56,52378,2.0,DEBTCONSOLIDATION,C,6484,14.13,0.1238,N,38,0
64,19073,8.0,EDUCATION,C,8187,11.58,0.4292,N,44,0
43,33061,6.0,DEBTCONSOLIDATION,D,10969,15.55,0.3318,N,22,0
68,80729,7.0,VENTURE,C,13287,13.39,0.1646,N,45,0
59,50684,8.0,DEBTCONSOLIDATION,B,25308,10.82,0.4993,N,40,1
58,59996,7.0,EDUCATION,A,50000,5.28,0.8334,N,35,0
67,52745,6.0,VENTURE,A,27324,5.92,0.518,N,45,0
28,163669,5.0,PERSONAL,C,9838,13.81,0.0601,N,5,0
61,38685,6.0,DEBTCONSOLIDATION,B,5145,10.23,0.133,N,40,0
72,118536,6.0,EDUCATION,B,7642,10.18,0.0645,Y,45,0
74,52755,3.0,PERSONAL,B,11381,10.3,0.2157,N,45,0
50,124468,6.0,MEDICAL,D,7359,15.0,0.0591,Y,30,1
60,24990,6.0,PERSONAL,A,7854,6.72,0.3143,N,38,0
68,54260,4.0,EDUCATION,A,15546,5.38,0.2865,N,45,0
66,39476,7.0,EDUCATION,A,8600,8.25,0.2179,N,44,0
69,52929,3.0,PERSONAL,B,12363,11.01,0.2336,Y,45,0
65,96019,4.0,PERSONAL,A,8451,5.15,0.088,Y,43,0
39,60375,6.0,EDUCATION,A,2426,7.19,0.0402,N,18,0
59,95914,6.0,PERSONAL,A,2423,5.36,0.0253,N,41,0
41,33907,3.0,VENTURE,B,12891,11.27,0.3802,N,22,0
63,31177,1.0,PERSONAL,B,9288,10.17,0.2979,Y,45,0
64,49456,4.0,VENTURE,E,10914,18.66,0.2207,N,44,0
71,47989,3.0,MEDICAL,C,12003,12.73,0.2501,N,45,0
51,44257,3.0,MEDICAL,D,11516,15.01,0.2602,N,33,0
45,28933,5.0,MEDICAL,C,9544,12.94,0.3299,N,28,0
27,94774,4.0,MEDICAL,B,24204,11.43,0.2554,Y,5,0
54,40152,6.0,MEDICAL,E,11474,20.68,0.2858,N,34,0
50,107402,7.0,MEDICAL,D,11695,16.53,0.1089,N,28,0
47,49365,2.0,EDUCATION,A,6892,7.69,0.1396,N,24,0
56,70026,8.0,EDUCATION,A,4401,6.73,0.0628,N,39,0
66,66618,7.0,PERSONAL,F,45147,21.08,0.6777,N,45,1
26,31152,8.0,EDUCATION,D,17550,14.88,0.5634,N,3,1
42,59991,4.0,MEDICAL,B,11769,10.76,0.1962,N,21,0
59,141574,3.0,HOMEIMPROVEMENT,C,8392,13.72,0.0593,N,42,0
64,56296,5.0,MEDICAL,D,15283,15.52,0.2715,N,45,0
62,80475,4.0,HOMEIMPROVEMENT,B,6933,10.41,0.0862,N,45,0
63,71775,2.0,HOMEIMPROVEMENT,A,16165,5.9,0.2252,N,44,0
66,58039,8.0,EDUCATION,C,28159,11.58,0.4852,Y,44,1
72,54315,3.0,MEDICAL,A,9359,7.36,0.1723,N,45,0
52,66238,5.0,EDUCATION,A,29267,6.93,0.4418,N,31,0
32,74593,7.0,PERSONAL,B,8220,10.82,0.1102,N,12,0
50,23302,10.0,HOMEIMPROVEMENT,D,2844,14.56,0.122,N,28,0
58,56163,6.0,HOMEIMPROVEMENT,A,17592,7.56,0.3132,N,39,0
23,44300,5.0,PERSONAL,A,9220,7.99,0.2081,N,3,0
61,39523,5.0,VENTURE,B,17665,9.16,0.447,Y,42,1
49,99985,4.0,HOMEIMPROVEMENT,A,4516,5.81,0.0452,N,32,0
71,32753,4.0,PERSONAL,A,7043,6.54,0.215,Y,45,0
30,22762,2.0,EDUCATION,B,25342,9.67,1.1133,N,13,0
69,75935,1.0,EDUCATION,D,12168,16.2,0.1602,N,45,0
43,22444,3.0,MEDICAL,C,28224,11.64,1.2575,N,23,1
50,16977,8.0,PERSONAL,B,6379,10.59,0.3757,N,31,0
55,80785,2.0,PERSONAL,E,50000,19.2,0.6189,N,35,1
51,53492,5.0,PERSONAL,A,48714,8.38,0.9107,Y,32,1
69,63576,2.0,DEBTCONSOLIDATION,B,16781,9.59,0.264,N,45,0
27,38432,8.0,PERSONAL,C,11019,14.39,0.2867,N,8,0
59,22892,3.0,PERSONAL,E,13408,19.14,0.5857,N,41,0
73,25535,5.0,VENTURE,D,20561,15.87,0.8052,N,45,1
30,42205,6.0,VENTURE,B,11808,10.46,0.2798,N,9,0
32,24347,10.0,PERSONAL,B,7765,9.41,0.3189,N,9,0
45,58039,5.0,MEDICAL,B,4823,10.03,0.0831,Y,26,0
59,38011,4.0,MEDICAL,B,2164,10.04,0.0569,N,41,0
72,54272,8.0,EDUCATION,B,8051,11.1,0.1483,N,45,0
63,53387,4.0,HOMEIMPROVEMENT,A,2341,7.96,0.0438,N,44,0
63,60641,7.0,DEBTCONSOLIDATION,A,8897,6.22,0.1467,N,40,0
43,64519,3.0,EDUCATION,A,29529,5.78,0.4577,N,25,0
54,40572,4.0,PERSONAL,A,9418,7.22,0.2321,N,36,0
30,54240,7.0,EDUCATION,B,5113,10.26,0.0943,N,11,0
44,55815,6.0,DEBTCONSOLIDATION,C,6915,14.34,0.1239,N,23,0
28,12888,8.0,HOMEIMPROVEMENT,D,5595,15.51,0.4341,N,9,1
19,69953,8.0,HOMEIMPROVEMENT,D,32564,17.3,0.4655,Y,1,1
66,53234,5.0,DEBTCONSOLIDATION,B,6249,9.67,0.1174,N,43,0
63,66851,4.0,EDUCATION,A,2832,5.11,0.0424,N,43,0
47,24154,5.0,HOMEIMPROVEMENT,A,50000,6.11,2.0701,N,30,0
18,41205,7.0,DEBTCONSOLIDATION,D,8661,16.38,0.2102,N,1,0
23,26894,3.0,VENTURE,D,5346,15.17,0.1988,N,5,0
24,73830,2.0,EDUCATION,E,9959,17.95,0.1349,N,2,0
58,22633,7.0,DEBTCONSOLIDATION,E,8386,20.68,0.3705,N,40,0
29,29414,5.0,PERSONAL,D,13746,15.71,0.4673,N,12,1
32,65766,3.0,EDUCATION,B,8831,9.43,0.1343,N,9,0
67,34677,3.0,PERSONAL,B,2209,9.55,0.0637,N,45,0
67,29418,6.0,EDUCATION,D,8729,15.92,0.2967,Y,45,1
61,80716,4.0,HOMEIMPROVEMENT,E,18403,19.82,0.228,N,44,0
35,82556,3.0,EDUCATION,B,6792,9.65,0.0823,N,15,0
51,72921,7.0,MEDICAL,C,16473,11.64,0.2259,N,28,0
29,78181,7.0,EDUCATION,A,19166,6.13,0.2451,N,12,0
66,43158,9.0,PERSONAL,A,22594,7.07,0.5235,N,45,0
22,43803,5.0,PERSONAL,B,4790,9.04,0.1094,N,1,0
60,34322,7.0,PERSONAL,E,5150,20.53,0.15,N,40,0
47,53758,7.0,HOMEIMPROVEMENT,C,10051,12.59,0.187,Y,26,1
61,36667,3.0,PERSONAL,E,2779,19.13,0.0758,N,39,0
43,38631,4.0,EDUCATION,B,4646,10.71,0.1203,N,20,0
27,68182,9.0,MEDICAL,A,12189,5.95,0.1788,N,7,0
60,94041,6.0,MEDICAL,B,2300,11.22,0.0245,N,39,0
53,61025,5.0,VENTURE,B,2817,10.6,0.0462,N,30,0
44,131514,6.0,MEDICAL,C,14141,13.92,0.1075,N,21,0
39,33255,5.0,MEDICAL,E,3181,19.25,0.0957,N,18,0
37,17838,5.0,VENTURE,B,50000,9.64,2.803,N,19,0
45,72623,7.0,EDUCATION,C,4847,11.89,0.0667,N,26,0
32,32064,6.0,MEDICAL,D,4634,14.61,0.1445,N,9,0
34,42170,6.0,MEDICAL,A,3663,5.33,0.0869,N,13,0
33,18520,5.0,EDUCATION,D,9637,15.94,0.5204,Y,14,1
18,29894,5.0,DEBTCONSOLIDATION,E,8482,19.98,0.2837,Y,1,1
70,21456,4.0,DEBTCONSOLIDATION,D,12806,17.26,0.5968,N,45,1
31,38604,4.0,VENTURE,B,8195,11.49,0.2123,N,9,0
27,39458,2.0,HOMEIMPROVEMENT,C,18596,12.98,0.4713,N,8,1
26,51507,7.0,DEBTCONSOLIDATION,C,8289,12.26,0.1609,N,5,0
74,96940,4.0,EDUCATION,D,7501,15.93,0.0774,N,45,0
45,71132,4.0,MEDICAL,C,11435,14.36,0.1608,N,24,0
36,20086,2.0,EDUCATION,F,2471,23.27,0.123,N,16,0
41,68487,6.0,DEBTCONSOLIDATION,D,4444,16.67,0.0649,N,22,0
23,52128,6.0,VENTURE,A,32093,5.1,0.6157,Y,6,1
35,46452,5.0,MEDICAL,F,2798,21.15,0.0602,Y,16,1
32,48412,7.0,MEDICAL,C,18067,14.09,0.3732,N,14,0
63,54858,2.0,MEDICAL,E,1825,19.45,0.0333,N,40,0
21,33505,7.0,EDUCATION,B,3149,9.0,0.094,N,1,0
42,44342,4.0,MEDICAL,E,5609,18.65,0.1265,N,23,1
63,94010,4.0,PERSONAL,F,13080,23.77,0.1391,N,43,1
65,33284,7.0,EDUCATION,D,8735,14.63,0.2624,N,45,0
47,27821,5.0,PERSONAL,D,12749,15.62,0.4583,N,29,1
30,47384,8.0,PERSONAL,A,6648,5.58,0.1403,N,9,0
37,26322,3.0,MEDICAL,A,8622,5.05,0.3276,N,20,0
30,19005,6.0,PERSONAL,D,9892,15.56,0.5205,Y,10,1
55,40560,2.0,EDUCATION,C,18769,11.86,0.4627,N,38,0
34,108742,6.0,MEDICAL,C,32480,12.43,0.2987,N,14,0
53,47990,8.0,PERSONAL,B,4554,8.86,0.0949,Y,33,0
55,54079,4.0,EDUCATION,A,8641,6.53,0.1598,N,32,0
71,15190,4.0,MEDICAL,C,7295,12.06,0.4803,N,45,1
39,62378,12.0,DEBTCONSOLIDATION,B,12030,9.51,0.1929,N,16,0
72,51603,6.0,EDUCATION,C,25943,14.01,0.5027,N,45,1
40,34006,7.0,PERSONAL,A,10395,5.94,0.3057,N,18,0
56,54123,6.0,VENTURE,B,6546,9.91,0.1209,N,37,0
55,53828,5.0,DEBTCONSOLIDATION,B,20047,9.93,0.3724,Y,36,1
64,27372,7.0,DEBTCONSOLIDATION,B,8230,9.87,0.3007,N,45,0
44,58836,4.0,MEDICAL,A,8791,6.0,0.1494,N,25,0
63,94695,2.0,PERSONAL,C,14913,14.29,0.1575,N,41,0
38,43244,2.0,VENTURE,A,3882,6.4,0.0898,N,18,0
46,30419,6.0,HOMEIMPROVEMENT,E,3712,18.55,0.122,N,25,0
46,44459,6.0,MEDICAL,C,4860,11.55,0.1093,N,25,0
58,78435,5.0,EDUCATION,D,8046,16.53,0.1026,N,41,0
53,24972,3.0,EDUCATION,B,20292,8.92,0.8126,N,30,0
22,67386,6.0,MEDICAL,B,6152,9.77,0.0913,Y,1,1
64,33762,8.0,PERSONAL,A,6853,6.03,0.203,Y,44,0
61,56001,10.0,MEDICAL,B,11151,8.92,0.1991,N,44,0
23,35940,3.0,HOMEIMPROVEMENT,E,5126,18.92,0.1426,N,6,0
72,35887,4.0,MEDICAL,E,7077,20.07,0.1972,Y,45,1
55,113289,5.0,EDUCATION,E,9609,18.37,0.0848,N,34,0
22,22584,3.0,VENTURE,D,14706,16.62,0.6512,N,1,1
46,64020,5.0,EDUCATION,A,19136,5.71,0.2989,N,27,0
65,127036,5.0,PERSONAL,C,8843,12.15,0.0696,N,44,0
33,71470,5.0,PERSONAL,B,8034,11.48,0.1124,N,16,0
71,23573,5.0,HOMEIMPROVEMENT,B,8517,9.9,0.3613,N,45,0
41,24224,12.0,MEDICAL,B,11416,10.95,0.4713,N,18,1
30,32422,4.0,PERSONAL,A,27656,5.58,0.853,N,9,1
38,53468,7.0,MEDICAL,A,45358,6.91,0.8483,N,18,0
47,55507,3.0,EDUCATION,A,36108,7.03,0.6505,N,24,0
57,24356,8.0,EDUCATION,B,20872,10.64,0.857,N,40,1
70,30332,4.0,DEBTCONSOLIDATION,C,4839,13.84,0.1595,N,45,0
29,31372,6.0,DEBTCONSOLIDATION,D,11524,15.31,0.3673,Y,6,1
72,44381,2.0,HOMEIMPROVEMENT,A,7663,7.21,0.1727,N,45,0
48,146032,7.0,EDUCATION,A,8992,7.43,0.0616,N,28,0
25,29341,4.0,PERSONAL,C,33460,13.57,1.1404,Y,6,1
70,28643,4.0,PERSONAL,D,25085,15.16,0.8758,N,45,1
37,26285,3.0,PERSONAL,A,17906,7.77,0.6812,N,14,0
53,69532,5.0,DEBTCONSOLIDATION,D,50000,16.49,0.7191,N,36,1
57,47918,5.0,PERSONAL,C,17649,11.62,0.3683,N,38,0
18,29943,6.0,HOMEIMPROVEMENT,B,28032,10.25,0.9362,N,1,1
30,40153,5.0,EDUCATION,C,14605,11.59,0.3637,N,13,0
57,31718,7.0,HOMEIMPROVEMENT,B,11370,8.62,0.3585,N,40,0
36,57684,1.0,HOMEIMPROVEMENT,B,41008,8.83,0.7109,N,15,1
18,214573,3.0,EDUCATION,B,5719,10.64,0.0267,N,1,0
19,66368,6.0,EDUCATION,B,3201,9.8,0.0482,N,1,0
65,46576,5.0,MEDICAL,B,5050,10.49,0.1084,N,45,0
26,34005,5.0,PERSONAL,E,7188,20.97,0.2114,N,6,0
23,23414,3.0,PERSONAL,B,18801,11.31,0.803,N,3,0
50,73389,10.0,HOMEIMPROVEMENT,A,23878,7.8,0.3254,N,32,0
24,71228,4.0,MEDICAL,B,5714,9.4,0.0802,N,5,0
55,37935,2.0,MEDICAL,A,6468,7.7,0.1705,N,37,0
49,95543,6.0,VENTURE,C,7268,12.61,0.0761,N,26,0
54,49593,4.0,EDUCATION,D,10231,15.04,0.2063,N,31,0
46,75065,5.0,HOMEIMPROVEMENT,B,9936,10.69,0.1324,N,23,0
62,57693,4.0,PERSONAL,A,12788,7.92,0.2217,N,42,0
54,44470,8.0,PERSONAL,E,5118,20.12,0.1151,N,33,0
41,28993,2.0,DEBTCONSOLIDATION,C,4676,12.62,0.1613,N,23,0
18,45249,5.0,DEBTCONSOLIDATION,E,5393,19.96,0.1192,N,1,0
33,77895,5.0,PERSONAL,D,10207,14.94,0.131,N,10,0
25,37068,2.0,MEDICAL,D,4214,16.48,0.1137,N,3,0
18,62433,8.0,HOMEIMPROVEMENT,E,5267,18.01,0.0844,N,1,0
33,27024,4.0,EDUCATION,A,14171,5.19,0.5244,N,10,0
29,75284,4.0,PERSONAL,F,27692,21.09,0.3678,N,9,1
22,58227,6.0,VENTURE,A,12992,8.4,0.2231,N,5,0
35,25307,2.0,HOMEIMPROVEMENT,F,4623,21.07,0.1827,Y,16,1
46,43338,5.0,HOMEIMPROVEMENT,D,16068,15.73,0.3708,N,24,0
28,81821,8.0,PERSONAL,C,6629,13.79,0.081,N,8,0
33,24527,5.0,MEDICAL,A,26430,6.92,1.0776,Y,10,1
19,27200,6.0,EDUCATION,B,13381,8.78,0.4919,N,1,1
20,47182,3.0,VENTURE,A,5462,5.37,0.1158,N,1,0
26,158471,6.0,MEDICAL,B,10768,8.95,0.0679,N,3,0
43,33863,7.0,MEDICAL,E,3711,18.21,0.1096,N,20,0
55,64369,5.0,EDUCATION,B,11178,11.06,0.1737,N,36,0
62,56560,2.0,MEDICAL,E,8217,19.47,0.1453,N,39,0
53,35445,7.0,MEDICAL,C,43086,12.44,1.2156,N,33,1
53,53563,9.0,PERSONAL,A,11461,6.34,0.214,N,34,0
71,38318,5.0,PERSONAL,B,10321,10.36,0.2694,Y,45,1
32,40263,6.0,VENTURE,B,1861,11.1,0.0462,Y,14,1
63,19659,4.0,EDUCATION,B,15409,9.86,0.7838,N,43,1
71,48366,3.0,MEDICAL,C,22430,13.65,0.4638,N,45,0
50,80378,8.0,PERSONAL,A,22541,7.98,0.2804,N,30,0
65,50593,4.0,EDUCATION,B,9075,9.56,0.1794,N,42,0
25,89302,2.0,PERSONAL,F,6432,22.88,0.072,N,8,0
68,67452,6.0,EDUCATION,B,23621,10.68,0.3502,N,45,0
50,47441,5.0,HOMEIMPROVEMENT,B,9313,10.96,0.1963,N,27,0
30,34705,6.0,VENTURE,B,9649,9.56,0.278,N,8,0
21,37517,4.0,PERSONAL,A,7848,7.79,0.2092,Y,1,1
59,21833,3.0,PERSONAL,B,2053,10.85,0.094,N,38,0
42,42323,9.0,PERSONAL,A,5570,5.59,0.1316,N,23,0
35,53119,8.0,HOMEIMPROVEMENT,A,10601,7.25,0.1996,N,16,0
40,125930,10.0,EDUCATION,D,15059,17.41,0.1196,N,21,0
74,65550,4.0,DEBTCONSOLIDATION,C,9685,12.4,0.1477,N,45,0
42,30464,7.0,MEDICAL,A,14432,6.66,0.4737,N,24,0
22,22211,6.0,DEBTCONSOLIDATION,A,2983,6.05,0.1343,N,5,0
33,43756,8.0,EDUCATION,F,5073,23.84,0.1159,N,15,0
26,76609,2.0,DEBTCONSOLIDATION,E,49602,17.64,0.6475,N,6,1
57,43419,8.0,DEBTCONSOLIDATION,B,16233,11.2,0.3739,N,38,0
63,66044,4.0,PERSONAL,C,25540,13.18,0.3867,N,41,0
65,44372,7.0,DEBTCONSOLIDATION,B,8183,9.67,0.1844,N,43,0
54,72718,5.0,EDUCATION,B,20368,9.26,0.2801,N,36,0
61,20363,3.0,PERSONAL,B,19819,10.36,0.9733,N,42,0
41,118456,4.0,EDUCATION,A,44779,6.22,0.378,Y,20,0
53,26585,0.0,PERSONAL,A,13519,8.1,0.5085,N,36,0
24,75853,4.0,MEDICAL,C,4759,13.64,0.0627,N,2,0
48,42205,3.0,MEDICAL,A,5798,6.15,0.1374,N,27,0
49,45995,8.0,EDUCATION,B,12248,11.46,0.2663,N,31,0
19,42932,6.0,EDUCATION,E,1595,20.73,0.0372,N,1,0
49,56420,7.0,PERSONAL,C,13215,12.29,0.2342,Y,32,0
59,63047,4.0,VENTURE,A,14670,5.58,0.2327,Y,41,1
38,87736,5.0,EDUCATION,B,27917,10.08,0.3182,N,17,0
49,106337,6.0,MEDICAL,A,2774,7.11,0.0261,N,27,0
34,58835,7.0,MEDICAL,D,4549,15.68,0.0773,N,15,0
33,125809,5.0,HOMEIMPROVEMENT,D,10734,16.08,0.0853,N,14,0
25,51592,9.0,VENTURE,B,9601,9.47,0.1861,N,5,0
36,88662,5.0,DEBTCONSOLIDATION,A,10038,6.84,0.1132,N,16,0
63,62056,8.0,VENTURE,C,19586,13.93,0.3156,N,42,0
71,36240,9.0,EDUCATION,D,12614,14.68,0.3481,N,45,0
54,54158,3.0,HOMEIMPROVEMENT,B,28994,10.0,0.5354,N,37,0
53,64650,6.0,MEDICAL,A,22984,5.38,0.3555,Y,35,0
52,48160,2.0,PERSONAL,C,6177,13.18,0.1283,N,31,0
45,61517,4.0,MEDICAL,B,12223,9.27,0.1987,N,28,0
42,78901,6.0,PERSONAL,E,14748,20.64,0.1869,N,19,0
53,48394,3.0,EDUCATION,D,37517,17.23,0.7752,N,31,0
62,12000,2.0,PERSONAL,B,11654,9.52,0.9712,N,44,0
41,123382,3.0,PERSONAL,A,14954,6.63,0.1212,N,19,0
50,41619,6.0,PERSONAL,E,7162,18.54,0.1721,N,31,0
44,31169,6.0,VENTURE,E,14561,17.94,0.4672,N,26,1
34,26416,4.0,MEDICAL,B,4695,9.2,0.1777,N,16,0
34,40739,1.0,MEDICAL,A,6283,8.18,0.1542,N,13,0
22,35971,9.0,MEDICAL,C,24154,13.19,0.6715,N,1,0
43,32684,2.0,PERSONAL,B,18163,10.91,0.5557,N,25,0
58,33685,2.0,VENTURE,C,25785,11.82,0.7655,N,40,0
57,65601,4.0,MEDICAL,A,48472,7.58,0.7389,Y,40,1
74,149746,8.0,PERSONAL,C,19260,12.68,0.1286,N,45,0
20,76981,2.0,MEDICAL,E,11838,19.24,0.1538,N,1,0
61,90892,2.0,PERSONAL,B,6740,11.03,0.0742,N,40,0
63,39831,3.0,VENTURE,E,6831,17.69,0.1715,N,42,0
42,51925,4.0,EDUCATION,C,10081,12.99,0.1941,N,22,0
34,61979,3.0,PERSONAL,C,9564,13.91,0.1543,N,16,0
38,34106,8.0,PERSONAL,D,18284,14.89,0.5361,Y,16,1
56,38787,4.0,MEDICAL,E,5373,19.81,0.1385,N,34,0
67,78433,8.0,VENTURE,D,6712,17.27,0.0856,N,45,0
54,89291,4.0,EDUCATION,E,12793,18.56,0.1433,N,35,0
47,50872,6.0,EDUCATION,A,3537,5.14,0.0695,N,29,0
55,25404,5.0,MEDICAL,A,27724,8.38,1.0913,N,33,0
22,41665,5.0,HOMEIMPROVEMENT,A,18192,5.61,0.4366,N,2,1
52,22187,4.0,HOMEIMPROVEMENT,E,11473,19.86,0.5171,N,29,0
20,51090,5.0,DEBTCONSOLIDATION,E,4855,19.87,0.095,N,3,0
72,56413,6.0,HOMEIMPROVEMENT,D,9005,17.03,0.1596,N,45,0
68,42239,7.0,MEDICAL,D,16360,16.44,0.3873,Y,45,1
46,55990,8.0,MEDICAL,B,6391,9.54,0.1141,Y,27,1
39,61654,11.0,MEDICAL,A,3144,5.5,0.051,N,22,0
59,56459,6.0,DEBTCONSOLIDATION,C,13762,13.55,0.2438,N,37,0
54,25315,4.0,HOMEIMPROVEMENT,B,12370,10.4,0.4886,N,31,0
58,42646,4.0,MEDICAL,B,7060,9.28,0.1655,N,39,0
47,61415,2.0,VENTURE,B,50000,9.24,0.8141,Y,27,1
31,116808,5.0,DEBTCONSOLIDATION,A,5582,7.72,0.0478,Y,9,1
22,42211,4.0,PERSONAL,B,26277,11.48,0.6225,N,1,0
34,66367,6.0,DEBTCONSOLIDATION,E,15876,20.78,0.2392,N,15,0
48,79457,5.0,EDUCATION,A,12822,7.96,0.1614,N,26,0
42,43996,5.0,EDUCATION,C,50000,11.91,1.1365,Y,25,1
46,92191,5.0,EDUCATION,C,22384,13.75,0.2428,N,28,0
33,94958,3.0,EDUCATION,B,6245,10.12,0.0658,Y,15,1
71,104737,4.0,MEDICAL,A,6686,6.86,0.0638,Y,45,0
38,63078,5.0,PERSONAL,A,5832,5.41,0.0925,N,21,0
66,179526,5.0,PERSONAL,B,12389,8.94,0.069,N,45,0
40,34947,6.0,EDUCATION,B,6084,9.21,0.1741,N,21,0
43,157667,5.0,PERSONAL,A,2282,5.43,0.0145,N,22,0
52,74799,5.0,VENTURE,E,7124,18.89,0.0952,N,29,0
32,102458,4.0,PERSONAL,A,19074,8.4,0.1862,N,13,0
30,41108,4.0,DEBTCONSOLIDATION,A,25963,8.47,0.6316,N,10,0
39,77999,6.0,EDUCATION,C,17999,14.11,0.2308,N,16,0
63,107455,4.0,MEDICAL,D,9189,16.3,0.0855,Y,43,1
26,26955,2.0,DEBTCONSOLIDATION,B,21006,10.44,0.7793,N,7,1
42,44809,3.0,PERSONAL,B,39406,11.45,0.8794,N,19,0
56,15097,7.0,VENTURE,C,14514,13.21,0.9614,N,36,0
58,44440,8.0,MEDICAL,D,10333,14.51,0.2325,N,41,0
42,31294,7.0,VENTURE,B,34051,10.29,1.0881,N,19,0
22,43487,6.0,DEBTCONSOLIDATION,C,6442,11.52,0.1481,N,3,0
18,244752,3.0,PERSONAL,E,17217,20.32,0.0703,N,1,0
44,126095,0.0,VENTURE,C,1162,13.98,0.0092,N,27,0
64,22210,3.0,VENTURE,A,7729,6.81,0.348,N,44,0
19,66546,8.0,MEDICAL,A,2105,5.63,0.0316,N,2,0
68,76070,2.0,PERSONAL,D,17180,15.95,0.2258,N,45,0
56,40707,4.0,PERSONAL,B,5779,10.97,0.142,N,37,0
18,54071,2.0,MEDICAL,A,16010,7.53,0.2961,N,1,0
37,57056,4.0,VENTURE,A,6728,5.83,0.1179,N,15,0
30,23373,2.0,MEDICAL,A,7134,5.33,0.3052,N,9,0
72,27799,4.0,PERSONAL,B,6306,10.79,0.2268,N,45,0
49,53893,3.0,PERSONAL,C,14927,13.03,0.277,N,31,0
36,51775,6.0,EDUCATION,B,12811,9.26,0.2474,Y,19,1
33,33199,6.0,PERSONAL,B,5413,10.56,0.163,N,12,0
50,31668,4.0,PERSONAL,A,9506,6.55,0.3002,N,29,0
18,46659,2.0,VENTURE,B,6244,10.99,0.1338,N,1,0
32,79808,10.0,MEDICAL,A,7250,6.34,0.0908,N,12,0
27,47001,8.0,VENTURE,B,7222,11.22,0.1537,Y,4,0
53,119671,6.0,EDUCATION,A,6828,7.62,0.0571,N,32,0
56,33432,3.0,PERSONAL,C,16401,14.17,0.4906,N,37,0
44,54513,3.0,PERSONAL,C,16256,13.4,0.2982,N,27,0
25,40341,9.0,PERSONAL,D,3362,17.3,0.0833,N,7,0
39,67736,6.0,HOMEIMPROVEMENT,A,8586,8.05,0.1268,Y,19,0
66,31892,5.0,DEBTCONSOLIDATION,C,50000,11.52,1.5678,N,45,0
29,141501,1.0,PERSONAL,D,25066,17.45,0.1771,Y,8,1
27,19344,6.0,DEBTCONSOLIDATION,E,46622,18.71,2.4102,N,7,1
24,125934,2.0,EDUCATION,A,5060,7.29,0.0402,N,1,0
64,51508,4.0,VENTURE,C,7831,13.12,0.152,N,44,0
24,66425,5.0,EDUCATION,A,5609,6.88,0.0844,N,6,0
51,102128,5.0,VENTURE,A,10353,6.24,0.1014,N,31,0
74,78567,4.0,HOMEIMPROVEMENT,C,12243,12.48,0.1558,N,45,0
54,32809,3.0,HOMEIMPROVEMENT,D,14579,15.56,0.4444,N,37,1
41,68189,7.0,HOMEIMPROVEMENT,B,7407,10.52,0.1086,N,20,0
29,136914,1.0,EDUCATION,D,6413,17.17,0.0468,N,11,0
18,30091,7.0,HOMEIMPROVEMENT,C,5444,12.85,0.1809,Y,1,0
26,157178,3.0,EDUCATION,B,9087,11.06,0.0578,N,9,0
72,60605,4.0,PERSONAL,A,15588,5.47,0.2572,N,45,0
26,38627,5.0,EDUCATION,C,17133,14.1,0.4435,N,7,0
19,29992,2.0,EDUCATION,D,24818,15.01,0.8275,N,1,1
64,43355,6.0,MEDICAL,A,13084,7.69,0.3018,N,41,0
41,16723,6.0,VENTURE,B,17662,10.1,1.0562,N,19,0
38,39011,1.0,EDUCATION,A,3749,5.22,0.0961,Y,20,0
58,42420,3.0,HOMEIMPROVEMENT,A,20781,7.61,0.4899,Y,41,1
47,27148,5.0,PERSONAL,A,22512,8.32,0.8292,Y,27,1
70,73962,8.0,HOMEIMPROVEMENT,D,35248,16.89,0.4766,Y,45,1
44,43463,1.0,HOMEIMPROVEMENT,C,44648,12.33,1.0273,N,23,0
58,34555,3.0,EDUCATION,E,4557,20.4,0.1319,N,41,0
68,40989,3.0,VENTURE,B,19498,11.39,0.4757,N,45,1
44,59593,7.0,MEDICAL,E,7971,19.59,0.1338,N,22,0
34,51035,6.0,PERSONAL,A,7323,7.78,0.1435,Y,11,1
73,33338,5.0,DEBTCONSOLIDATION,D,7941,16.58,0.2382,N,45,0
30,52528,2.0,EDUCATION,A,7309,5.28,0.1391,N,10,0
20,47673,6.0,HOMEIMPROVEMENT,A,9232,5.39,0.1937,N,1,0
50,26194,5.0,HOMEIMPROVEMENT,D,7619,15.88,0.2909,N,30,0
74,41828,4.0,HOMEIMPROVEMENT,E,14290,18.56,0.3416,N,45,0
22,67415,5.0,PERSONAL,C,16736,14.48,0.2483,Y,2,1
66,67149,8.0,HOMEIMPROVEMENT,D,23597,14.82,0.3514,N,45,0
65,43196,6.0,MEDICAL,A,15015,8.27,0.3476,N,43,0
70,71127,2.0,DEBTCONSOLIDATION,D,9703,16.44,0.1364,N,45,0
42,28596,4.0,EDUCATION,B,16825,11.15,0.5884,N,19,0
32,29087,9.0,VENTURE,E,21034,17.67,0.7231,N,9,1
47,42693,7.0,EDUCATION,B,15696,9.46,0.3676,N,29,0
26,111709,9.0,HOMEIMPROVEMENT,D,15060,15.28,0.1348,N,7,0
66,53625,5.0,DEBTCONSOLIDATION,C,50000,14.29,0.9324,N,45,0
55,42131,7.0,EDUCATION,A,6832,8.47,0.1622,N,34,0
45,114608,8.0,EDUCATION,A,19597,7.58,0.171,N,27,0
47,41864,8.0,HOMEIMPROVEMENT,C,11569,13.17,0.2763,N,30,0
58,167561,5.0,MEDICAL,A,3235,5.51,0.0193,N,39,0
47,37004,7.0,EDUCATION,D,3115,16.58,0.0842,N,26,0
65,28100,8.0,DEBTCONSOLIDATION,D,2766,16.47,0.0984,N,45,0
70,44734,5.0,PERSONAL,A,10578,8.34,0.2365,Y,45,1
72,42744,7.0,DEBTCONSOLIDATION,C,3347,12.12,0.0783,N,45,0
53,31437,9.0,PERSONAL,F,9658,23.91,0.3072,N,32,0
60,205065,6.0,VENTURE,B,11499,9.21,0.0561,Y,42,0
35,58410,5.0,EDUCATION,D,7353,17.45,0.1259,N,15,0
20,63280,6.0,VENTURE,A,8630,8.3,0.1364,N,3,0
40,38023,0.0,VENTURE,C,19644,12.56,0.5166,N,18,0
67,35677,1.0,EDUCATION,A,5566,6.49,0.156,N,45,0
25,86168,4.0,EDUCATION,B,10778,10.01,0.1251,N,8,0
49,19502,1.0,HOMEIMPROVEMENT,B,2147,8.97,0.1101,N,32,0
28,26145,0.0,PERSONAL,E,12321,18.55,0.4713,N,5,1
42,42786,3.0,EDUCATION,C,25734,13.53,0.6015,N,19,0
26,103060,6.0,PERSONAL,E,17996,18.97,0.1746,N,7,0
59,39895,5.0,MEDICAL,C,8665,13.45,0.2172,N,38,0
64,61628,7.0,PERSONAL,C,7715,13.82,0.1252,Y,43,1
61,49774,3.0,VENTURE,D,33474,15.36,0.6725,N,42,1
58,100001,1.0,HOMEIMPROVEMENT,B,16087,10.76,0.1609,N,40,0
31,20504,6.0,EDUCATION,D,10809,16.76,0.5272,N,13,0
48,73480,7.0,MEDICAL,D,16316,15.1,0.222,N,27,0
23,43941,2.0,MEDICAL,C,6963,11.57,0.1585,N,6,0
39,81526,3.0,EDUCATION,C,9288,14.08,0.1139,N,18,0
46,31238,12.0,HOMEIMPROVEMENT,A,6158,7.95,0.1971,Y,23,0
56,49682,4.0,EDUCATION,E,19147,17.66,0.3854,N,35,0
23,46333,11.0,MEDICAL,B,5304,9.2,0.1145,N,3,0
64,28244,4.0,HOMEIMPROVEMENT,B,7201,9.62,0.255,N,43,0
44,24240,2.0,VENTURE,A,13627,8.26,0.5622,N,26,1
68,35623,4.0,EDUCATION,A,1685,5.14,0.0473,N,45,0
48,52652,6.0,MEDICAL,A,5810,8.41,0.1103,N,28,0
49,32328,2.0,DEBTCONSOLIDATION,C,5304,12.32,0.1641,N,30,0
57,40882,6.0,VENTURE,B,11389,9.81,0.2786,Y,34,1
64,17375,6.0,MEDICAL,D,11266,14.51,0.6484,N,43,1
26,39980,5.0,EDUCATION,A,39904,5.45,0.9981,N,9,0
47,86074,1.0,HOMEIMPROVEMENT,A,5187,5.73,0.0603,N,26,0
19,72247,7.0,PERSONAL,A,3438,8.44,0.0476,N,1,0
45,46732,5.0,VENTURE,A,23108,8.44,0.4945,Y,26,1
64,56050,7.0,MEDICAL,A,6305,5.9,0.1125,N,41,0
67,31084,1.0,PERSONAL,D,10844,17.14,0.3489,N,45,1
34,119783,3.0,HOMEIMPROVEMENT,D,6916,14.82,0.0577,N,16,0
40,152858,6.0,MEDICAL,B,15182,9.76,0.0993,N,19,0
49,53672,7.0,VENTURE,A,12588,6.82,0.2345,N,26,0
40,203796,8.0,MEDICAL,C,7612,11.95,0.0374,Y,18,0
28,33721,4.0,DEBTCONSOLIDATION,C,10038,13.33,0.2977,N,10,1
35,24634,6.0,MEDICAL,E,7027,19.2,0.2853,N,14,0
41,33180,8.0,HOMEIMPROVEMENT,E,10265,20.98,0.3094,N,22,0
47,43446,5.0,MEDICAL,A,7203,5.85,0.1658,Y,27,0
70,174841,4.0,HOMEIMPROVEMENT,D,27528,17.35,0.1574,N,45,0
49,41997,7.0,HOMEIMPROVEMENT,B,8142,9.67,0.1939,N,28,0
40,30552,2.0,DEBTCONSOLIDATION,E,7177,20.8,0.2349,N,21,0
55,29906,6.0,MEDICAL,C,2805,13.11,0.0938,N,33,0
62,91767,5.0,EDUCATION,B,4625,9.89,0.0504,N,41,0
42,84839,8.0,DEBTCONSOLIDATION,C,15006,11.67,0.1769,N,19,0
45,37533,5.0,VENTURE,A,8824,7.55,0.2351,N,22,0
30,17471,4.0,VENTURE,C,7843,11.99,0.4489,N,9,1
67,26351,2.0,HOMEIMPROVEMENT,A,16557,7.64,0.6283,N,45,1
67,126333,6.0,MEDICAL,B,24721,10.36,0.1957,N,45,0
27,71599,7.0,VENTURE,B,5462,11.06,0.0763,N,6,0
37,50817,5.0,DEBTCONSOLIDATION,B,8399,9.91,0.1653,Y,19,1
33,137016,2.0,VENTURE,D,2289,16.34,0.0167,N,10,0
70,143929,4.0,HOMEIMPROVEMENT,C,19302,12.79,0.1341,N,45,0
21,48061,8.0,VENTURE,A,50000,6.91,1.0403,N,3,0
29,48549,3.0,VENTURE,C,7731,12.69,0.1592,N,8,0
35,35591,5.0,VENTURE,C,7596,13.67,0.2134,N,14,0
49,41917,7.0,DEBTCONSOLIDATION,A,9345,6.97,0.2229,N,29,0
32,21644,5.0,VENTURE,B,11694,9.14,0.5403,N,9,1
48,21596,5.0,PERSONAL,A,12050,8.3,0.558,N,27,0
60,19006,6.0,PERSONAL,B,12029,9.51,0.6329,N,40,1
65,88999,9.0,EDUCATION,B,3738,10.49,0.042,N,45,0
23,20769,8.0,VENTURE,D,9520,15.8,0.4584,N,1,1
25,143269,6.0,PERSONAL,B,15491,11.43,0.1081,Y,6,0
23,32803,3.0,DEBTCONSOLIDATION,A,4293,7.18,0.1309,Y,6,1
69,127458,3.0,PERSONAL,B,3817,9.66,0.0299,N,45,0
55,40103,5.0,HOMEIMPROVEMENT,A,6703,6.92,0.1671,Y,32,0
48,20714,6.0,DEBTCONSOLIDATION,B,11172,11.38,0.5393,Y,25,1
63,99317,9.0,DEBTCONSOLIDATION,D,15297,16.54,0.154,Y,43,1
51,105982,7.0,PERSONAL,B,17094,9.73,0.1613,N,31,0
31,29782,6.0,MEDICAL,B,5404,9.6,0.1815,N,12,0
47,40847,1.0,HOMEIMPROVEMENT,E,2652,18.24,0.0649,N,30,0
58,29786,5.0,DEBTCONSOLIDATION,B,29736,9.69,0.9983,Y,35,1
20,45876,6.0,MEDICAL,C,23530,14.41,0.5129,N,1,1
52,52015,2.0,EDUCATION,A,7241,7.55,0.1392,N,35,0
46,40406,6.0,EDUCATION,B,16890,10.57,0.418,N,23,0
21,18026,2.0,EDUCATION,B,12057,10.18,0.6689,Y,4,1
33,35614,10.0,HOMEIMPROVEMENT,B,8726,10.97,0.245,N,15,0
43,72181,7.0,DEBTCONSOLIDATION,D,34873,17.48,0.4831,N,25,1
37,43700,1.0,MEDICAL,C,6273,14.25,0.1435,Y,15,1
34,40941,5.0,DEBTCONSOLIDATION,E,3703,18.14,0.0904,N,12,0
54,29380,4.0,VENTURE,E,10979,20.07,0.3737,Y,33,1
41,35047,6.0,MEDICAL,B,6590,10.11,0.188,N,21,0
46,106395,6.0,PERSONAL,C,11202,13.28,0.1053,N,23,0
63,26189,0.0,MEDICAL,D,8059,16.14,0.3077,N,45,0
23,72871,3.0,EDUCATION,B,6037,11.24,0.0828,N,3,0
38,50306,8.0,PERSONAL,B,8490,10.12,0.1688,N,20,0
22,56086,4.0,DEBTCONSOLIDATION,D,3402,14.78,0.0607,N,1,0
70,32767,6.0,PERSONAL,C,3383,13.92,0.1032,N,45,0
28,40397,3.0,DEBTCONSOLIDATION,A,8284,6.21,0.2051,N,7,0
64,48866,3.0,PERSONAL,C,13022,11.66,0.2665,N,41,0
28,36813,7.0,PERSONAL,A,3057,6.48,0.083,N,11,0
36,58822,3.0,VENTURE,B,13594,10.95,0.2311,Y,19,0
52,63044,3.0,DEBTCONSOLIDATION,C,7050,13.03,0.1118,N,32,0
65,161941,9.0,PERSONAL,D,13010,14.65,0.0803,N,45,0
28,57125,7.0,EDUCATION,B,11668,11.34,0.2043,N,8,0
30,17124,3.0,MEDICAL,A,19597,7.84,1.1444,N,12,1
68,92935,9.0,DEBTCONSOLIDATION,D,8925,15.32,0.096,N,45,0
36,43821,4.0,MEDICAL,C,3138,13.66,0.0716,N,17,0
29,148235,4.0,MEDICAL,C,41165,14.4,0.2777,Y,6,1
60,110085,6.0,EDUCATION,B,10613,9.07,0.0964,N,38,0
23,37127,8.0,PERSONAL,A,11007,8.23,0.2965,N,2,0
67,72914,10.0,PERSONAL,C,8997,12.07,0.1234,N,45,0
67,35359,4.0,VENTURE,D,26427,15.22,0.7474,N,45,1
66,49093,3.0,DEBTCONSOLIDATION,B,4203,9.86,0.0856,N,45,0
34,71096,10.0,PERSONAL,C,3761,11.54,0.0529,N,16,0
24,90413,3.0,MEDICAL,A,6068,6.73,0.0671,N,7,0
42,80206,7.0,HOMEIMPROVEMENT,C,13025,12.43,0.1624,N,23,0
37,51084,4.0,EDUCATION,D,5967,14.7,0.1168,Y,20,1
72,192121,5.0,EDUCATION,B,5797,9.95,0.0302,N,45,0
54,40104,2.0,DEBTCONSOLIDATION,A,4536,6.83,0.1131,N,33,0
71,20252,2.0,EDUCATION,B,18014,10.96,0.8895,N,45,0
60,22514,11.0,EDUCATION,C,12712,14.49,0.5646,Y,37,1
58,110271,5.0,PERSONAL,A,17272,8.18,0.1566,Y,41,0
24,46997,2.0,VENTURE,A,6783,5.63,0.1443,N,3,0
21,53502,6.0,MEDICAL,A,9401,8.01,0.1757,N,1,0
20,36374,4.0,DEBTCONSOLIDATION,D,16753,16.73,0.4606,N,1,1
51,38216,3.0,MEDICAL,B,5614,10.97,0.1469,N,28,0
29,31796,6.0,EDUCATION,C,19981,12.27,0.6284,N,12,1
74,63521,7.0,PERSONAL,C,13386,13.69,0.2107,N,45,0
25,46464,3.0,DEBTCONSOLIDATION,A,24419,7.39,0.5255,N,4,0
71,62271,7.0,HOMEIMPROVEMENT,D,19087,16.01,0.3065,N,45,0
56,59082,8.0,MEDICAL,A,3146,7.92,0.0532,N,33,0
24,38784,10.0,MEDICAL,F,6627,22.11,0.1709,N,4,0
21,21975,6.0,PERSONAL,B,1925,9.7,0.0876,N,1,0
40,20948,6.0,MEDICAL,B,2522,9.7,0.1204,N,19,0
37,259019,6.0,PERSONAL,C,4958,13.21,0.0191,N,20,0
35,110524,5.0,HOMEIMPROVEMENT,B,25200,8.59,0.228,N,17,0
48,102446,6.0,DEBTCONSOLIDATION,B,9748,9.91,0.0952,Y,27,0
25,33825,4.0,DEBTCONSOLIDATION,A,13478,5.33,0.3985,N,8,0
25,49277,4.0,PERSONAL,D,6949,14.81,0.141,N,4,0
57,31305,2.0,MEDICAL,E,7856,20.18,0.251,N,40,0
74,23821,7.0,VENTURE,B,15763,9.48,0.6617,N,45,1
33,35460,5.0,MEDICAL,D,8742,15.02,0.2465,N,14,1
71,101661,5.0,VENTURE,C,8483,13.86,0.0834,N,45,0
37,77839,7.0,MEDICAL,B,14185,9.0,0.1822,N,14,0
37,28752,4.0,PERSONAL,A,4654,6.34,0.1619,N,18,0
23,41227,6.0,PERSONAL,C,11216,13.73,0.2721,N,4,0
42,74014,2.0,VENTURE,A,11604,8.43,0.1568,Y,25,1
46,35809,4.0,HOMEIMPROVEMENT,C,2853,13.63,0.0797,N,29,0
55,51214,5.0,PERSONAL,A,4549,7.41,0.0888,N,35,0
27,61145,5.0,EDUCATION,D,6234,15.2,0.102,N,9,0
28,60779,3.0,EDUCATION,D,7005,16.53,0.1153,N,6,0
42,56374,2.0,DEBTCONSOLIDATION,B,13898,11.37,0.2465,Y,22,0
21,34216,6.0,EDUCATION,C,5179,11.66,0.1514,N,2,0
26,36205,7.0,MEDICAL,B,5117,9.57,0.1413,Y,5,0
53,26278,8.0,HOMEIMPROVEMENT,D,15372,15.21,0.585,Y,33,1
72,20769,2.0,PERSONAL,D,19226,14.87,0.9257,N,45,1
50,46022,7.0,EDUCATION,C,19694,12.45,0.4279,N,27,0
26,76798,3.0,DEBTCONSOLIDATION,A,4486,7.07,0.0584,N,4,0
74,22944,7.0,VENTURE,B,5176,9.61,0.2256,Y,45,1
47,56961,5.0,MEDICAL,C,2979,13.6,0.0523,N,28,0
58,75474,5.0,VENTURE,E,1595,19.61,0.0211,Y,35,1
29,17850,5.0,VENTURE,E,4114,17.91,0.2305,Y,8,1
50,42242,6.0,EDUCATION,D,6218,15.0,0.1472,N,33,0
22,121226,5.0,DEBTCONSOLIDATION,A,11355,5.57,0.0937,N,2,0
53,66407,6.0,EDUCATION,B,17661,10.24,0.266,N,31,0
29,17522,5.0,EDUCATION,E,9140,20.83,0.5216,N,8,1
69,70409,8.0,PERSONAL,B,26780,10.13,0.3803,N,45,0
21,32491,2.0,MEDICAL,C,5222,13.9,0.1607,N,1,0
55,71698,2.0,VENTURE,D,25550,16.08,0.3564,N,35,0
25,33538,3.0,MEDICAL,A,5478,6.74,0.1633,N,8,0
57,47611,8.0,HOMEIMPROVEMENT,A,13823,7.91,0.2903,N,36,0
46,36473,8.0,EDUCATION,E,11464,18.38,0.3143,N,27,0
73,49106,5.0,MEDICAL,D,22549,14.95,0.4592,N,45,1
55,35882,5.0,PERSONAL,B,27755,8.82,0.7735,N,36,0
39,43349,7.0,DEBTCONSOLIDATION,E,4856,19.66,0.112,N,19,0
22,25678,11.0,HOMEIMPROVEMENT,C,1964,12.16,0.0765,N,3,0
51,64206,3.0,EDUCATION,A,8524,5.34,0.1328,N,28,0
43,53982,3.0,PERSONAL,B,12983,11.21,0.2405,Y,21,0
20,20148,2.0,PERSONAL,D,9802,14.52,0.4865,Y,1,1
51,84635,6.0,PERSONAL,B,50000,10.54,0.5908,N,28,1
29,44490,1.0,VENTURE,A,14472,7.69,0.3253,N,7,0
31,53582,6.0,PERSONAL,B,14439,10.22,0.2695,N,12,0
18,74645,1.0,EDUCATION,A,3980,8.35,0.0533,N,1,0
39,58719,6.0,EDUCATION,A,6732,8.08,0.1146,N,22,0
30,93047,5.0,PERSONAL,C,13797,14.1,0.1483,N,9,0
22,41717,8.0,EDUCATION,C,12311,14.15,0.2951,N,1,0
42,86589,7.0,HOMEIMPROVEMENT,B,10373,10.48,0.1198,N,25,0
30,52449,2.0,HOMEIMPROVEMENT,C,23889,11.81,0.4555,N,10,1
25,64808,4.0,MEDICAL,B,6156,9.37,0.095,N,8,0
44,61205,3.0,VENTURE,A,13296,7.87,0.2172,N,24,0
21,96993,2.0,HOMEIMPROVEMENT,C,6270,13.27,0.0646,N,3,0
74,72895,6.0,PERSONAL,C,50000,12.12,0.6859,N,45,0
44,38421,7.0,HOMEIMPROVEMENT,C,5812,14.09,0.1513,N,26,0
74,34451,5.0,HOMEIMPROVEMENT,C,42549,13.41,1.2351,N,45,0
68,47697,6.0,VENTURE,A,8361,5.7,0.1753,N,45,0
73,32271,6.0,EDUCATION,A,6306,7.68,0.1954,Y,45,1
48,27482,7.0,MEDICAL,B,9665,8.95,0.3517,N,31,0
42,15207,6.0,PERSONAL,B,4461,9.64,0.2934,N,19,0
59,20908,4.0,HOMEIMPROVEMENT,A,5216,6.85,0.2495,N,36,0
22,146089,5.0,VENTURE,D,31170,15.76,0.2134,N,2,0
65,34163,8.0,VENTURE,C,13651,14.25,0.3996,N,45,0
36,139651,3.0,HOMEIMPROVEMENT,A,18954,5.53,0.1357,N,16,0
18,61189,3.0,PERSONAL,D,7161,16.18,0.117,N,1,0
31,47697,7.0,MEDICAL,B,16148,9.22,0.3386,N,13,0
31,21475,1.0,EDUCATION,C,10950,12.27,0.5099,Y,13,1
18,49146,6.0,MEDICAL,B,6037,11.17,0.1228,N,1,0
56,138787,5.0,PERSONAL,B,50000,10.15,0.3603,N,38,0
23,115462,1.0,EDUCATION,C,3742,12.49,0.0324,N,2,0
66,57001,6.0,PERSONAL,B,10519,10.74,0.1845,N,45,0
43,26061,3.0,MEDICAL,C,14672,14.09,0.563,N,21,1
58,28956,5.0,DEBTCONSOLIDATION,C,12316,13.48,0.4253,N,41,0
37,30671,2.0,PERSONAL,C,7259,11.58,0.2367,N,17,0
25,99010,7.0,DEBTCONSOLIDATION,D,6313,15.83,0.0638,N,2,0
28,120264,4.0,VENTURE,C,12658,13.54,0.1053,N,5,0
54,54597,6.0,DEBTCONSOLIDATION,E,5935,20.09,0.1087,N,37,0
58,41494,4.0,HOMEIMPROVEMENT,E,22316,20.99,0.5378,Y,36,1
33,114896,4.0,MEDICAL,A,11708,5.32,0.1019,N,13,0
38,28617,3.0,MEDICAL,C,8792,13.7,0.3072,N,20,0
71,50438,5.0,PERSONAL,C,10809,13.22,0.2143,N,45,0
66,63236,9.0,MEDICAL,A,14382,5.16,0.2274,N,45,0
41,30499,6.0,MEDICAL,B,25077,8.91,0.8222,N,23,1
31,34552,2.0,HOMEIMPROVEMENT,A,13180,7.77,0.3815,N,10,0
35,33105,9.0,MEDICAL,B,11475,8.77,0.3466,Y,13,1
48,106851,8.0,EDUCATION,D,18833,16.42,0.1763,N,26,0
50,140491,8.0,EDUCATION,B,3669,9.68,0.0261,Y,28,0
28,52215,2.0,HOMEIMPROVEMENT,E,6800,20.75,0.1302,N,10,0
21,42297,4.0,MEDICAL,D,8933,16.15,0.2112,Y,2,1
46,35245,5.0,PERSONAL,C,5387,13.92,0.1528,N,26,0
63,49067,7.0,HOMEIMPROVEMENT,F,16537,22.16,0.337,Y,41,1
26,36220,10.0,EDUCATION,A,10134,5.39,0.2798,N,6,0
41,46473,9.0,EDUCATION,B,4505,10.86,0.0969,N,21,0
27,61529,8.0,PERSONAL,A,4166,8.2,0.0677,Y,9,1
31,39225,4.0,PERSONAL,A,9876,6.33,0.2518,N,11,0
52,44166,5.0,PERSONAL,D,15747,16.96,0.3565,N,30,1
34,44267,8.0,HOMEIMPROVEMENT,B,10573,8.67,0.2388,N,17,0
33,41164,3.0,VENTURE,E,50000,18.71,1.2147,N,16,1
74,38453,2.0,DEBTCONSOLIDATION,B,8676,8.65,0.2256,Y,45,0
27,74548,4.0,PERSONAL,E,6593,18.0,0.0884,N,10,0
28,18510,5.0,EDUCATION,C,24811,13.49,1.3404,Y,7,1
70,116524,4.0,VENTURE,B,12468,10.22,0.107,N,45,0
49,52814,4.0,MEDICAL,C,25327,14.37,0.4796,N,27,1
20,68563,7.0,MEDICAL,D,26969,15.79,0.3933,N,1,0
42,73042,4.0,PERSONAL,A,7757,7.16,0.1062,N,21,0
50,33208,5.0,PERSONAL,B,6560,11.11,0.1975,N,33,0
32,29646,3.0,HOMEIMPROVEMENT,A,16533,5.98,0.5577,Y,15,1
49,27785,5.0,VENTURE,C,5621,13.93,0.2023,N,29,0
54,42792,3.0,PERSONAL,A,7131,7.37,0.1666,N,37,0
32,72010,4.0,HOMEIMPROVEMENT,B,2559,11.2,0.0355,N,11,0
64,35558,1.0,HOMEIMPROVEMENT,A,8931,7.89,0.2512,N,45,0
43,68484,2.0,PERSONAL,A,27882,7.13,0.4071,N,23,1
72,13328,5.0,MEDICAL,C,10141,14.04,0.7609,N,45,0
23,39653,4.0,EDUCATION,A,3120,6.53,0.0787,N,3,0
36,93146,4.0,HOMEIMPROVEMENT,A,42142,5.72,0.4524,N,19,0
59,44621,5.0,PERSONAL,B,6297,9.1,0.1411,Y,39,1
69,31069,7.0,HOMEIMPROVEMENT,B,10246,9.8,0.3298,N,45,0
30,34157,5.0,VENTURE,B,12526,9.97,0.3667,Y,8,0
73,12000,3.0,PERSONAL,B,18180,11.19,1.515,N,45,0
29,28099,3.0,HOMEIMPROVEMENT,B,13798,11.11,0.491,N,6,0
41,87682,4.0,HOMEIMPROVEMENT,B,8983,9.91,0.1024,N,23,0
35,35581,9.0,VENTURE,B,9819,8.7,0.276,N,18,0
42,37968,8.0,MEDICAL,A,6075,7.04,0.16,N,20,0
69,13595,3.0,VENTURE,A,4783,7.29,0.3518,N,45,0
59,19991,6.0,VENTURE,D,7999,16.44,0.4001,N,38,1
63,94327,5.0,PERSONAL,C,29305,12.38,0.3107,N,43,0
32,68838,2.0,EDUCATION,B,4705,10.23,0.0683,Y,14,0
71,24014,4.0,DEBTCONSOLIDATION,B,3923,11.23,0.1634,N,45,0
42,34654,6.0,HOMEIMPROVEMENT,B,11223,10.11,0.3239,N,20,0
55,48240,5.0,PERSONAL,D,20264,16.46,0.4201,N,34,0
57,25390,3.0,HOMEIMPROVEMENT,F,6178,21.3,0.2433,N,36,0
55,16280,5.0,PERSONAL,B,5005,9.93,0.3074,N,33,0
52,44910,5.0,VENTURE,C,12795,13.03,0.2849,N,35,0
45,67166,2.0,EDUCATION,A,11136,5.63,0.1658,N,22,0
54,67881,5.0,EDUCATION,C,28653,14.26,0.4221,N,32,0
69,79330,2.0,MEDICAL,E,23008,18.14,0.29,N,45,1
40,20859,6.0,PERSONAL,A,4084,7.52,0.1958,Y,23,1
47,50607,6.0,DEBTCONSOLIDATION,A,4803,7.44,0.0949,N,25,0
28,42291,4.0,DEBTCONSOLIDATION,D,1403,16.38,0.0332,N,11,0
38,46724,3.0,PERSONAL,B,11336,8.8,0.2426,N,18,0
62,43630,5.0,DEBTCONSOLIDATION,C,5788,13.12,0.1327,Y,44,0
54,34089,6.0,DEBTCONSOLIDATION,B,39670,10.53,1.1637,Y,31,1
30,12000,3.0,PERSONAL,A,6968,8.37,0.5807,N,10,0
49,92874,5.0,PERSONAL,B,7846,10.35,0.0845,N,30,0
64,58776,6.0,MEDICAL,A,6052,5.82,0.103,N,41,0
25,21669,3.0,EDUCATION,B,10535,11.15,0.4862,N,6,0
21,63590,6.0,MEDICAL,A,25460,7.22,0.4004,N,2,0
40,38329,4.0,MEDICAL,D,2263,17.46,0.059,Y,18,1
55,38931,5.0,HOMEIMPROVEMENT,A,21647,7.14,0.556,N,36,0
35,32124,7.0,VENTURE,C,2505,14.38,0.078,N,18,0
64,65861,5.0,MEDICAL,F,8048,22.25,0.1222,N,41,0
66,31574,9.0,MEDICAL,F,4632,23.24,0.1467,N,43,0
48,26815,4.0,DEBTCONSOLIDATION,C,4803,12.46,0.1791,N,31,0
39,91350,8.0,EDUCATION,B,3746,8.81,0.041,N,17,0
20,44427,2.0,PERSONAL,B,13014,11.17,0.2929,N,1,0
64,45201,5.0,EDUCATION,B,7226,11.17,0.1599,N,42,0
69,71743,9.0,HOMEIMPROVEMENT,D,14373,14.67,0.2003,N,45,0
43,33956,4.0,EDUCATION,C,15684,13.6,0.4619,N,24,0
47,37892,10.0,VENTURE,D,8146,16.01,0.215,N,26,0
60,57996,7.0,EDUCATION,A,15642,5.82,0.2697,Y,39,1
57,20999,3.0,EDUCATION,F,10407,23.89,0.4956,N,39,1
25,55359,4.0,HOMEIMPROVEMENT,C,7068,13.1,0.1277,N,2,0
56,32349,3.0,PERSONAL,E,18774,17.56,0.5804,N,35,1
70,78473,8.0,VENTURE,D,27779,15.96,0.354,N,45,0
60,66215,2.0,MEDICAL,C,23851,12.74,0.3602,Y,41,0
45,61574,6.0,HOMEIMPROVEMENT,A,3005,7.5,0.0488,Y,26,0
47,20255,5.0,DEBTCONSOLIDATION,A,10341,6.03,0.5105,N,25,0
32,46310,13.0,PERSONAL,A,24643,7.54,0.5321,N,9,1
55,25655,6.0,EDUCATION,B,4191,8.81,0.1634,Y,37,0
31,48036,5.0,PERSONAL,D,9258,17.42,0.1927,N,10,0
37,13719,6.0,DEBTCONSOLIDATION,A,5850,5.71,0.4264,N,15,0
33,21005,3.0,VENTURE,F,11944,24.01,0.5686,N,16,1
37,94274,2.0,DEBTCONSOLIDATION,C,50000,12.74,0.5304,N,15,0
38,60052,5.0,DEBTCONSOLIDATION,C,9834,12.79,0.1638,N,17,0
22,40352,5.0,DEBTCONSOLIDATION,E,8799,20.9,0.2181,N,1,0
58,29738,3.0,EDUCATION,B,46970,10.2,1.5795,N,40,0
43,27001,6.0,MEDICAL,A,11367,7.69,0.421,N,26,1
72,54725,9.0,EDUCATION,B,6376,10.88,0.1165,N,45,0
28,40578,4.0,MEDICAL,B,3115,10.84,0.0768,N,5,0
56,114766,2.0,MEDICAL,F,21154,21.37,0.1843,N,35,0
28,44284,2.0,DEBTCONSOLIDATION,A,4306,6.9,0.0972,N,8,0
49,50629,2.0,VENTURE,B,8609,11.13,0.17,N,29,0
45,22841,4.0,HOMEIMPROVEMENT,C,13366,13.48,0.5852,N,26,0
43,40199,10.0,HOMEIMPROVEMENT,C,15426,12.29,0.3837,N,23,0
55,54032,6.0,MEDICAL,D,3130,15.79,0.0579,N,38,0
65,39933,5.0,EDUCATION,E,4643,18.56,0.1163,Y,44,1
36,37530,1.0,HOMEIMPROVEMENT,C,11534,12.51,0.3073,N,17,0
66,58676,3.0,EDUCATION,D,3258,15.83,0.0555,N,43,0
28,112775,3.0,MEDICAL,E,15929,18.24,0.1412,N,8,0
34,53089,9.0,PERSONAL,A,3888,7.21,0.0732,N,16,0
35,91977,6.0,MEDICAL,C,8042,12.55,0.0874,N,18,0
72,69001,5.0,MEDICAL,B,6918,8.55,0.1003,N,45,0
24,89000,6.0,DEBTCONSOLIDATION,D,17180,15.09,0.193,N,4,0
40,35054,3.0,EDUCATION,A,6841,8.45,0.1952,N,20,0
42,43747,5.0,EDUCATION,D,16216,16.94,0.3707,Y,23,1
63,43847,6.0,PERSONAL,B,22069,9.98,0.5033,N,40,0
45,66201,3.0,MEDICAL,B,9586,11.01,0.1448,N,23,0
73,75797,7.0,HOMEIMPROVEMENT,C,11699,12.44,0.1543,N,45,0
60,52511,8.0,VENTURE,B,6055,9.57,0.1153,N,37,0
58,79394,3.0,PERSONAL,E,4542,19.32,0.0572,N,39,0
60,35960,6.0,EDUCATION,D,4006,15.14,0.1114,N,43,1
27,79774,9.0,EDUCATION,A,10587,7.87,0.1327,N,4,0
43,85707,4.0,VENTURE,A,6601,6.64,0.077,N,24,0
51,71155,7.0,HOMEIMPROVEMENT,C,13264,11.79,0.1864,Y,30,1
29,52775,5.0,DEBTCONSOLIDATION,B,8029,9.2,0.1521,Y,9,0
24,72571,5.0,EDUCATION,A,6941,6.98,0.0956,N,2,0
25,29980,9.0,PERSONAL,B,8610,10.31,0.2872,N,3,0
62,54671,3.0,MEDICAL,A,2223,7.68,0.0407,N,39,0
55,57831,4.0,VENTURE,A,18755,6.41,0.3243,Y,32,0
34,23594,9.0,VENTURE,A,7669,7.38,0.325,Y,17,1
60,63641,3.0,HOMEIMPROVEMENT,D,7492,15.19,0.1177,N,43,0
57,24665,5.0,EDUCATION,D,30071,16.34,1.2192,N,34,1
64,38740,8.0,HOMEIMPROVEMENT,D,7891,15.66,0.2037,N,41,0
69,50104,5.0,VENTURE,A,14884,7.74,0.2971,N,45,0
68,32797,8.0,PERSONAL,C,2486,14.19,0.0758,N,45,0
28,51297,2.0,DEBTCONSOLIDATION,C,6322,13.72,0.1232,N,11,0
61,50848,2.0,EDUCATION,C,22095,13.38,0.4345,Y,44,1
40,31222,2.0,PERSONAL,A,18159,5.45,0.5816,N,19,0
40,66995,4.0,MEDICAL,A,15810,7.28,0.236,N,23,0
54,32199,6.0,MEDICAL,A,5599,6.89,0.1739,N,34,0
52,172540,10.0,MEDICAL,A,11600,5.1,0.0672,N,33,0
41,46156,6.0,HOMEIMPROVEMENT,C,7517,11.87,0.1629,N,23,0
74,25739,3.0,PERSONAL,B,12582,9.53,0.4888,Y,45,1
27,28527,3.0,HOMEIMPROVEMENT,B,18349,9.95,0.6432,Y,7,1
23,92149,4.0,MEDICAL,C,11334,14.26,0.123,N,1,0
19,39142,4.0,PERSONAL,B,20610,9.09,0.5265,Y,1,1
64,23154,7.0,DEBTCONSOLIDATION,B,21509,8.65,0.929,N,41,0
41,78397,5.0,DEBTCONSOLIDATION,E,4313,20.07,0.055,N,19,0
42,39004,6.0,EDUCATION,C,2548,13.68,0.0653,N,23,0
55,70219,3.0,MEDICAL,C,20330,13.84,0.2895,N,38,0
42,82007,5.0,EDUCATION,A,10467,7.68,0.1276,N,25,0
50,57008,8.0,MEDICAL,C,26562,13.31,0.4659,Y,28,1
21,183092,5.0,EDUCATION,B,12609,10.01,0.0689,N,1,0
26,18984,4.0,EDUCATION,E,30185,17.94,1.59,N,8,0
71,31261,2.0,EDUCATION,C,16914,14.07,0.5411,N,45,0
43,42583,6.0,MEDICAL,D,13026,16.7,0.3059,N,21,0
27,170015,3.0,PERSONAL,C,7482,13.95,0.044,N,10,0
39,131781,4.0,MEDICAL,B,6856,11.5,0.052,N,16,0
37,99586,6.0,PERSONAL,C,2844,14.42,0.0286,N,16,0
33,31673,5.0,PERSONAL,E,15361,18.4,0.485,N,10,1
34,33771,6.0,EDUCATION,B,5537,11.07,0.164,N,17,0
59,31079,3.0,HOMEIMPROVEMENT,A,8166,7.49,0.2627,N,40,0
24,31860,8.0,EDUCATION,B,9611,11.2,0.3017,N,5,0
35,111411,3.0,HOMEIMPROVEMENT,D,6711,17.4,0.0602,N,18,0
44,42870,3.0,DEBTCONSOLIDATION,A,11216,6.29,0.2616,N,26,0
48,46104,5.0,DEBTCONSOLIDATION,E,1781,19.18,0.0386,N,26,0
68,75050,2.0,EDUCATION,C,10052,11.93,0.1339,N,45,0
70,19634,5.0,DEBTCONSOLIDATION,C,15700,11.52,0.7996,N,45,0
34,50460,7.0,HOMEIMPROVEMENT,A,2843,7.92,0.0563,Y,12,1
48,26815,6.0,PERSONAL,B,6023,11.17,0.2246,N,25,0
19,41692,9.0,DEBTCONSOLIDATION,A,26334,5.44,0.6316,Y,2,1
53,35506,11.0,DEBTCONSOLIDATION,C,9225,11.93,0.2598,N,35,0
26,34513,3.0,HOMEIMPROVEMENT,B,5952,8.93,0.1725,Y,7,1
22,55496,7.0,VENTURE,B,16897,9.48,0.3045,Y,3,0
56,55363,7.0,DEBTCONSOLIDATION,B,4415,11.28,0.0797,Y,34,0
28,43438,3.0,PERSONAL,B,4702,9.79,0.1082,Y,7,1
45,60106,5.0,HOMEIMPROVEMENT,C,5020,13.38,0.0835,N,24,0
23,30401,7.0,DEBTCONSOLIDATION,E,26434,18.51,0.8695,Y,3,1
60,71315,7.0,MEDICAL,F,4720,21.24,0.0662,N,37,0
61,43765,2.0,EDUCATION,C,9355,12.84,0.2138,N,40,0
50,37570,4.0,MEDICAL,A,22430,6.61,0.597,N,28,0
65,31662,4.0,DEBTCONSOLIDATION,A,4782,6.5,0.151,Y,43,1
42,42925,3.0,HOMEIMPROVEMENT,F,2793,21.92,0.0651,Y,22,1
28,137152,3.0,MEDICAL,C,45004,12.65,0.3281,N,8,0
26,47343,5.0,PERSONAL,C,10855,11.59,0.2293,N,9,0
30,26123,6.0,VENTURE,A,6215,7.85,0.2379,N,7,0
29,81255,9.0,EDUCATION,E,8807,19.38,0.1084,N,11,0
36,37814,9.0,DEBTCONSOLIDATION,A,16889,7.97,0.4466,N,15,0
30,57300,2.0,MEDICAL,B,3228,11.02,0.0563,N,12,0
51,35132,4.0,VENTURE,B,7036,10.56,0.2003,N,34,0
26,99153,6.0,DEBTCONSOLIDATION,B,17559,9.78,0.1771,N,8,0
53,35421,6.0,HOMEIMPROVEMENT,B,28407,9.1,0.802,N,30,0
37,105748,5.0,MEDICAL,A,28207,6.56,0.2667,N,18,0
57,27526,5.0,MEDICAL,A,10691,7.01,0.3884,N,40,0
47,41726,7.0,DEBTCONSOLIDATION,A,29171,6.54,0.6991,N,25,0
69,105873,6.0,DEBTCONSOLIDATION,A,2913,7.7,0.0275,N,45,0
43,53771,4.0,MEDICAL,B,10977,11.2,0.2041,Y,24,1
34,170980,7.0,EDUCATION,A,1501,8.07,0.0088,N,17,0
51,42275,5.0,HOMEIMPROVEMENT,B,27468,9.87,0.6497,N,30,0
55,56464,8.0,PERSONAL,A,13553,8.08,0.24,N,35,0
43,139780,6.0,EDUCATION,B,35116,9.96,0.2512,N,22,0
49,21318,2.0,PERSONAL,C,6413,12.54,0.3008,Y,29,1
44,19915,3.0,HOMEIMPROVEMENT,B,3770,11.03,0.1893,N,22,0
35,31649,4.0,PERSONAL,B,17440,10.57,0.551,N,16,0
35,76676,6.0,MEDICAL,F,8802,22.72,0.1148,N,14,0
69,20223,5.0,DEBTCONSOLIDATION,B,21560,9.46,1.0661,Y,45,1
56,68075,2.0,EDUCATION,B,17253,8.86,0.2534,N,36,0
23,65492,7.0,HOMEIMPROVEMENT,C,7959,12.28,0.1215,Y,4,1
72,148436,4.0,PERSONAL,A,9675,5.24,0.0652,Y,45,0
58,87117,5.0,PERSONAL,B,8371,9.7,0.0961,N,39,0
20,59887,7.0,EDUCATION,A,10086,6.31,0.1684,Y,2,0
59,103520,6.0,HOMEIMPROVEMENT,A,6905,6.56,0.0667,N,41,0
51,65933,6.0,VENTURE,D,15186,16.3,0.2303,Y,34,1
70,38061,5.0,HOMEIMPROVEMENT,A,2923,7.37,0.0768,N,45,0
45,26120,4.0,EDUCATION,B,2541,9.88,0.0973,N,22,0
47,35841,10.0,PERSONAL,C,7209,13.95,0.2011,N,26,0
35,47952,6.0,MEDICAL,F,6351,22.03,0.1324,N,15,0
36,53974,6.0,PERSONAL,C,6830,11.56,0.1265,N,17,0
53,15148,8.0,MEDICAL,D,23557,15.25,1.5551,N,36,1
65,43444,5.0,DEBTCONSOLIDATION,A,10819,5.2,0.249,N,42,0
68,49797,1.0,VENTURE,A,17008,7.56,0.3415,N,45,0
61,66247,6.0,MEDICAL,B,14216,9.81,0.2146,N,39,0
52,119939,3.0,PERSONAL,C,28428,12.98,0.237,N,34,0
46,54290,7.0,MEDICAL,B,6308,8.56,0.1162,N,23,0
37,29724,5.0,MEDICAL,C,14774,12.2,0.497,N,14,1
61,18034,3.0,MEDICAL,C,8490,12.35,0.4708,N,43,1
36,71528,9.0,MEDICAL,C,4541,13.06,0.0635,N,14,0
33,30394,4.0,DEBTCONSOLIDATION,E,4210,18.94,0.1385,N,10,0
67,78965,3.0,PERSONAL,A,8462,6.56,0.1072,N,45,0
51,105723,6.0,EDUCATION,B,20681,9.13,0.1956,N,32,0
38,20968,4.0,PERSONAL,D,6566,15.5,0.3131,N,19,0
67,66478,3.0,EDUCATION,B,6932,9.5,0.1043,N,45,0
72,99801,4.0,PERSONAL,D,6076,15.81,0.0609,N,45,0
36,85859,5.0,EDUCATION,A,4262,8.13,0.0496,Y,17,0
47,15475,6.0,EDUCATION,B,7033,11.13,0.4545,N,28,0
45,30653,1.0,HOMEIMPROVEMENT,D,21809,17.42,0.7115,N,25,1
57,24243,6.0,DEBTCONSOLIDATION,C,11880,14.19,0.49,N,35,0
72,65375,7.0,MEDICAL,A,6625,7.01,0.1013,N,45,0
49,61533,12.0,HOMEIMPROVEMENT,C,7577,12.8,0.1231,N,27,0
63,12000,9.0,EDUCATION,B,12487,9.14,1.0406,N,40,1
51,41545,3.0,EDUCATION,F,6474,23.92,0.1558,N,32,0
68,76145,10.0,PERSONAL,C,18407,13.58,0.2417,N,45,0
41,53177,10.0,EDUCATION,B,23543,9.72,0.4427,N,24,1
39,53127,3.0,HOMEIMPROVEMENT,B,4403,11.48,0.0829,N,22,0
42,40104,8.0,VENTURE,A,7995,5.1,0.1994,Y,20,0
74,27380,3.0,PERSONAL,C,13086,13.51,0.4779,N,45,0
52,48563,4.0,HOMEIMPROVEMENT,D,24603,15.16,0.5066,N,30,0
26,50445,6.0,PERSONAL,C,1593,14.0,0.0316,N,8,0
20,68760,2.0,PERSONAL,C,6326,13.39,0.092,N,1,0
47,71903,3.0,PERSONAL,A,1662,7.6,0.0231,N,28,0
63,51391,6.0,VENTURE,A,16811,5.91,0.3271,Y,45,0
45,89518,9.0,EDUCATION,E,9902,19.53,0.1106,N,25,0
49,39886,4.0,DEBTCONSOLIDATION,B,20295,10.42,0.5088,N,30,0
63,22154,4.0,PERSONAL,D,8374,16.66,0.378,N,44,0
47,63728,4.0,DEBTCONSOLIDATION,E,8430,19.86,0.1323,N,25,0
69,52549,4.0,PERSONAL,A,12709,5.91,0.2419,N,45,0
54,64428,6.0,DEBTCONSOLIDATION,D,10466,16.51,0.1624,N,34,0
59,24454,5.0,PERSONAL,A,6842,8.11,0.2798,N,42,0
62,131260,10.0,PERSONAL,D,18240,17.41,0.139,N,40,0
53,72459,4.0,EDUCATION,A,21486,6.27,0.2965,N,34,0
20,41839,3.0,EDUCATION,D,12392,15.73,0.2962,N,1,0
42,29304,3.0,HOMEIMPROVEMENT,B,26038,9.48,0.8885,N,21,0
26,88648,6.0,DEBTCONSOLIDATION,B,27768,10.84,0.3132,Y,5,0
47,26742,6.0,EDUCATION,C,6513,12.81,0.2435,N,26,0
26,170033,5.0,EDUCATION,D,9992,14.64,0.0588,N,6,0
47,34987,8.0,EDUCATION,B,12831,10.72,0.3667,N,27,0
37,126282,5.0,DEBTCONSOLIDATION,F,3223,24.53,0.0255,N,14,0
19,44291,6.0,PERSONAL,D,10608,16.57,0.2395,N,1,0
25,116939,5.0,MEDICAL,B,8993,8.63,0.0769,N,3,0
46,32722,1.0,EDUCATION,A,5860,5.51,0.1791,N,26,0
22,49531,5.0,EDUCATION,A,11708,5.9,0.2364,N,1,0
66,76314,2.0,EDUCATION,C,5088,12.73,0.0667,N,43,0
61,70554,8.0,HOMEIMPROVEMENT,D,3318,17.09,0.047,N,40,0
58,89807,3.0,EDUCATION,E,1848,20.17,0.0206,N,38,0
27,37492,2.0,DEBTCONSOLIDATION,B,2948,9.85,0.0786,N,5,0
63,51361,5.0,VENTURE,A,4203,7.16,0.0818,N,41,0
54,97403,4.0,EDUCATION,C,10010,13.93,0.1028,N,36,0
40,33259,5.0,PERSONAL,B,12327,10.75,0.3706,N,17,0
18,67164,7.0,PERSONAL,C,6421,13.7,0.0956,N,1,0
48,43454,5.0,MEDICAL,B,14966,8.8,0.3444,N,29,0
63,54897,6.0,HOMEIMPROVEMENT,C,12205,13.72,0.2223,N,45,0
19,51354,5.0,EDUCATION,A,5207,8.13,0.1014,N,1,0
20,31775,11.0,EDUCATION,A,4988,5.13,0.157,N,1,0
39,42472,7.0,DEBTCONSOLIDATION,A,23090,6.01,0.5437,N,17,0
47,53088,8.0,MEDICAL,E,6773,20.73,0.1276,N,30,0
45,46327,10.0,PERSONAL,D,33012,15.65,0.7126,Y,24,1
42,116425,8.0,PERSONAL,D,4014,15.62,0.0345,N,23,0
32,85431,4.0,HOMEIMPROVEMENT,C,8160,13.28,0.0955,N,14,0
21,57497,3.0,MEDICAL,B,3355,10.07,0.0584,N,4,0
19,32217,3.0,HOMEIMPROVEMENT,A,2412,7.9,0.0749,Y,1,1
23,31156,7.0,MEDICAL,C,6012,11.58,0.193,N,2,0
57,145160,3.0,PERSONAL,B,16036,10.57,0.1105,N,37,0
62,28129,5.0,EDUCATION,C,6179,12.7,0.2197,Y,44,0
42,52188,9.0,PERSONAL,B,14552,9.86,0.2788,N,19,0
22,59785,7.0,PERSONAL,A,5215,6.73,0.0872,Y,1,0
41,41306,6.0,VENTURE,C,24889,13.9,0.6026,N,18,1
74,28248,6.0,HOMEIMPROVEMENT,F,5416,23.25,0.1917,N,45,0
32,31834,9.0,VENTURE,B,27064,9.24,0.8502,N,14,0
45,36294,9.0,DEBTCONSOLIDATION,A,10006,6.12,0.2757,N,24,0
48,33182,6.0,DEBTCONSOLIDATION,C,4673,14.02,0.1408,N,30,0
36,101747,3.0,DEBTCONSOLIDATION,B,5285,9.69,0.0519,N,19,0
42,48775,5.0,HOMEIMPROVEMENT,C,12630,13.69,0.2589,N,23,0
44,36750,2.0,MEDICAL,D,4347,16.38,0.1183,N,22,0
45,51991,8.0,EDUCATION,A,11702,6.0,0.2251,N,23,0
58,70783,10.0,PERSONAL,A,5793,5.66,0.0818,Y,38,0
51,40556,3.0,DEBTCONSOLIDATION,B,4494,10.57,0.1108,N,28,0
21,80506,5.0,EDUCATION,A,5307,6.82,0.0659,Y,1,1
18,24364,6.0,PERSONAL,A,3206,7.6,0.1316,Y,1,1
41,93359,6.0,PERSONAL,B,10462,10.67,0.1121,N,19,0
69,48780,6.0,EDUCATION,B,10991,9.56,0.2253,N,45,0
20,47743,7.0,HOMEIMPROVEMENT,B,5592,11.49,0.1171,Y,1,0
22,33484,8.0,DEBTCONSOLIDATION,C,5463,14.27,0.1632,Y,3,0
56,24951,8.0,EDUCATION,E,3324,19.07,0.1332,N,33,0
43,19600,4.0,HOMEIMPROVEMENT,E,6049,18.73,0.3086,N,25,0
31,32224,4.0,MEDICAL,B,12955,9.81,0.402,N,12,0
29,67725,4.0,EDUCATION,C,5776,11.92,0.0853,N,12,0
55,28891,4.0,EDUCATION,B,11184,10.3,0.3871,Y,36,1
47,20917,6.0,EDUCATION,C,14178,14.3,0.6778,N,29,0
54,29733,8.0,PERSONAL,B,4082,9.08,0.1373,N,37,0
33,39669,6.0,VENTURE,A,43664,7.5,1.1007,N,14,0
48,40537,5.0,PERSONAL,B,17853,10.32,0.4404,N,25,0
67,45665,2.0,DEBTCONSOLIDATION,F,7332,21.68,0.1606,N,45,0
36,86502,7.0,HOMEIMPROVEMENT,A,2754,6.76,0.0318,N,16,0
40,97449,4.0,EDUCATION,D,4594,17.45,0.0471,N,22,0
27,147709,6.0,MEDICAL,B,36968,9.41,0.2503,N,5,0
54,20056,5.0,EDUCATION,C,12942,14.36,0.6453,N,31,0
19,30615,1.0,DEBTCONSOLIDATION,B,6438,10.0,0.2103,N,1,0
32,71981,6.0,MEDICAL,C,6902,14.24,0.0959,N,10,0
58,38188,5.0,DEBTCONSOLIDATION,D,25251,17.36,0.6612,N,37,1
19,78702,5.0,HOMEIMPROVEMENT,A,12784,6.26,0.1624,N,1,0
74,54935,7.0,HOMEIMPROVEMENT,C,7180,13.69,0.1307,N,45,0
41,116840,5.0,VENTURE,A,2998,7.3,0.0257,N,24,0
40,86985,6.0,VENTURE,E,8290,19.49,0.0953,N,21,0
48,87865,4.0,EDUCATION,B,14397,9.2,0.1639,N,29,0
54,39084,7.0,PERSONAL,B,13473,10.22,0.3447,N,36,0
44,46462,3.0,MEDICAL,C,4660,11.81,0.1003,N,27,0
68,41444,1.0,HOMEIMPROVEMENT,C,9403,13.71,0.2269,N,45,0
72,21413,6.0,PERSONAL,B,14121,11.31,0.6595,N,45,0
29,110136,8.0,MEDICAL,E,25953,18.54,0.2356,N,7,0
58,73862,9.0,EDUCATION,E,7397,18.98,0.1001,N,36,0
35,40547,3.0,MEDICAL,B,33546,9.36,0.8273,N,14,1
74,100461,2.0,PERSONAL,C,13622,12.72,0.1356,N,45,0
32,34658,4.0,VENTURE,A,6379,6.29,0.1841,Y,10,0
34,17836,10.0,VENTURE,B,4718,11.44,0.2645,N,14,0
58,85310,7.0,MEDICAL,D,2077,14.56,0.0243,N,37,0
62,24265,4.0,EDUCATION,A,4751,7.38,0.1958,N,40,0
25,44016,9.0,EDUCATION,A,27497,7.69,0.6247,N,7,0
49,54905,7.0,PERSONAL,C,7021,11.98,0.1279,N,30,0
37,60597,4.0,DEBTCONSOLIDATION,B,3068,10.09,0.0506,N,20,0
52,78168,3.0,EDUCATION,D,5327,15.48,0.0681,N,29,0
49,67472,6.0,MEDICAL,E,9892,18.24,0.1466,N,29,0
74,66332,2.0,MEDICAL,B,7541,9.63,0.1137,N,45,0
71,31732,5.0,VENTURE,F,12500,21.59,0.3939,N,45,0
55,57632,1.0,HOMEIMPROVEMENT,C,7597,13.82,0.1318,N,33,0
56,21417,5.0,EDUCATION,B,6325,8.55,0.2953,N,38,0
69,115748,7.0,MEDICAL,B,9161,10.79,0.0791,Y,45,0
28,22665,9.0,DEBTCONSOLIDATION,E,4334,17.78,0.1912,Y,11,1
59,40516,6.0,PERSONAL,A,10822,6.55,0.2671,N,38,0
62,23732,6.0,MEDICAL,B,4775,9.28,0.2012,N,45,0
25,32807,8.0,PERSONAL,B,8402,10.41,0.2561,N,2,0
68,49384,6.0,PERSONAL,B,11943,11.39,0.2418,N,45,0
57,36650,7.0,PERSONAL,C,7402,12.11,0.202,N,34,0
37,91980,11.0,EDUCATION,A,9393,7.27,0.1021,N,14,0
45,55536,3.0,MEDICAL,C,15493,12.98,0.279,N,22,0
45,38002,5.0,HOMEIMPROVEMENT,E,5761,20.23,0.1516,N,22,0
70,45548,4.0,DEBTCONSOLIDATION,B,31008,10.15,0.6808,N,45,0
73,95878,4.0,DEBTCONSOLIDATION,B,3945,9.91,0.0411,Y,45,0
63,80811,4.0,DEBTCONSOLIDATION,A,22590,7.85,0.2795,N,44,0
55,26204,7.0,MEDICAL,C,12904,14.37,0.4924,N,38,0
23,33713,6.0,MEDICAL,C,13259,14.35,0.3933,N,5,0
70,63648,8.0,MEDICAL,C,19394,11.82,0.3047,N,45,0
25,59536,5.0,DEBTCONSOLIDATION,E,9699,20.69,0.1629,N,7,0
27,27509,10.0,MEDICAL,B,11023,10.41,0.4007,N,7,0
21,74014,4.0,HOMEIMPROVEMENT,C,10176,14.31,0.1375,N,1,0
72,30032,8.0,PERSONAL,E,17570,20.0,0.585,N,45,1
46,100418,7.0,DEBTCONSOLIDATION,C,19922,12.09,0.1984,N,24,0
31,65591,5.0,MEDICAL,C,9692,13.73,0.1478,Y,9,1
22,26303,5.0,VENTURE,C,7579,11.93,0.2881,N,3,0
41,36644,6.0,HOMEIMPROVEMENT,A,4681,6.68,0.1277,N,20,0
59,36295,8.0,PERSONAL,A,11157,5.57,0.3074,N,41,0
74,53526,3.0,PERSONAL,A,6935,7.49,0.1296,N,45,0
49,43818,5.0,DEBTCONSOLIDATION,C,2799,12.65,0.0639,N,32,0
52,26107,7.0,PERSONAL,B,8873,11.48,0.3399,N,35,0
65,22769,5.0,PERSONAL,D,10073,16.65,0.4424,N,45,1
69,66301,0.0,DEBTCONSOLIDATION,A,16984,8.31,0.2562,N,45,0
33,57378,5.0,EDUCATION,C,9534,14.45,0.1662,Y,15,1
74,51950,5.0,HOMEIMPROVEMENT,A,4705,7.93,0.0906,N,45,0
47,56891,6.0,DEBTCONSOLIDATION,B,19768,10.46,0.3475,N,24,0
71,34877,5.0,PERSONAL,D,2254,16.32,0.0646,N,45,0
24,54241,2.0,PERSONAL,B,3289,10.07,0.0606,N,1,0
23,198030,7.0,PERSONAL,B,8006,9.3,0.0404,N,1,0
68,93527,8.0,EDUCATION,D,7705,16.79,0.0824,N,45,0
56,41830,7.0,PERSONAL,A,8044,6.04,0.1923,N,36,0
27,36759,6.0,DEBTCONSOLIDATION,A,5306,6.1,0.1443,N,8,0
69,12000,6.0,DEBTCONSOLIDATION,D,18394,16.59,1.5328,N,45,1
23,88237,5.0,MEDICAL,B,8205,10.15,0.093,N,5,0
56,75556,5.0,EDUCATION,D,3600,16.93,0.0476,N,33,0
29,36348,3.0,EDUCATION,D,12173,15.71,0.3349,N,10,0
22,22304,3.0,HOMEIMPROVEMENT,C,5405,13.34,0.2423,N,1,0
63,25967,5.0,PERSONAL,F,4799,22.02,0.1848,N,44,0
66,62593,6.0,PERSONAL,B,8769,10.65,0.1401,N,45,0
24,46670,5.0,EDUCATION,A,28698,6.75,0.6149,N,6,0
23,71709,3.0,MEDICAL,B,2036,8.56,0.0284,N,4,0
53,51407,9.0,VENTURE,D,2931,16.86,0.057,Y,36,1
19,83426,8.0,DEBTCONSOLIDATION,C,4878,11.99,0.0585,N,1,0
60,60070,6.0,PERSONAL,C,29479,12.25,0.4907,N,38,1
70,77330,4.0,EDUCATION,A,4197,7.7,0.0543,N,45,0
60,15532,7.0,EDUCATION,C,18861,12.17,1.2143,N,42,0
31,24862,3.0,PERSONAL,C,16711,12.49,0.6722,N,8,0
28,40119,4.0,HOMEIMPROVEMENT,D,19922,15.38,0.4966,N,6,1
56,88766,2.0,MEDICAL,C,4802,12.03,0.0541,N,34,0
21,137901,4.0,VENTURE,B,9701,9.34,0.0703,N,1,0
48,44786,4.0,MEDICAL,A,14857,5.94,0.3317,N,29,0
43,35018,5.0,EDUCATION,A,11980,8.17,0.3421,Y,23,1
60,16726,4.0,PERSONAL,B,50000,10.19,2.9894,N,37,0
29,78822,2.0,DEBTCONSOLIDATION,E,34776,17.98,0.4412,N,9,1
61,36221,5.0,PERSONAL,B,20803,10.97,0.5743,N,43,1
57,249467,5.0,MEDICAL,A,15187,6.72,0.0609,Y,39,0
31,32641,2.0,DEBTCONSOLIDATION,E,16033,19.66,0.4912,N,14,1
38,156045,3.0,EDUCATION,C,20012,12.37,0.1282,Y,18,1
21,73983,9.0,MEDICAL,B,32301,10.18,0.4366,N,1,1
43,27846,6.0,HOMEIMPROVEMENT,A,5415,7.27,0.1945,N,23,0
32,55696,8.0,EDUCATION,A,21693,6.21,0.3895,Y,14,1
24,74926,3.0,EDUCATION,B,11451,11.08,0.1528,N,2,0
49,43308,7.0,PERSONAL,D,19885,16.92,0.4592,N,27,1
50,77721,3.0,PERSONAL,C,10152,13.74,0.1306,N,31,0
22,76785,8.0,EDUCATION,A,7003,5.54,0.0912,N,3,0
28,68049,5.0,VENTURE,A,7088,6.26,0.1042,N,9,0
22,48578,9.0,PERSONAL,C,10452,11.56,0.2152,N,2,0
56,25688,3.0,HOMEIMPROVEMENT,B,13949,9.69,0.543,N,33,0
37,46993,6.0,MEDICAL,C,7215,12.68,0.1535,Y,16,0
22,54005,4.0,MEDICAL,E,3477,18.11,0.0644,Y,2,0
28,17468,2.0,EDUCATION,C,15448,13.24,0.8844,N,7,1
73,53802,2.0,VENTURE,C,8945,12.36,0.1663,N,45,0
32,46479,2.0,HOMEIMPROVEMENT,D,2260,17.46,0.0486,N,10,0
57,24025,3.0,PERSONAL,B,3159,9.38,0.1315,N,36,0
44,40816,6.0,DEBTCONSOLIDATION,C,11848,12.5,0.2903,N,25,0
28,41294,3.0,MEDICAL,D,15364,14.88,0.3721,Y,7,1
35,141711,6.0,VENTURE,D,21208,16.71,0.1497,N,16,0
18,55329,4.0,MEDICAL,B,6772,10.29,0.1224,N,1,0
60,86666,3.0,PERSONAL,B,6213,9.29,0.0717,N,39,0
37,45945,6.0,MEDICAL,A,14318,6.1,0.3116,N,19,0
46,17489,7.0,PERSONAL,D,5344,15.11,0.3056,N,23,0
26,70954,8.0,MEDICAL,C,5468,12.08,0.0771,N,8,0
64,34132,6.0,DEBTCONSOLIDATION,C,11130,12.26,0.3261,N,43,0
30,40758,3.0,MEDICAL,A,11771,8.06,0.2888,Y,7,1
50,27470,5.0,PERSONAL,B,14269,8.55,0.5194,N,28,1
67,51022,6.0,MEDICAL,A,10523,5.46,0.2062,N,45,0
58,88066,2.0,EDUCATION,B,4825,8.91,0.0548,N,37,0
52,81879,1.0,DEBTCONSOLIDATION,F,7570,23.53,0.0925,N,30,0
68,117289,1.0,MEDICAL,C,10281,14.15,0.0877,N,45,0
28,126801,8.0,HOMEIMPROVEMENT,C,23603,12.39,0.1861,N,5,0
72,15911,4.0,MEDICAL,C,15749,12.72,0.9898,Y,45,1
49,25425,11.0,EDUCATION,C,10943,12.01,0.4304,N,31,0
41,18133,5.0,VENTURE,E,15320,18.28,0.8449,N,21,1
32,69394,8.0,PERSONAL,E,24029,19.13,0.3463,N,9,0
60,33483,2.0,HOMEIMPROVEMENT,A,3942,8.06,0.1177,N,43,0
73,37457,6.0,DEBTCONSOLIDATION,A,9981,7.82,0.2665,N,45,0
57,43515,5.0,MEDICAL,A,3129,7.14,0.0719,N,37,0
19,60500,3.0,EDUCATION,E,9864,19.44,0.163,N,1,0
44,21656,7.0,PERSONAL,D,6984,16.44,0.3225,N,24,0
59,24529,2.0,HOMEIMPROVEMENT,E,25206,18.93,1.0276,N,41,1
40,49055,4.0,PERSONAL,A,22010,6.34,0.4487,N,17,0
62,94779,3.0,MEDICAL,C,41115,13.19,0.4338,N,40,1
58,48340,6.0,HOMEIMPROVEMENT,A,8106,5.2,0.1677,Y,39,1
21,31716,6.0,HOMEIMPROVEMENT,A,11758,8.17,0.3707,N,1,0
49,15040,1.0,PERSONAL,D,9517,16.23,0.6328,N,31,1
27,82782,6.0,VENTURE,C,24863,13.2,0.3003,N,4,0
45,32703,3.0,PERSONAL,B,9704,9.77,0.2967,N,23,0
39,26079,6.0,EDUCATION,A,5067,8.05,0.1943,N,21,0
63,19083,5.0,EDUCATION,B,3010,8.77,0.1577,N,40,0
67,22214,7.0,MEDICAL,B,23916,10.09,1.0766,N,45,1
44,28892,4.0,VENTURE,B,12468,9.47,0.4315,Y,23,1
48,42986,2.0,DEBTCONSOLIDATION,A,11339,5.79,0.2638,N,30,0
53,25214,9.0,PERSONAL,A,29116,7.89,1.1548,N,30,0
55,54292,3.0,VENTURE,C,10990,13.76,0.2024,Y,36,1
54,42806,4.0,PERSONAL,C,3509,13.54,0.082,N,31,0
62,166391,6.0,EDUCATION,B,4124,9.01,0.0248,N,43,0
73,19197,4.0,HOMEIMPROVEMENT,B,15133,10.64,0.7883,Y,45,1
65,53573,7.0,PERSONAL,D,16341,15.52,0.305,N,45,0
25,53944,4.0,PERSONAL,A,47371,7.21,0.8782,N,8,0
45,27811,4.0,EDUCATION,A,10491,6.86,0.3772,N,26,0
44,51657,6.0,MEDICAL,B,37706,9.35,0.7299,N,21,1
47,74852,1.0,EDUCATION,A,4635,6.44,0.0619,N,25,0
48,51692,8.0,MEDICAL,B,6096,9.71,0.1179,N,31,0
58,104972,4.0,HOMEIMPROVEMENT,B,4762,10.04,0.0454,N,41,0
41,14798,11.0,VENTURE,A,11977,7.85,0.8094,N,24,0
33,30846,2.0,HOMEIMPROVEMENT,B,23963,9.96,0.7769,N,11,0
44,110335,5.0,MEDICAL,C,9141,14.33,0.0828,N,22,0
66,80952,3.0,MEDICAL,C,5336,12.84,0.0659,N,45,0
35,65991,5.0,PERSONAL,A,16087,7.85,0.2438,N,13,0
19,96593,3.0,DEBTCONSOLIDATION,B,9470,9.78,0.098,N,1,0
73,17083,3.0,VENTURE,B,16292,10.24,0.9537,N,45,1
29,75931,2.0,EDUCATION,A,9735,6.06,0.1282,N,11,0
52,88027,4.0,VENTURE,E,9703,20.82,0.1102,N,32,0
63,34122,7.0,MEDICAL,A,42839,6.53,1.2555,N,41,0
33,208163,7.0,EDUCATION,C,4964,12.24,0.0238,N,12,0
37,54611,5.0,VENTURE,A,13870,7.0,0.254,N,19,0
33,14676,9.0,EDUCATION,B,17142,10.52,1.168,N,14,0
26,60457,4.0,DEBTCONSOLIDATION,A,21682,7.62,0.3586,N,9,0
26,32993,6.0,MEDICAL,A,4809,5.38,0.1458,N,6,0
28,93036,3.0,MEDICAL,A,13627,5.51,0.1465,N,9,0
44,66261,6.0,PERSONAL,C,7405,12.3,0.1118,N,25,0
48,35282,9.0,DEBTCONSOLIDATION,A,9800,6.85,0.2778,N,31,0
18,112010,10.0,VENTURE,B,7591,9.68,0.0678,N,1,0
66,82182,7.0,PERSONAL,A,7132,8.46,0.0868,N,45,0
56,31090,2.0,MEDICAL,C,30469,14.29,0.98,N,39,0
22,45088,6.0,EDUCATION,A,20921,5.44,0.464,N,1,0
66,65140,8.0,MEDICAL,C,3875,11.61,0.0595,N,45,0
19,40121,6.0,EDUCATION,C,8441,13.88,0.2104,N,1,0
49,40785,3.0,HOMEIMPROVEMENT,A,9349,7.65,0.2292,N,26,0
44,50021,7.0,MEDICAL,C,26482,13.71,0.5294,N,22,1
46,27277,2.0,MEDICAL,A,4534,7.79,0.1662,N,23,0
72,14356,5.0,PERSONAL,A,6270,7.82,0.4368,N,45,1
70,55911,3.0,DEBTCONSOLIDATION,A,6012,6.5,0.1075,N,45,0
33,16417,3.0,EDUCATION,F,2556,22.33,0.1557,N,15,1
51,28391,4.0,PERSONAL,B,2576,11.28,0.0907,N,29,0
72,18501,5.0,EDUCATION,D,12001,16.99,0.6487,N,45,0
59,19798,6.0,PERSONAL,B,5924,8.76,0.2992,N,36,0
68,61975,7.0,EDUCATION,D,11718,15.56,0.1891,N,45,0
42,43378,0.0,HOMEIMPROVEMENT,D,3230,14.51,0.0745,N,20,0
34,42526,6.0,EDUCATION,A,4476,6.12,0.1053,N,15,0
47,23771,4.0,MEDICAL,B,7358,10.61,0.3095,N,25,0
64,34176,8.0,HOMEIMPROVEMENT,A,3500,5.89,0.1024,N,44,0
70,60297,6.0,MEDICAL,B,8017,8.85,0.133,N,45,0
57,47636,4.0,HOMEIMPROVEMENT,F,7937,21.6,0.1666,N,38,0
58,77070,6.0,MEDICAL,B,7466,8.88,0.0969,Y,38,1
47,83349,3.0,EDUCATION,A,3784,6.09,0.0454,N,25,0
36,42671,3.0,MEDICAL,B,22483,10.33,0.5269,N,19,0
42,17698,3.0,DEBTCONSOLIDATION,C,4232,11.52,0.2391,N,25,0
46,32333,5.0,PERSONAL,B,8716,10.88,0.2696,N,24,0
64,46456,6.0,DEBTCONSOLIDATION,B,8751,8.61,0.1884,N,41,0
49,31982,5.0,VENTURE,D,10083,17.15,0.3153,N,28,0
63,27445,7.0,DEBTCONSOLIDATION,B,3741,11.17,0.1363,N,40,0
19,50937,5.0,EDUCATION,D,11929,15.74,0.2342,N,1,0
61,186589,6.0,EDUCATION,D,6037,15.72,0.0324,N,42,0
46,37477,2.0,PERSONAL,C,14288,12.6,0.3812,N,25,0
74,48945,1.0,PERSONAL,D,18556,15.75,0.3791,N,45,0
44,23822,5.0,MEDICAL,C,10193,12.26,0.4279,N,27,1
45,97136,11.0,PERSONAL,B,6606,10.35,0.068,N,25,0
25,79309,6.0,VENTURE,D,30272,16.92,0.3817,N,5,1
63,76355,6.0,MEDICAL,C,13164,12.15,0.1724,Y,44,1
57,103558,3.0,DEBTCONSOLIDATION,B,5707,9.94,0.0551,N,40,0
67,38752,4.0,DEBTCONSOLIDATION,A,4436,7.89,0.1145,Y,45,1
23,41509,2.0,EDUCATION,B,12846,9.66,0.3095,N,1,0
30,125546,10.0,DEBTCONSOLIDATION,C,7810,12.7,0.0622,N,7,0
67,69424,5.0,PERSONAL,A,4555,7.22,0.0656,N,45,0
20,14464,9.0,HOMEIMPROVEMENT,C,10449,12.69,0.7224,N,1,0
46,62953,4.0,MEDICAL,B,4100,10.78,0.0651,N,24,0
41,35598,10.0,EDUCATION,A,10449,7.8,0.2935,N,19,0
71,80337,7.0,HOMEIMPROVEMENT,C,11896,12.23,0.1481,N,45,0
66,61359,3.0,EDUCATION,F,5434,24.18,0.0886,N,45,0
69,18820,5.0,MEDICAL,A,12473,5.94,0.6628,N,45,1
34,56832,9.0,VENTURE,C,5776,13.09,0.1016,N,14,0
51,55041,8.0,EDUCATION,A,9594,7.84,0.1743,N,34,0
57,59868,10.0,PERSONAL,A,3300,8.17,0.0551,N,35,0
73,67274,6.0,VENTURE,A,10420,7.03,0.1549,N,45,0
18,111611,3.0,PERSONAL,A,20651,5.36,0.185,N,1,0
73,61552,4.0,PERSONAL,A,3427,7.16,0.0557,Y,45,1
38,49642,5.0,PERSONAL,C,16352,13.57,0.3294,N,15,0
25,92169,8.0,HOMEIMPROVEMENT,E,6596,20.43,0.0716,N,2,0
53,168300,3.0,EDUCATION,A,18326,5.04,0.1089,N,32,0
62,81087,1.0,HOMEIMPROVEMENT,A,33037,6.86,0.4074,N,42,1
25,54907,3.0,MEDICAL,A,10448,6.53,0.1903,N,5,0
20,62186,8.0,MEDICAL,B,14375,10.79,0.2312,N,3,0
69,56433,7.0,DEBTCONSOLIDATION,B,12732,9.28,0.2256,N,45,0
71,49522,4.0,MEDICAL,E,19294,20.83,0.3896,Y,45,1
26,161271,5.0,EDUCATION,A,8411,6.82,0.0522,N,8,0
69,32468,7.0,DEBTCONSOLIDATION,B,15701,9.27,0.4836,N,45,0
69,92521,11.0,EDUCATION,D,6016,15.19,0.065,Y,45,0
74,45742,4.0,MEDICAL,C,21600,13.21,0.4722,N,45,0
30,21715,5.0,EDUCATION,C,4689,12.38,0.2159,N,11,0
50,44197,6.0,HOMEIMPROVEMENT,C,7109,12.43,0.1608,N,28,0
74,36289,5.0,MEDICAL,D,6307,17.11,0.1738,N,45,0
69,67350,5.0,EDUCATION,B,12884,9.25,0.1913,N,45,0
52,51545,1.0,VENTURE,B,16862,8.8,0.3271,N,35,0
29,27941,3.0,MEDICAL,A,14330,5.57,0.5129,Y,6,1
22,110090,3.0,PERSONAL,E,6806,20.35,0.0618,Y,5,0
32,89283,7.0,VENTURE,E,27459,19.66,0.3076,N,13,0
21,117281,2.0,PERSONAL,C,22352,14.16,0.1906,N,1,0
29,55844,7.0,DEBTCONSOLIDATION,B,11904,11.47,0.2132,N,7,0
22,48066,2.0,HOMEIMPROVEMENT,C,6445,13.77,0.1341,N,2,0
61,72182,6.0,EDUCATION,A,3833,6.42,0.0531,N,38,0
51,35681,5.0,PERSONAL,C,16118,12.76,0.4517,Y,32,1
47,52655,3.0,EDUCATION,C,7943,12.1,0.1508,N,27,0
64,44505,4.0,VENTURE,C,19291,13.68,0.4335,N,41,0
41,21947,5.0,DEBTCONSOLIDATION,A,20308,5.03,0.9253,N,19,1
40,52580,4.0,HOMEIMPROVEMENT,A,7251,8.45,0.1379,Y,22,0
29,38463,5.0,HOMEIMPROVEMENT,A,9969,8.46,0.2592,N,11,0
43,42898,5.0,PERSONAL,C,9686,13.39,0.2258,N,26,0
27,59879,5.0,EDUCATION,B,27213,10.23,0.4545,N,9,0
51,98705,3.0,HOMEIMPROVEMENT,D,7640,15.35,0.0774,N,30,0
74,30735,3.0,EDUCATION,E,15584,19.39,0.507,Y,45,1
48,40737,6.0,HOMEIMPROVEMENT,B,10385,9.79,0.2549,N,30,0
35,32183,6.0,PERSONAL,B,29179,8.59,0.9067,N,13,0
57,31051,6.0,VENTURE,C,6213,13.74,0.2001,N,34,0
64,35347,7.0,MEDICAL,B,4768,8.77,0.1349,N,45,0
44,44000,4.0,HOMEIMPROVEMENT,B,2649,9.01,0.0602,N,22,0
32,67658,4.0,PERSONAL,A,11098,6.37,0.164,Y,15,0
58,58468,5.0,PERSONAL,B,11680,10.93,0.1998,N,41,0
28,27411,4.0,MEDICAL,F,8494,24.91,0.3099,N,11,0
74,99886,4.0,VENTURE,C,18666,13.45,0.1869,N,45,0
36,82407,2.0,PERSONAL,E,28662,19.94,0.3478,N,16,0
37,29862,2.0,DEBTCONSOLIDATION,B,5744,9.41,0.1924,N,19,0
59,96111,5.0,HOMEIMPROVEMENT,A,8428,5.08,0.0877,N,42,0
18,58677,8.0,PERSONAL,A,3025,6.3,0.0516,N,1,0
29,44978,10.0,HOMEIMPROVEMENT,C,10308,14.35,0.2292,N,9,0
25,59691,4.0,DEBTCONSOLIDATION,D,6329,15.36,0.106,N,7,1
40,48330,10.0,EDUCATION,F,7316,24.82,0.1514,N,18,0
49,66157,4.0,HOMEIMPROVEMENT,A,8879,7.47,0.1342,N,31,0
28,54340,6.0,MEDICAL,A,13842,5.13,0.2547,N,6,0
37,40717,3.0,HOMEIMPROVEMENT,B,8161,10.82,0.2004,N,18,0
62,16087,8.0,VENTURE,B,39086,9.78,2.4297,N,41,1
71,65509,2.0,EDUCATION,C,9107,11.74,0.139,N,45,0
18,39914,5.0,VENTURE,C,3606,14.31,0.0903,N,1,0
53,75197,7.0,VENTURE,C,5765,14.11,0.0767,N,32,0
19,63890,4.0,HOMEIMPROVEMENT,E,14849,20.56,0.2324,N,1,0
47,40488,4.0,HOMEIMPROVEMENT,D,15314,16.82,0.3782,Y,28,1
68,86046,4.0,VENTURE,B,9526,10.47,0.1107,N,45,0
63,54866,8.0,MEDICAL,A,9551,7.37,0.1741,N,43,0
31,53637,3.0,EDUCATION,D,10908,16.71,0.2034,N,10,0
32,45435,2.0,DEBTCONSOLIDATION,A,15227,6.66,0.3351,N,11,0
62,123742,2.0,HOMEIMPROVEMENT,B,9319,10.5,0.0753,N,42,0
64,33113,3.0,HOMEIMPROVEMENT,B,3966,9.21,0.1198,N,44,0
34,41049,6.0,PERSONAL,A,5800,5.07,0.1413,Y,11,0
18,24821,6.0,EDUCATION,B,6305,10.53,0.254,Y,1,1
43,73108,6.0,EDUCATION,A,4175,7.16,0.0571,N,20,0
53,35589,8.0,DEBTCONSOLIDATION,C,4040,12.87,0.1135,Y,30,1
43,37853,3.0,EDUCATION,B,11920,11.29,0.3149,N,25,0
71,36889,5.0,DEBTCONSOLIDATION,E,9126,19.86,0.2474,N,45,0
64,50741,4.0,HOMEIMPROVEMENT,C,15213,12.11,0.2998,N,45,0
62,24638,10.0,HOMEIMPROVEMENT,A,31855,5.41,1.2929,N,42,0
19,14274,6.0,PERSONAL,D,16053,15.98,1.1246,N,1,0
66,63053,4.0,DEBTCONSOLIDATION,E,15050,19.14,0.2387,N,45,0
61,15329,6.0,EDUCATION,A,3341,5.64,0.218,N,42,0
40,78415,5.0,PERSONAL,B,14078,9.24,0.1795,N,18,0
51,115518,5.0,VENTURE,E,9166,20.96,0.0793,N,28,0
64,44787,4.0,HOMEIMPROVEMENT,A,21359,5.4,0.4769,N,41,0
69,100179,7.0,HOMEIMPROVEMENT,D,3921,17.4,0.0391,N,45,0
49,48371,5.0,VENTURE,A,17351,5.5,0.3587,N,28,0
20,118134,8.0,DEBTCONSOLIDATION,A,6266,7.41,0.053,Y,1,0
53,38142,5.0,DEBTCONSOLIDATION,C,4670,13.25,0.1224,N,34,0
56,13350,4.0,HOMEIMPROVEMENT,A,39053,5.06,2.9253,N,39,0
21,46912,4.0,HOMEIMPROVEMENT,D,9953,16.25,0.2122,N,1,1
64,125414,3.0,EDUCATION,C,8740,13.03,0.0697,N,44,0
29,65790,6.0,MEDICAL,E,6495,20.54,0.0987,N,9,0
68,36922,7.0,MEDICAL,A,7576,6.79,0.2052,N,45,0
49,58741,3.0,MEDICAL,A,7140,6.47,0.1216,N,27,0
36,83626,5.0,HOMEIMPROVEMENT,B,7963,9.25,0.0952,N,18,0
21,46765,3.0,DEBTCONSOLIDATION,C,8532,11.61,0.1824,N,4,0
19,207838,4.0,PERSONAL,B,7899,9.61,0.038,N,1,0
60,36879,2.0,HOMEIMPROVEMENT,A,4457,6.22,0.1209,N,38,0
39,85082,9.0,VENTURE,A,9537,7.44,0.1121,N,16,0
65,74538,8.0,HOMEIMPROVEMENT,B,11376,9.52,0.1526,N,45,0
31,33359,5.0,MEDICAL,A,16227,5.01,0.4864,N,14,0
70,38814,6.0,VENTURE,A,20170,6.69,0.5197,Y,45,1
71,85815,12.0,VENTURE,B,7519,10.12,0.0876,N,45,0
23,53084,3.0,VENTURE,C,11970,13.13,0.2255,N,1,0
54,59038,7.0,DEBTCONSOLIDATION,D,15863,14.93,0.2687,N,37,0
71,19934,2.0,PERSONAL,A,6388,6.7,0.3205,N,45,0
36,70319,6.0,EDUCATION,B,10960,8.65,0.1559,N,13,0
21,57412,3.0,VENTURE,C,11902,13.37,0.2073,N,1,0
67,47327,4.0,EDUCATION,D,2680,16.31,0.0566,N,45,0
45,59783,4.0,MEDICAL,A,9397,7.27,0.1572,N,28,0
19,39141,8.0,MEDICAL,D,10397,15.36,0.2656,N,1,0
65,35399,3.0,HOMEIMPROVEMENT,B,5835,9.4,0.1648,N,45,0
56,42914,3.0,PERSONAL,C,18160,11.86,0.4232,N,34,0
22,37975,5.0,MEDICAL,B,31962,10.08,0.8417,N,1,1
32,162639,3.0,VENTURE,C,12143,11.94,0.0747,N,12,0
19,80945,1.0,EDUCATION,C,4210,13.54,0.052,N,1,0
72,28777,8.0,PERSONAL,B,8229,9.04,0.286,N,45,0
19,150236,5.0,DEBTCONSOLIDATION,E,5080,20.77,0.0338,N,1,0
63,38635,4.0,EDUCATION,E,39323,17.53,1.0178,N,42,1
47,49821,3.0,DEBTCONSOLIDATION,B,6587,8.81,0.1322,N,30,0
51,80304,3.0,DEBTCONSOLIDATION,A,10828,5.35,0.1348,N,31,0
64,16589,6.0,PERSONAL,A,20653,7.02,1.245,N,43,0
69,43029,9.0,VENTURE,A,5339,5.37,0.1241,Y,45,1
25,35762,3.0,EDUCATION,C,5791,13.95,0.1619,N,3,0
19,54873,4.0,PERSONAL,A,22630,6.38,0.4124,N,1,0
25,60085,4.0,MEDICAL,C,22136,13.0,0.3684,N,2,0
56,46981,4.0,MEDICAL,C,4910,12.12,0.1045,N,35,0
50,45797,3.0,DEBTCONSOLIDATION,A,4756,8.35,0.1038,N,33,0
22,88064,5.0,VENTURE,B,14409,11.06,0.1636,N,4,0
31,57862,6.0,HOMEIMPROVEMENT,A,14325,5.24,0.2476,Y,12,1
48,50150,5.0,HOMEIMPROVEMENT,A,6490,6.23,0.1294,N,30,0
59,53174,3.0,PERSONAL,B,11729,8.63,0.2206,N,37,0
37,134556,3.0,EDUCATION,A,4454,7.42,0.0331,N,20,0
72,53904,4.0,VENTURE,A,13838,5.27,0.2567,N,45,0
74,36940,4.0,HOMEIMPROVEMENT,B,11481,8.53,0.3108,N,45,0
61,17155,1.0,HOMEIMPROVEMENT,A,3047,6.43,0.1776,N,40,0
43,22277,6.0,DEBTCONSOLIDATION,C,7487,11.67,0.3361,N,25,0
67,37916,7.0,VENTURE,C,7743,13.06,0.2042,N,45,0
59,46184,5.0,PERSONAL,A,15013,6.59,0.3251,Y,36,1
47,36113,6.0,EDUCATION,A,4704,6.39,0.1303,N,26,0
43,59464,7.0,VENTURE,A,21009,8.0,0.3533,Y,23,0
65,35857,2.0,VENTURE,C,10044,12.26,0.2801,N,43,0
49,29644,2.0,PERSONAL,A,20145,7.25,0.6796,Y,30,1
28,68662,5.0,MEDICAL,B,3709,9.2,0.054,N,11,0
74,104106,6.0,DEBTCONSOLIDATION,C,11740,12.6,0.1128,N,45,0
21,26663,5.0,PERSONAL,B,10920,10.15,0.4096,N,3,0
57,56052,3.0,EDUCATION,A,11180,6.96,0.1995,N,40,0
55,17192,4.0,MEDICAL,B,12364,10.01,0.7192,N,33,1
51,21785,5.0,DEBTCONSOLIDATION,E,11751,20.48,0.5394,N,29,1
20,35460,3.0,PERSONAL,A,2055,6.82,0.058,N,2,0
46,91509,5.0,HOMEIMPROVEMENT,B,31097,10.09,0.3398,N,23,0
68,31943,2.0,EDUCATION,B,6244,10.55,0.1955,N,45,0
31,31292,4.0,EDUCATION,A,6516,7.07,0.2082,N,14,0
57,50003,4.0,EDUCATION,C,10296,14.27,0.2059,N,35,0
66,50030,8.0,DEBTCONSOLIDATION,B,13782,11.24,0.2755,N,45,0
72,31830,2.0,PERSONAL,B,3920,11.01,0.1232,N,45,0
47,146154,3.0,PERSONAL,A,3468,8.28,0.0237,N,26,0
35,42363,3.0,HOMEIMPROVEMENT,B,27747,8.83,0.655,N,16,0
57,52180,3.0,DEBTCONSOLIDATION,F,7752,21.61,0.1486,N,37,0
45,39301,12.0,EDUCATION,D,12176,15.33,0.3098,N,23,0
53,62441,3.0,DEBTCONSOLIDATION,A,4849,7.73,0.0777,N,30,0
60,96686,8.0,DEBTCONSOLIDATION,C,30544,13.89,0.3159,N,39,0
58,122395,4.0,PERSONAL,B,17717,9.52,0.1448,N,37,0
31,32233,8.0,PERSONAL,C,6684,12.78,0.2074,Y,13,0
61,89808,5.0,EDUCATION,E,28932,18.5,0.3222,N,43,0
48,66325,4.0,VENTURE,A,15771,6.73,0.2378,Y,29,0
71,83783,2.0,PERSONAL,C,17464,11.62,0.2084,N,45,0
55,46605,1.0,VENTURE,A,18386,6.23,0.3945,Y,34,0
68,44228,3.0,HOMEIMPROVEMENT,B,7625,11.14,0.1724,N,45,0
73,82013,7.0,MEDICAL,B,34976,9.65,0.4265,N,45,0
74,82874,6.0,PERSONAL,A,33775,6.46,0.4075,N,45,1
60,115976,3.0,PERSONAL,A,34695,7.21,0.2992,N,42,0
52,54677,3.0,VENTURE,C,1962,14.15,0.0359,N,34,0
24,46221,6.0,VENTURE,A,10164,8.22,0.2199,N,7,0
40,12671,1.0,PERSONAL,C,12766,12.28,1.0075,Y,18,1
45,20207,5.0,VENTURE,C,7936,11.74,0.3927,Y,22,1
62,39464,1.0,EDUCATION,B,9982,10.78,0.2529,N,43,0
51,26753,3.0,PERSONAL,C,9702,12.56,0.3627,N,28,0
43,76708,4.0,MEDICAL,B,25426,8.79,0.3315,Y,20,1
26,23848,7.0,VENTURE,B,23096,11.09,0.9685,N,9,1
58,37208,6.0,EDUCATION,B,12655,10.78,0.3401,N,37,0
42,38020,6.0,HOMEIMPROVEMENT,E,13518,17.75,0.3555,N,19,0
20,95092,2.0,PERSONAL,A,10127,7.73,0.1065,N,3,0
34,35082,4.0,EDUCATION,A,40520,7.43,1.155,Y,12,1
68,62870,7.0,MEDICAL,A,12945,5.57,0.2059,N,45,0
24,54591,5.0,MEDICAL,D,33722,15.92,0.6177,N,1,1
41,80564,1.0,VENTURE,B,19632,10.0,0.2437,N,18,0
47,78246,2.0,EDUCATION,C,15034,12.38,0.1921,N,30,0
22,48127,1.0,PERSONAL,B,3434,10.17,0.0714,N,1,0
27,19284,1.0,DEBTCONSOLIDATION,A,23560,7.73,1.2217,N,4,1
71,43154,2.0,PERSONAL,C,2971,12.94,0.0688,N,45,0
51,48485,3.0,PERSONAL,C,8703,12.72,0.1795,N,33,0
29,57371,4.0,MEDICAL,B,3822,10.7,0.0666,N,7,0
27,32674,6.0,PERSONAL,C,19727,13.87,0.6038,N,10,1
42,91811,3.0,VENTURE,D,7473,14.61,0.0814,N,19,0
59,49389,4.0,VENTURE,A,15740,6.48,0.3187,N,36,0
59,29546,1.0,MEDICAL,A,2290,6.4,0.0775,N,36,0
29,38100,2.0,EDUCATION,C,18639,13.86,0.4892,Y,7,1
59,141591,6.0,VENTURE,D,17871,17.38,0.1262,N,38,0
69,70643,4.0,MEDICAL,D,4853,15.83,0.0687,Y,45,1
30,87260,5.0,EDUCATION,C,6792,11.57,0.0778,N,13,0
19,27642,0.0,PERSONAL,B,25419,9.68,0.9196,N,1,0
72,33561,1.0,PERSONAL,A,12080,7.27,0.3599,N,45,0
47,33698,4.0,MEDICAL,E,18065,19.61,0.5361,N,24,1
62,54253,5.0,MEDICAL,C,2887,12.99,0.0532,N,44,0
36,44546,3.0,VENTURE,B,8871,10.8,0.1991,N,19,0
35,37450,3.0,PERSONAL,B,20463,10.04,0.5464,N,16,0
30,40125,1.0,DEBTCONSOLIDATION,A,5978,7.59,0.149,N,13,0
30,31674,7.0,MEDICAL,E,6325,17.65,0.1997,N,8,0
44,44404,1.0,PERSONAL,B,9895,8.79,0.2228,N,23,0
24,90424,4.0,PERSONAL,D,5825,15.87,0.0644,N,6,0
65,21327,6.0,DEBTCONSOLIDATION,C,27025,14.14,1.2672,N,45,0
47,59311,3.0,PERSONAL,B,16543,11.44,0.2789,N,30,0
70,104720,7.0,PERSONAL,E,9949,19.65,0.095,N,45,0
46,44322,4.0,HOMEIMPROVEMENT,A,43617,7.66,0.9841,Y,25,1
35,36648,3.0,DEBTCONSOLIDATION,A,9207,6.28,0.2512,N,16,0
47,81497,2.0,MEDICAL,C,14219,13.85,0.1745,N,24,0
26,28529,3.0,PERSONAL,E,5276,20.42,0.1849,N,6,0
64,48412,8.0,VENTURE,A,9756,6.47,0.2015,Y,43,1
59,27669,5.0,EDUCATION,A,16314,6.05,0.5896,N,36,0
26,17526,4.0,DEBTCONSOLIDATION,B,15934,10.89,0.9092,N,9,0
51,45089,2.0,DEBTCONSOLIDATION,E,5324,17.58,0.1181,Y,29,0
48,24468,8.0,DEBTCONSOLIDATION,D,4033,16.32,0.1648,N,28,0
29,48707,10.0,PERSONAL,F,10596,24.24,0.2175,N,10,0
24,90514,4.0,DEBTCONSOLIDATION,D,13208,17.38,0.1459,N,3,0
61,135922,10.0,VENTURE,B,2522,10.47,0.0186,N,38,0
33,51608,3.0,PERSONAL,A,45409,5.78,0.8799,N,10,0
47,85868,10.0,VENTURE,C,12461,14.09,0.1451,N,27,0
32,61048,3.0,DEBTCONSOLIDATION,E,2423,19.36,0.0397,N,12,0
55,39707,6.0,EDUCATION,B,13441,11.18,0.3385,N,36,0
20,17006,2.0,VENTURE,B,3238,8.54,0.1904,N,1,0
38,119918,3.0,EDUCATION,D,4874,16.49,0.0406,N,15,0
49,27528,5.0,VENTURE,B,13831,10.36,0.5024,N,29,0
43,104874,0.0,MEDICAL,C,4139,11.93,0.0395,N,26,0
52,65857,3.0,PERSONAL,A,5133,8.04,0.0779,N,33,0
28,28658,5.0,PERSONAL,C,18138,12.54,0.6329,N,8,0
43,58197,7.0,HOMEIMPROVEMENT,C,9236,11.79,0.1587,N,21,0
61,158435,6.0,EDUCATION,B,7269,11.24,0.0459,N,38,0
37,114074,5.0,EDUCATION,B,8851,10.81,0.0776,N,20,0
26,36975,5.0,DEBTCONSOLIDATION,C,32826,11.9,0.8878,N,3,0
66,33137,5.0,HOMEIMPROVEMENT,E,17998,19.8,0.5431,N,45,1
62,51798,8.0,VENTURE,B,3783,9.23,0.073,N,44,0
56,44755,4.0,EDUCATION,A,28515,6.13,0.6371,N,33,0
63,94831,8.0,PERSONAL,D,7399,15.58,0.078,N,41,0
62,73627,7.0,PERSONAL,A,9376,7.18,0.1273,N,39,0
60,19327,5.0,DEBTCONSOLIDATION,A,5043,7.55,0.2609,N,41,0
47,63087,2.0,VENTURE,A,7186,8.26,0.1139,Y,27,1
19,44422,6.0,EDUCATION,C,11399,14.12,0.2566,N,1,0
52,50031,3.0,DEBTCONSOLIDATION,A,10457,8.11,0.209,N,31,0
33,56213,6.0,MEDICAL,B,33312,11.17,0.5926,N,16,0
62,94778,3.0,EDUCATION,A,4484,6.24,0.0473,N,40,0
44,83934,5.0,PERSONAL,C,8947,12.83,0.1066,Y,27,0
69,32456,2.0,PERSONAL,B,2293,9.02,0.0706,N,45,0
51,47465,3.0,VENTURE,B,6644,10.19,0.14,Y,33,1
49,38304,5.0,PERSONAL,C,20532,12.69,0.536,N,28,0
70,19437,1.0,PERSONAL,B,28488,11.41,1.4657,N,45,1
45,46158,7.0,DEBTCONSOLIDATION,D,30214,14.63,0.6546,N,22,1
39,135214,5.0,MEDICAL,E,7591,19.2,0.0561,N,16,0
39,19117,3.0,DEBTCONSOLIDATION,B,7969,10.97,0.4169,N,22,0
67,48376,7.0,PERSONAL,A,5029,7.3,0.104,Y,45,1
61,47530,6.0,DEBTCONSOLIDATION,B,8643,11.09,0.1818,N,39,0
27,57426,6.0,VENTURE,D,22616,17.39,0.3938,Y,9,1
46,28868,7.0,EDUCATION,A,17736,7.7,0.6144,N,29,0
39,22385,5.0,DEBTCONSOLIDATION,A,6940,6.47,0.31,N,21,0
54,22966,5.0,PERSONAL,E,7890,18.17,0.3436,N,33,0
20,101927,5.0,DEBTCONSOLIDATION,C,8095,12.4,0.0794,N,1,0
58,28553,4.0,VENTURE,B,6752,8.52,0.2365,N,39,0
60,37243,6.0,MEDICAL,E,11653,17.59,0.3129,N,38,0
30,155990,4.0,DEBTCONSOLIDATION,B,16619,10.47,0.1065,Y,12,0
26,32733,10.0,PERSONAL,B,49575,11.14,1.5145,N,5,1
53,59178,4.0,MEDICAL,B,9980,9.56,0.1686,N,30,0
32,88000,9.0,MEDICAL,C,16103,13.11,0.183,N,15,0
71,85703,4.0,PERSONAL,C,4880,14.45,0.0569,Y,45,0
62,23567,9.0,EDUCATION,A,10664,7.93,0.4525,N,44,1
72,33112,2.0,PERSONAL,D,8875,17.13,0.268,N,45,0
48,57890,5.0,EDUCATION,B,15777,9.07,0.2725,N,28,0
71,141628,4.0,VENTURE,B,13948,10.51,0.0985,Y,45,0
18,32246,2.0,DEBTCONSOLIDATION,E,16030,19.08,0.4971,N,1,1
34,37365,6.0,VENTURE,A,8983,5.18,0.2404,Y,16,0
18,61744,2.0,MEDICAL,B,7784,10.67,0.1261,N,1,0
56,68927,11.0,MEDICAL,B,4265,9.27,0.0619,N,34,0
47,71263,5.0,PERSONAL,C,11451,13.34,0.1607,N,27,0
34,30776,7.0,HOMEIMPROVEMENT,A,9235,6.49,0.3001,N,13,0
35,36584,5.0,DEBTCONSOLIDATION,A,25782,5.48,0.7047,N,12,0
54,55189,4.0,EDUCATION,A,8832,7.11,0.16,N,31,0
28,98151,2.0,PERSONAL,D,6784,16.84,0.0691,N,11,0
47,42994,7.0,VENTURE,A,14743,6.01,0.3429,N,26,0
52,48423,6.0,HOMEIMPROVEMENT,C,3786,13.28,0.0782,N,35,0
31,27882,5.0,PERSONAL,A,12119,7.37,0.4347,N,14,0
31,136594,4.0,EDUCATION,C,6401,12.98,0.0469,Y,13,1
38,53361,2.0,EDUCATION,A,4227,7.91,0.0792,N,20,0
51,88677,3.0,EDUCATION,C,10853,13.89,0.1224,N,34,0
32,49833,4.0,EDUCATION,D,1859,15.12,0.0373,N,12,0
39,51374,8.0,MEDICAL,F,14807,22.08,0.2882,N,19,0
48,21478,1.0,HOMEIMPROVEMENT,C,10519,13.63,0.4898,N,28,1
28,15019,2.0,MEDICAL,E,6498,18.44,0.4327,N,9,1
50,97591,6.0,PERSONAL,E,19207,20.09,0.1968,N,29,0
25,51171,4.0,PERSONAL,B,14134,10.19,0.2762,N,8,0
26,54914,7.0,DEBTCONSOLIDATION,B,4063,8.66,0.074,N,8,0
31,24662,5.0,PERSONAL,B,14984,8.71,0.6076,Y,14,1
34,29831,5.0,DEBTCONSOLIDATION,B,14138,8.61,0.4739,N,15,0
19,87927,4.0,MEDICAL,C,7259,12.68,0.0826,Y,2,1
72,127654,4.0,PERSONAL,B,8470,9.9,0.0664,N,45,0
35,34832,7.0,EDUCATION,E,31213,20.21,0.8961,Y,15,1
63,70920,5.0,VENTURE,C,13199,14.13,0.1861,Y,43,1
69,54421,4.0,PERSONAL,B,4180,11.36,0.0768,N,45,0
63,45876,3.0,DEBTCONSOLIDATION,D,10825,16.0,0.236,N,45,0
65,135750,8.0,PERSONAL,C,3399,13.74,0.025,N,45,0
23,38205,2.0,EDUCATION,B,14215,10.62,0.3721,N,4,0
39,96992,5.0,EDUCATION,E,6686,18.56,0.0689,N,17,0
60,60462,7.0,VENTURE,B,7157,9.79,0.1184,N,43,0
50,48567,6.0,DEBTCONSOLIDATION,A,5192,7.85,0.1069,Y,32,1
18,104256,3.0,DEBTCONSOLIDATION,D,7871,15.54,0.0755,N,1,0
50,57501,4.0,EDUCATION,C,11696,11.99,0.2034,N,29,0
63,46488,3.0,VENTURE,A,6318,5.56,0.1359,N,41,0
65,104683,3.0,DEBTCONSOLIDATION,A,5853,7.32,0.0559,N,45,0
39,97449,3.0,HOMEIMPROVEMENT,E,10481,19.59,0.1076,N,18,0
31,94947,2.0,PERSONAL,A,7989,5.57,0.0841,N,14,0
35,12000,3.0,DEBTCONSOLIDATION,C,8366,12.87,0.6972,N,12,0
34,62448,5.0,MEDICAL,A,6141,7.73,0.0983,N,12,0
37,55086,3.0,MEDICAL,D,5099,16.8,0.0926,Y,14,1
35,48089,3.0,PERSONAL,A,9056,6.4,0.1883,N,15,0
44,68554,2.0,HOMEIMPROVEMENT,C,16429,13.75,0.2397,N,27,0
20,56574,6.0,DEBTCONSOLIDATION,F,9415,23.82,0.1664,N,1,0
33,71167,5.0,DEBTCONSOLIDATION,C,8012,14.14,0.1126,Y,14,0
35,42303,4.0,PERSONAL,B,3641,10.39,0.0861,N,15,0
26,111747,4.0,PERSONAL,B,7094,9.79,0.0635,N,4,0
68,75238,2.0,EDUCATION,E,6799,18.38,0.0904,N,45,0
56,66064,7.0,EDUCATION,C,10509,14.18,0.1591,N,36,0
69,64314,3.0,EDUCATION,F,10223,23.1,0.159,N,45,0
50,92642,5.0,MEDICAL,A,50000,7.61,0.5397,N,28,0
24,85985,3.0,DEBTCONSOLIDATION,D,7689,15.08,0.0894,N,3,0
69,46072,5.0,EDUCATION,A,17377,6.9,0.3772,N,45,0
44,84513,5.0,EDUCATION,B,17732,9.15,0.2098,N,27,0
57,53945,5.0,PERSONAL,C,15356,12.95,0.2847,N,34,0
39,140689,6.0,MEDICAL,D,9945,14.82,0.0707,N,16,0
46,89657,3.0,VENTURE,C,50000,13.06,0.5577,N,27,0
45,34749,2.0,MEDICAL,A,5465,6.5,0.1573,N,28,0
34,176643,3.0,HOMEIMPROVEMENT,A,13900,7.32,0.0787,N,17,0
49,15427,5.0,PERSONAL,D,16446,15.14,1.0661,N,26,1
59,69601,7.0,VENTURE,A,3131,7.45,0.045,N,37,0
19,33425,4.0,VENTURE,C,3685,14.28,0.1102,N,1,0
25,138026,9.0,DEBTCONSOLIDATION,D,23496,16.55,0.1702,N,4,0
66,56333,5.0,PERSONAL,C,12217,13.24,0.2169,N,43,0
50,31679,1.0,EDUCATION,A,4430,6.7,0.1398,N,29,0
73,42337,10.0,MEDICAL,D,23173,16.6,0.5473,Y,45,1
52,33101,5.0,MEDICAL,E,8738,20.96,0.264,N,29,0
55,41432,7.0,EDUCATION,D,19139,16.53,0.4619,N,34,1
69,40914,3.0,MEDICAL,B,32457,8.88,0.7933,N,45,0
55,32430,8.0,PERSONAL,A,8646,5.17,0.2666,N,37,0
36,56870,3.0,EDUCATION,C,2556,11.77,0.0449,N,17,0
48,60789,3.0,DEBTCONSOLIDATION,C,5750,11.51,0.0946,N,29,0
31,28340,5.0,PERSONAL,A,2428,7.63,0.0857,N,12,0
37,19691,1.0,PERSONAL,C,5242,12.68,0.2662,N,15,0
56,58164,4.0,PERSONAL,D,26015,15.2,0.4473,N,34,0
26,65680,5.0,HOMEIMPROVEMENT,B,5917,10.37,0.0901,N,8,0
56,73248,5.0,VENTURE,B,4537,11.17,0.0619,Y,36,1
51,66379,5.0,PERSONAL,C,29232,11.62,0.4404,N,34,0
35,116424,2.0,EDUCATION,C,8608,12.14,0.0739,N,15,0
20,84828,6.0,PERSONAL,C,11567,12.11,0.1364,Y,3,0
58,214037,3.0,VENTURE,B,4588,8.66,0.0214,Y,39,0
64,269778,2.0,PERSONAL,C,23300,11.87,0.0864,N,41,0
59,18639,7.0,HOMEIMPROVEMENT,D,10110,15.49,0.5424,N,36,1
41,14640,4.0,EDUCATION,E,17070,19.28,1.166,N,21,1
55,48821,3.0,MEDICAL,B,3560,9.32,0.0729,N,33,0
41,64687,4.0,HOMEIMPROVEMENT,C,24364,14.36,0.3766,N,18,0
38,47016,6.0,MEDICAL,B,12318,8.88,0.262,Y,15,1
36,72183,5.0,EDUCATION,D,5886,16.87,0.0815,N,15,1
30,42250,3.0,EDUCATION,D,7303,16.31,0.1729,N,11,0
73,33467,4.0,MEDICAL,C,6779,11.63,0.2026,N,45,0
55,36366,5.0,PERSONAL,B,11750,8.88,0.3231,Y,38,1
27,43910,4.0,EDUCATION,B,10676,9.72,0.2431,N,9,0
67,77958,6.0,MEDICAL,D,29938,16.63,0.384,N,45,0
26,37507,4.0,PERSONAL,A,2369,8.1,0.0632,N,7,0
51,41817,3.0,VENTURE,C,15006,11.71,0.3588,N,29,0
27,67078,7.0,EDUCATION,A,3161,7.35,0.0471,Y,8,1
38,43943,2.0,VENTURE,C,50000,12.71,1.1378,N,16,0
55,90598,3.0,PERSONAL,B,28017,11.2,0.3092,N,37,0
74,29562,8.0,MEDICAL,C,9539,13.2,0.3227,N,45,0
74,26238,4.0,HOMEIMPROVEMENT,A,13210,7.08,0.5035,N,45,0
69,57962,2.0,EDUCATION,E,10317,20.52,0.178,N,45,0
31,61227,8.0,HOMEIMPROVEMENT,C,6378,12.3,0.1042,N,13,0
23,30463,10.0,EDUCATION,B,5879,10.31,0.193,N,2,0
69,102639,6.0,HOMEIMPROVEMENT,D,9568,15.17,0.0932,N,45,0
70,141310,7.0,HOMEIMPROVEMENT,C,1519,14.02,0.0107,Y,45,1
33,34706,7.0,PERSONAL,B,24664,11.2,0.7107,N,12,0
19,111081,3.0,EDUCATION,A,32536,6.38,0.2929,Y,1,0
54,13224,8.0,DEBTCONSOLIDATION,B,8206,11.3,0.6205,N,37,0
22,88597,12.0,PERSONAL,A,27000,8.4,0.3048,N,4,0
20,30583,9.0,PERSONAL,B,6876,9.12,0.2248,N,1,0
71,83854,5.0,PERSONAL,B,6626,10.33,0.079,N,45,0
46,28891,5.0,EDUCATION,D,11341,15.3,0.3925,N,27,0
24,47208,8.0,MEDICAL,C,14174,12.23,0.3002,N,1,0
55,31396,5.0,EDUCATION,A,5443,6.43,0.1734,N,34,0
39,43580,6.0,DEBTCONSOLIDATION,E,12447,18.7,0.2856,N,21,0
48,134115,2.0,MEDICAL,A,12006,6.64,0.0895,N,27,0
69,46195,9.0,VENTURE,C,2028,11.85,0.0439,N,45,0
31,156477,2.0,EDUCATION,B,8103,9.71,0.0518,N,9,0
54,39648,4.0,VENTURE,A,8404,5.18,0.212,N,32,0
65,111354,7.0,EDUCATION,D,6412,16.72,0.0576,N,45,0
42,20047,4.0,DEBTCONSOLIDATION,C,6426,12.51,0.3205,Y,22,1
73,41873,6.0,HOMEIMPROVEMENT,B,13794,9.67,0.3294,N,45,0
43,36502,4.0,PERSONAL,B,3218,9.34,0.0882,N,26,0
44,114203,8.0,EDUCATION,D,21038,15.15,0.1842,N,21,0
68,54278,4.0,EDUCATION,D,9007,15.54,0.1659,N,45,0
54,15545,7.0,MEDICAL,D,23491,14.61,1.5112,Y,35,1
67,23847,3.0,HOMEIMPROVEMENT,A,6341,7.31,0.2659,N,45,0
63,28086,9.0,DEBTCONSOLIDATION,A,19456,6.92,0.6927,N,43,1
58,81938,10.0,MEDICAL,A,14495,6.24,0.1769,N,38,0
31,76324,5.0,VENTURE,B,2828,9.37,0.0371,N,10,0
40,41555,4.0,EDUCATION,A,8679,7.82,0.2089,N,19,0
67,36254,6.0,PERSONAL,A,50000,5.71,1.3792,N,45,0
53,72693,4.0,PERSONAL,C,17891,11.54,0.2461,N,34,0
33,26337,9.0,PERSONAL,C,4567,11.96,0.1734,N,13,0
36,63052,6.0,HOMEIMPROVEMENT,B,7113,10.09,0.1128,N,18,0
62,60167,3.0,PERSONAL,D,17666,17.13,0.2936,N,44,0
28,42149,4.0,VENTURE,C,12540,13.45,0.2975,N,10,0
24,61005,3.0,PERSONAL,B,3425,8.71,0.0561,N,1,0
61,51852,2.0,HOMEIMPROVEMENT,A,2887,7.72,0.0557,N,42,0
34,64445,7.0,VENTURE,C,16276,12.28,0.2526,N,15,0
61,23534,7.0,EDUCATION,D,8123,15.94,0.3452,N,42,1
48,68732,6.0,HOMEIMPROVEMENT,A,20914,7.21,0.3043,N,27,0
74,86217,7.0,VENTURE,A,12578,6.76,0.1459,N,45,0
47,58484,7.0,HOMEIMPROVEMENT,B,5580,9.51,0.0954,N,28,0
67,68231,6.0,VENTURE,C,9624,11.75,0.1411,N,45,0
66,46145,4.0,PERSONAL,E,7340,17.77,0.1591,N,45,0
30,80036,7.0,MEDICAL,B,12113,10.77,0.1513,N,12,0
74,50811,6.0,MEDICAL,D,5275,15.03,0.1038,Y,45,1
60,26072,4.0,HOMEIMPROVEMENT,D,3418,17.21,0.1311,N,41,0
24,76965,9.0,PERSONAL,D,8847,14.77,0.1149,N,6,0
18,19954,5.0,EDUCATION,C,5428,12.32,0.272,N,1,0
33,57269,2.0,PERSONAL,E,19176,19.36,0.3348,N,16,0
18,39682,7.0,MEDICAL,E,8372,19.14,0.211,N,1,1
38,38312,5.0,PERSONAL,A,11882,7.31,0.3101,N,17,0
74,53884,7.0,VENTURE,B,7601,10.88,0.1411,N,45,0
45,33186,6.0,PERSONAL,B,11070,10.43,0.3336,Y,22,1
19,64972,8.0,PERSONAL,D,15135,15.12,0.2329,N,1,0
46,50576,8.0,PERSONAL,B,11699,8.81,0.2313,N,25,0
30,34908,4.0,MEDICAL,E,3148,20.65,0.0902,N,10,0
66,102334,5.0,PERSONAL,E,7248,19.02,0.0708,N,44,0
23,54864,3.0,PERSONAL,B,41339,10.6,0.7535,N,2,1
61,69351,2.0,EDUCATION,C,12842,13.47,0.1852,N,42,0
43,106843,8.0,HOMEIMPROVEMENT,A,7231,6.63,0.0677,N,20,0
19,105883,6.0,PERSONAL,B,6922,9.65,0.0654,N,1,0
56,67432,10.0,EDUCATION,C,26423,13.47,0.3918,N,35,0
43,41503,6.0,EDUCATION,A,14324,5.52,0.3451,N,25,0
61,22329,3.0,EDUCATION,A,4085,7.33,0.1829,N,44,0
53,54922,0.0,EDUCATION,E,40101,19.95,0.7301,N,32,1
62,89502,3.0,EDUCATION,C,12060,12.99,0.1347,N,45,0
44,59567,6.0,HOMEIMPROVEMENT,C,11863,13.71,0.1992,N,27,0
18,12000,4.0,VENTURE,D,27886,15.34,2.3238,N,1,1
25,79105,6.0,EDUCATION,C,11091,13.95,0.1402,Y,8,1
44,81823,7.0,VENTURE,C,13333,12.05,0.1629,N,22,0
40,41536,4.0,EDUCATION,B,3414,10.19,0.0822,N,18,0
63,84423,5.0,MEDICAL,B,9298,10.64,0.1101,N,44,0
41,69243,8.0,VENTURE,A,4089,7.06,0.0591,N,19,0
67,33623,6.0,MEDICAL,C,6883,11.52,0.2047,N,44,0
28,98638,6.0,EDUCATION,C,11787,12.11,0.1195,N,7,0
39,24413,5.0,EDUCATION,A,2061,5.51,0.0844,N,21,0
61,47501,5.0,VENTURE,D,12421,14.87,0.2615,N,43,0
25,44965,8.0,EDUCATION,A,17804,7.59,0.396,N,2,0
36,31132,10.0,MEDICAL,C,2744,13.91,0.0881,N,16,0
60,57935,4.0,EDUCATION,A,6151,6.74,0.1062,Y,42,1
51,100780,3.0,HOMEIMPROVEMENT,E,3428,20.27,0.034,N,34,0
62,97368,5.0,DEBTCONSOLIDATION,A,14231,6.68,0.1462,N,41,0
47,72985,2.0,DEBTCONSOLIDATION,A,6961,5.13,0.0954,N,26,0
66,19288,7.0,PERSONAL,A,21738,8.01,1.127,Y,45,1
68,23511,5.0,MEDICAL,B,3951,10.59,0.168,N,45,0
73,53712,6.0,EDUCATION,C,11360,11.71,0.2115,N,45,0
24,48106,5.0,PERSONAL,A,5514,7.87,0.1146,N,1,0
51,37274,5.0,HOMEIMPROVEMENT,C,10012,14.31,0.2686,N,33,0
24,139794,5.0,VENTURE,A,7867,7.05,0.0563,N,2,0
31,51959,7.0,MEDICAL,E,16188,19.67,0.3116,N,11,0
35,66060,3.0,DEBTCONSOLIDATION,B,12108,10.7,0.1833,N,17,0
54,84401,6.0,VENTURE,B,22102,9.58,0.2619,N,34,0
42,50525,4.0,DEBTCONSOLIDATION,D,9250,15.39,0.1831,N,25,0
67,203838,4.0,VENTURE,D,5223,15.08,0.0256,Y,45,1
35,29225,6.0,PERSONAL,D,15203,14.54,0.5202,N,15,1
53,35124,1.0,PERSONAL,B,9395,9.2,0.2675,N,35,0
61,29186,4.0,DEBTCONSOLIDATION,C,8214,12.87,0.2814,Y,40,1
73,115781,9.0,MEDICAL,A,12558,6.66,0.1085,N,45,0
31,76202,6.0,EDUCATION,C,5819,14.4,0.0764,N,12,0
59,36341,5.0,VENTURE,B,34414,10.61,0.947,N,37,0
22,30481,5.0,MEDICAL,A,20653,6.88,0.6776,Y,1,1
48,104997,1.0,EDUCATION,D,12783,15.15,0.1217,N,29,0
41,59810,8.0,EDUCATION,D,11837,15.29,0.1979,N,20,1
72,106481,4.0,VENTURE,A,10192,5.56,0.0957,N,45,0
62,47425,7.0,VENTURE,A,6881,5.72,0.1451,N,39,0
70,64948,4.0,DEBTCONSOLIDATION,A,14101,6.11,0.2171,N,45,0
66,57822,1.0,HOMEIMPROVEMENT,F,7357,23.53,0.1272,N,43,0
41,34777,2.0,HOMEIMPROVEMENT,A,31235,6.86,0.8982,N,18,0
59,45284,4.0,HOMEIMPROVEMENT,C,27029,12.56,0.5969,N,39,1
19,25556,4.0,PERSONAL,A,11549,7.86,0.4519,N,1,0
49,64328,2.0,DEBTCONSOLIDATION,C,18912,13.46,0.294,N,26,0
20,74509,6.0,DEBTCONSOLIDATION,E,3452,18.23,0.0463,N,3,0
59,84506,9.0,EDUCATION,A,11117,6.15,0.1316,Y,39,0
73,70728,7.0,HOMEIMPROVEMENT,C,2901,13.25,0.041,Y,45,0
56,45683,6.0,EDUCATION,C,10641,14.07,0.2329,N,34,0
65,115103,4.0,VENTURE,B,5632,8.71,0.0489,N,43,0
31,80079,5.0,EDUCATION,D,18649,16.8,0.2329,N,11,1
74,105208,4.0,DEBTCONSOLIDATION,C,10469,12.23,0.0995,N,45,0
49,108902,8.0,DEBTCONSOLIDATION,A,7621,6.98,0.07,N,27,0
56,45748,1.0,HOMEIMPROVEMENT,A,7709,5.97,0.1685,N,33,0
61,60677,2.0,PERSONAL,D,2126,14.72,0.035,Y,40,0
54,75057,6.0,PERSONAL,A,18373,5.12,0.2448,N,31,0
36,26055,3.0,MEDICAL,D,25978,16.05,0.997,Y,17,1
52,26374,2.0,DEBTCONSOLIDATION,A,17083,7.92,0.6477,N,30,0
55,23989,4.0,PERSONAL,D,6989,16.6,0.2913,N,36,0
66,46191,6.0,PERSONAL,A,5388,8.32,0.1166,N,44,0
45,40809,2.0,MEDICAL,D,3063,16.06,0.0751,N,23,0
46,22256,3.0,DEBTCONSOLIDATION,F,7548,22.96,0.3391,N,23,0
46,53217,2.0,DEBTCONSOLIDATION,B,1965,8.75,0.0369,N,23,0
24,46509,4.0,DEBTCONSOLIDATION,D,2216,16.5,0.0476,N,3,0
23,93923,7.0,MEDICAL,D,19475,16.59,0.2074,N,4,0
19,148321,8.0,DEBTCONSOLIDATION,D,30367,15.52,0.2047,N,2,0
55,63009,6.0,DEBTCONSOLIDATION,B,6402,8.81,0.1016,Y,33,0
41,33418,8.0,DEBTCONSOLIDATION,D,13764,15.91,0.4119,N,18,1
67,69961,4.0,MEDICAL,E,7006,17.66,0.1001,N,45,0
58,49272,9.0,EDUCATION,A,22569,8.44,0.458,N,37,1
26,42955,1.0,HOMEIMPROVEMENT,D,11603,17.02,0.2701,N,3,0
23,30519,2.0,EDUCATION,A,15237,7.74,0.4993,N,2,0
38,37974,8.0,EDUCATION,A,2774,6.95,0.073,Y,15,1
70,44454,11.0,MEDICAL,B,9269,8.72,0.2085,Y,45,0
20,76286,10.0,HOMEIMPROVEMENT,F,6845,24.09,0.0897,N,1,0
28,64929,6.0,MEDICAL,C,25832,11.77,0.3978,N,10,0
19,133795,4.0,PERSONAL,F,6754,23.52,0.0505,N,2,1
41,71032,6.0,MEDICAL,B,8314,10.46,0.117,N,19,0
74,61905,8.0,PERSONAL,C,2692,12.64,0.0435,N,45,0
56,41422,4.0,EDUCATION,C,11017,12.17,0.266,N,39,0
46,27705,7.0,PERSONAL,A,10637,6.63,0.3839,N,23,0
26,35830,3.0,MEDICAL,A,8082,8.04,0.2256,N,6,0
38,33359,4.0,EDUCATION,A,24146,5.76,0.7238,N,17,1
47,12000,4.0,VENTURE,B,10036,8.86,0.8363,N,28,0
33,28148,5.0,VENTURE,C,6371,14.41,0.2263,N,16,0
58,118327,6.0,MEDICAL,A,5651,5.61,0.0478,N,38,0
73,60037,10.0,PERSONAL,A,16721,5.89,0.2785,N,45,0
29,39851,3.0,PERSONAL,D,3182,17.08,0.0798,N,12,0
32,61032,6.0,MEDICAL,A,6222,6.81,0.1019,N,9,0
25,16741,2.0,PERSONAL,C,9056,13.29,0.5409,N,2,1
59,57248,7.0,MEDICAL,B,7425,10.49,0.1297,Y,39,1
44,98974,6.0,MEDICAL,A,9401,6.05,0.095,N,26,0
34,45861,5.0,MEDICAL,C,21848,11.99,0.4764,N,12,1
30,18497,4.0,MEDICAL,D,8189,15.78,0.4427,Y,9,1
22,39039,5.0,DEBTCONSOLIDATION,B,4926,11.45,0.1262,N,5,0
45,99071,6.0,VENTURE,B,29064,9.11,0.2934,N,28,0
56,56514,5.0,PERSONAL,A,8151,8.44,0.1442,N,35,0
31,22469,5.0,PERSONAL,E,13311,18.91,0.5924,Y,8,1
18,180267,7.0,DEBTCONSOLIDATION,D,27850,15.55,0.1545,N,1,0
44,24597,6.0,DEBTCONSOLIDATION,F,5979,21.43,0.2431,Y,21,1
56,42889,4.0,MEDICAL,C,34496,11.68,0.8043,N,39,1
37,27706,4.0,HOMEIMPROVEMENT,C,34487,11.7,1.2447,N,19,0
32,27728,9.0,VENTURE,D,5934,16.87,0.214,N,12,0
26,38227,5.0,PERSONAL,E,6628,20.66,0.1734,N,4,0
60,69555,9.0,HOMEIMPROVEMENT,E,16563,20.06,0.2381,N,43,0
67,99687,6.0,EDUCATION,A,27306,7.54,0.2739,N,45,0
61,39640,7.0,MEDICAL,D,17680,15.66,0.446,N,42,1
47,28125,3.0,DEBTCONSOLIDATION,B,9615,9.28,0.3419,N,24,0
59,63783,9.0,MEDICAL,D,14392,15.76,0.2256,N,37,0
40,64820,6.0,MEDICAL,A,16300,6.31,0.2515,N,20,0
19,55949,7.0,HOMEIMPROVEMENT,B,12333,8.67,0.2204,N,1,0
38,57048,2.0,HOMEIMPROVEMENT,F,7219,21.88,0.1265,N,18,0
58,46077,4.0,VENTURE,C,17543,11.72,0.3807,N,35,0
54,51739,4.0,PERSONAL,A,8240,6.89,0.1593,N,34,0
74,44359,4.0,DEBTCONSOLIDATION,E,2637,20.17,0.0594,N,45,0
74,88312,8.0,VENTURE,B,3812,10.02,0.0432,Y,45,0
31,166983,4.0,MEDICAL,E,24547,19.51,0.147,N,8,0
18,54111,4.0,HOMEIMPROVEMENT,A,4691,8.0,0.0867,N,1,0
33,48843,2.0,EDUCATION,B,10680,10.74,0.2187,N,13,0
67,56428,2.0,PERSONAL,A,24267,7.6,0.4301,Y,45,1
64,34137,5.0,EDUCATION,D,11233,16.34,0.3291,N,42,0
23,74662,0.0,DEBTCONSOLIDATION,C,49704,12.76,0.6657,Y,6,1
27,62482,8.0,HOMEIMPROVEMENT,A,9269,5.18,0.1483,N,5,0
50,38899,5.0,MEDICAL,D,5574,17.35,0.1433,N,32,1
55,80510,2.0,HOMEIMPROVEMENT,F,3612,23.2,0.0449,N,34,0
73,49535,2.0,DEBTCONSOLIDATION,E,2712,17.87,0.0547,N,45,0
61,28752,5.0,HOMEIMPROVEMENT,A,29232,5.39,1.0167,N,44,0
30,59479,6.0,DEBTCONSOLIDATION,D,4543,16.62,0.0764,N,7,0
20,55845,5.0,DEBTCONSOLIDATION,E,3209,17.75,0.0575,N,2,0
54,83135,4.0,MEDICAL,F,7712,21.21,0.0928,N,36,0
49,77447,8.0,VENTURE,E,6584,19.71,0.085,Y,29,1
70,46162,4.0,DEBTCONSOLIDATION,D,6222,16.45,0.1348,N,45,0
50,37810,11.0,DEBTCONSOLIDATION,E,24531,19.35,0.6488,N,29,1
46,49067,7.0,MEDICAL,A,11602,7.05,0.2365,N,29,0
35,59863,6.0,EDUCATION,E,18260,20.49,0.305,N,18,1
22,63963,11.0,PERSONAL,D,49377,15.38,0.772,N,4,0
67,57859,6.0,PERSONAL,B,5687,8.95,0.0983,Y,45,1
65,46633,9.0,PERSONAL,B,11654,10.91,0.2499,N,45,0
27,84816,4.0,HOMEIMPROVEMENT,B,3740,9.51,0.0441,N,8,0
58,33831,4.0,MEDICAL,C,29097,11.93,0.8601,N,40,0
38,191697,3.0,MEDICAL,A,8578,7.72,0.0447,N,21,0
42,74584,9.0,PERSONAL,B,1145,10.39,0.0154,N,19,0
66,26367,2.0,MEDICAL,C,3898,14.0,0.1478,N,45,0
65,54278,5.0,PERSONAL,D,28100,15.94,0.5177,N,44,1
28,74979,0.0,VENTURE,B,2759,10.12,0.0368,N,6,0
35,40451,5.0,DEBTCONSOLIDATION,C,9236,13.11,0.2283,N,12,0
64,21540,4.0,DEBTCONSOLIDATION,C,14001,14.42,0.65,N,41,0
70,27681,2.0,PERSONAL,B,14695,9.54,0.5309,N,45,1
22,66048,4.0,VENTURE,C,50000,11.71,0.757,Y,1,1
65,18675,6.0,EDUCATION,A,9370,5.47,0.5017,N,42,0
45,22089,7.0,MEDICAL,E,5042,18.11,0.2283,Y,23,1
51,65858,8.0,MEDICAL,A,5356,5.08,0.0813,N,29,0
22,43373,1.0,EDUCATION,B,22382,8.62,0.516,N,3,0
56,33433,2.0,MEDICAL,E,1774,17.87,0.0531,N,39,0
56,37342,6.0,VENTURE,B,11661,11.04,0.3123,Y,34,1
55,21830,8.0,VENTURE,A,31258,5.83,1.4319,N,32,1
63,63987,1.0,PERSONAL,D,10543,17.08,0.1648,N,42,1
71,31457,8.0,PERSONAL,A,24888,5.55,0.7912,Y,45,1
66,36509,4.0,HOMEIMPROVEMENT,D,2211,17.3,0.0606,N,45,0
60,59321,4.0,VENTURE,A,24181,8.17,0.4076,Y,38,1
73,42567,3.0,MEDICAL,A,11425,8.15,0.2684,N,45,0
56,33270,0.0,VENTURE,A,6782,7.08,0.2038,N,36,0
56,16412,5.0,DEBTCONSOLIDATION,B,6859,9.51,0.4179,Y,34,1
48,59999,4.0,EDUCATION,B,33524,10.44,0.5587,Y,25,1
61,51197,6.0,MEDICAL,D,5525,15.19,0.1079,N,43,0
22,36880,4.0,MEDICAL,D,5729,14.84,0.1553,N,3,0
46,27706,2.0,VENTURE,B,30646,11.08,1.1061,N,24,1
42,49366,7.0,MEDICAL,A,12211,5.5,0.2474,N,25,0
70,63847,5.0,VENTURE,B,14008,9.32,0.2194,Y,45,0
22,51728,9.0,EDUCATION,D,4809,17.1,0.093,N,1,0
54,120684,6.0,PERSONAL,E,4759,20.35,0.0394,N,36,0
28,72231,4.0,PERSONAL,B,33921,10.37,0.4696,N,6,1
68,46211,5.0,PERSONAL,A,12505,6.23,0.2706,N,45,0
66,73574,3.0,PERSONAL,D,9703,14.66,0.1319,N,43,0
31,50350,5.0,DEBTCONSOLIDATION,B,7833,10.91,0.1556,N,10,0
67,50254,4.0,HOMEIMPROVEMENT,C,8841,11.8,0.1759,N,45,0
46,100007,4.0,MEDICAL,A,5682,6.56,0.0568,N,26,0
73,29913,4.0,EDUCATION,B,12952,11.45,0.433,N,45,1
59,49653,5.0,HOMEIMPROVEMENT,B,6170,10.35,0.1243,N,42,0
19,94309,6.0,DEBTCONSOLIDATION,C,7327,11.6,0.0777,N,1,0
29,58101,6.0,EDUCATION,C,13606,11.52,0.2342,N,7,0
41,40015,6.0,EDUCATION,B,26430,10.82,0.6605,N,22,0
30,19179,3.0,HOMEIMPROVEMENT,F,23288,22.64,1.2142,N,8,1
25,14063,5.0,EDUCATION,E,6217,18.57,0.4421,N,5,1
73,153568,3.0,DEBTCONSOLIDATION,A,8450,6.8,0.055,Y,45,0
67,58086,4.0,PERSONAL,B,2987,9.51,0.0514,N,44,0
42,35552,3.0,DEBTCONSOLIDATION,B,15163,10.76,0.4265,N,21,1
30,59409,7.0,PERSONAL,B,16405,10.55,0.2761,N,7,0
28,29108,11.0,HOMEIMPROVEMENT,A,9819,6.03,0.3373,N,7,0
70,40857,5.0,EDUCATION,C,23721,14.32,0.5806,N,45,0
36,29216,2.0,HOMEIMPROVEMENT,A,6406,8.42,0.2193,Y,18,1
18,22532,1.0,PERSONAL,A,10388,7.0,0.461,N,1,1
40,15402,5.0,VENTURE,C,4308,12.31,0.2797,N,20,0
43,20359,4.0,MEDICAL,D,8831,16.12,0.4338,N,20,1
53,85966,2.0,EDUCATION,A,6942,7.57,0.0808,N,36,0
37,28487,3.0,MEDICAL,D,14814,16.89,0.52,N,20,1
70,65787,3.0,DEBTCONSOLIDATION,C,7446,14.04,0.1132,N,45,0
54,82963,8.0,HOMEIMPROVEMENT,B,22405,10.8,0.2701,N,33,0
74,49469,6.0,PERSONAL,C,2955,13.87,0.0597,N,45,0
38,41597,4.0,DEBTCONSOLIDATION,B,14447,9.6,0.3473,N,19,0
55,52741,5.0,HOMEIMPROVEMENT,C,1408,12.57,0.0267,Y,38,1
38,38982,6.0,EDUCATION,B,8983,10.04,0.2304,N,20,0
57,95049,7.0,DEBTCONSOLIDATION,B,22266,11.04,0.2343,N,34,0
60,137598,2.0,MEDICAL,A,9019,6.66,0.0655,N,40,0
36,108814,7.0,MEDICAL,B,22826,10.21,0.2098,N,18,0
71,15012,5.0,EDUCATION,B,4841,9.48,0.3225,N,45,0
66,38547,3.0,DEBTCONSOLIDATION,A,11029,5.6,0.2861,N,45,0
68,49133,4.0,EDUCATION,B,5472,11.19,0.1114,N,45,0
30,63239,5.0,VENTURE,E,27375,18.39,0.4329,N,11,0
58,18957,5.0,MEDICAL,A,5366,6.85,0.2831,N,38,0
24,18790,4.0,VENTURE,A,4901,8.42,0.2608,N,6,0
24,100582,0.0,PERSONAL,D,23612,16.03,0.2348,N,7,0
73,36043,6.0,MEDICAL,B,4033,9.75,0.1119,N,45,0
26,21631,4.0,EDUCATION,E,5438,18.51,0.2514,Y,8,1
67,26715,9.0,PERSONAL,A,14290,6.02,0.5349,Y,45,1
42,60764,10.0,MEDICAL,B,11364,10.99,0.187,N,19,0
35,31182,3.0,MEDICAL,B,5937,9.9,0.1904,N,12,0
22,55988,5.0,MEDICAL,B,8960,9.31,0.16,N,1,0
56,28615,7.0,EDUCATION,C,33995,13.85,1.188,N,35,1
59,18782,4.0,EDUCATION,C,4776,13.4,0.2543,Y,36,0
44,107302,6.0,PERSONAL,B,9717,10.17,0.0906,Y,25,0
64,61022,7.0,MEDICAL,A,7910,6.05,0.1296,N,44,0
36,40799,3.0,DEBTCONSOLIDATION,E,19579,17.61,0.4799,Y,19,1
49,36799,6.0,MEDICAL,A,4100,6.72,0.1114,Y,27,0
34,109720,9.0,EDUCATION,B,6038,10.44,0.055,Y,12,0
51,67869,5.0,EDUCATION,A,7681,6.09,0.1132,N,33,0
25,92110,5.0,EDUCATION,B,6000,10.09,0.0651,N,2,0
45,35559,8.0,MEDICAL,A,13115,7.54,0.3688,N,24,0
49,50406,3.0,PERSONAL,A,15807,5.77,0.3136,N,32,0
49,61157,4.0,EDUCATION,D,13018,15.44,0.2129,N,28,0
43,36223,6.0,DEBTCONSOLIDATION,A,2811,7.88,0.0776,N,20,0
54,46511,6.0,MEDICAL,A,7668,6.42,0.1649,Y,36,1
47,35561,6.0,PERSONAL,A,8142,7.64,0.229,N,30,0
34,61052,6.0,PERSONAL,D,4342,16.93,0.0711,N,16,0
30,23700,8.0,DEBTCONSOLIDATION,C,5213,11.75,0.22,Y,10,1
54,67143,4.0,HOMEIMPROVEMENT,D,33435,16.52,0.498,N,36,1
71,58156,4.0,EDUCATION,B,17015,9.51,0.2926,N,45,0
60,43834,2.0,EDUCATION,C,4141,14.01,0.0945,N,39,0
54,62770,7.0,HOMEIMPROVEMENT,B,15262,9.04,0.2431,Y,31,0
70,40106,6.0,VENTURE,D,14527,17.15,0.3622,N,45,0
69,33908,1.0,VENTURE,B,5591,8.85,0.1649,Y,45,1
46,66108,4.0,EDUCATION,A,13639,7.92,0.2063,N,26,0
24,67701,7.0,HOMEIMPROVEMENT,A,6990,5.96,0.1032,Y,1,1
54,37086,8.0,VENTURE,C,2707,11.68,0.073,N,31,0
53,35377,3.0,HOMEIMPROVEMENT,A,7077,5.79,0.2,N,34,0
33,44327,4.0,PERSONAL,A,4547,5.86,0.1026,N,16,0
66,36184,5.0,EDUCATION,D,6316,15.68,0.1746,N,43,0
67,113415,2.0,EDUCATION,B,13900,9.62,0.1226,Y,44,0
36,58341,3.0,EDUCATION,A,13910,6.05,0.2384,N,13,0
45,49416,6.0,PERSONAL,C,12719,14.24,0.2574,N,26,0
29,29348,13.0,VENTURE,C,12105,13.69,0.4125,N,9,0
28,73603,9.0,VENTURE,A,4646,5.95,0.0631,Y,5,1
33,35017,7.0,MEDICAL,B,5627,9.42,0.1607,N,10,0
38,34234,9.0,VENTURE,A,22133,7.81,0.6465,N,15,0
33,74977,9.0,DEBTCONSOLIDATION,A,34225,5.02,0.4565,N,13,0
26,60659,3.0,PERSONAL,A,9790,7.6,0.1614,N,4,0
43,12370,1.0,VENTURE,D,12155,16.02,0.9826,N,24,0
53,44946,8.0,HOMEIMPROVEMENT,A,43631,8.04,0.9707,N,33,0
36,52524,6.0,MEDICAL,A,7318,8.39,0.1393,N,17,0
48,40669,6.0,EDUCATION,B,11081,8.72,0.2725,N,28,0
33,53540,6.0,MEDICAL,F,6210,22.49,0.116,Y,15,1
58,18118,2.0,HOMEIMPROVEMENT,B,2235,9.54,0.1234,Y,41,1
54,12000,0.0,HOMEIMPROVEMENT,B,6517,11.03,0.5431,N,33,1
72,28666,3.0,VENTURE,D,12837,16.52,0.4478,Y,45,1
21,57253,6.0,VENTURE,B,3266,11.12,0.057,N,2,0
66,12000,5.0,DEBTCONSOLIDATION,C,13999,12.43,1.1666,N,45,1
37,30824,5.0,MEDICAL,A,3989,5.49,0.1294,N,17,0
21,17025,5.0,EDUCATION,A,6399,7.38,0.3759,N,2,0
57,42896,7.0,PERSONAL,B,8603,9.26,0.2006,N,34,0
27,143895,1.0,PERSONAL,B,5166,11.02,0.0359,N,5,0
28,43501,6.0,EDUCATION,A,10078,7.59,0.2317,N,7,0
73,46206,4.0,PERSONAL,B,9113,9.74,0.1972,N,45,0
30,77775,4.0,VENTURE,A,10364,5.65,0.1333,N,11,0
49,49598,5.0,DEBTCONSOLIDATION,B,27656,9.51,0.5576,N,32,0
29,43553,5.0,VENTURE,D,5560,16.18,0.1277,N,9,0
25,81605,2.0,DEBTCONSOLIDATION,A,13772,6.64,0.1688,N,6,0
18,63547,7.0,DEBTCONSOLIDATION,B,5846,10.27,0.092,N,1,0
18,57454,5.0,MEDICAL,B,9967,11.33,0.1735,N,1,0
45,45418,2.0,PERSONAL,B,19378,11.3,0.4267,Y,24,1
42,40524,2.0,PERSONAL,B,19770,10.22,0.4879,N,25,0
20,81181,5.0,EDUCATION,A,7154,5.98,0.0881,N,1,0
37,40739,7.0,PERSONAL,C,18691,11.9,0.4588,N,15,1
33,96489,3.0,EDUCATION,B,12071,8.65,0.1251,N,15,0
50,27558,6.0,DEBTCONSOLIDATION,E,10776,18.1,0.391,N,32,0
74,107859,8.0,DEBTCONSOLIDATION,A,12011,6.76,0.1114,N,45,0
57,63552,6.0,HOMEIMPROVEMENT,C,9734,11.75,0.1532,N,34,0
70,28776,7.0,VENTURE,A,5382,5.29,0.187,N,45,0
28,64856,6.0,HOMEIMPROVEMENT,B,8981,10.38,0.1385,N,9,0
30,34280,6.0,DEBTCONSOLIDATION,B,26949,9.06,0.7861,Y,13,1
60,49930,5.0,HOMEIMPROVEMENT,A,6408,6.42,0.1283,N,38,0
35,37509,7.0,VENTURE,F,50000,22.08,1.333,N,16,1
66,45565,7.0,MEDICAL,B,5851,9.86,0.1284,N,44,0
44,82272,5.0,EDUCATION,E,18237,20.36,0.2217,N,26,0
29,65197,4.0,MEDICAL,C,3566,13.99,0.0547,Y,12,0
66,26398,5.0,PERSONAL,E,13255,17.53,0.5021,N,45,1
49,27242,4.0,EDUCATION,E,3093,18.43,0.1135,N,26,1
63,56892,3.0,HOMEIMPROVEMENT,A,18447,7.18,0.3242,N,41,0
43,59204,7.0,VENTURE,A,10119,6.73,0.1709,N,26,0
25,33828,5.0,EDUCATION,E,19862,20.87,0.5871,N,4,1
56,117621,7.0,MEDICAL,B,4266,9.61,0.0363,N,33,0
25,76681,4.0,EDUCATION,B,11384,10.36,0.1485,Y,7,1
55,34749,3.0,EDUCATION,A,15220,6.5,0.438,N,33,0
41,32950,6.0,PERSONAL,D,15127,16.15,0.4591,N,20,1
63,43247,10.0,MEDICAL,B,5315,8.86,0.1229,N,42,0
67,40842,6.0,VENTURE,C,10976,12.98,0.2687,Y,45,0
41,97820,6.0,PERSONAL,B,6922,9.54,0.0708,Y,20,0
68,84245,4.0,PERSONAL,C,11388,12.12,0.1352,N,45,0
24,49975,7.0,PERSONAL,C,3076,12.79,0.0616,N,5,0
24,71171,4.0,HOMEIMPROVEMENT,A,27928,7.6,0.3924,N,4,0
74,77082,7.0,HOMEIMPROVEMENT,A,6479,8.5,0.0841,Y,45,0
50,50617,10.0,EDUCATION,B,13907,11.07,0.2747,N,33,0
43,61171,6.0,DEBTCONSOLIDATION,D,4389,17.42,0.0717,N,23,0
26,67968,6.0,MEDICAL,B,3091,9.38,0.0455,N,7,0
34,64098,5.0,VENTURE,C,15825,13.59,0.2469,Y,15,1
57,31941,5.0,MEDICAL,B,15586,10.87,0.488,N,36,0
64,33767,7.0,DEBTCONSOLIDATION,A,17963,5.85,0.532,N,45,0
70,41825,7.0,PERSONAL,B,12716,10.39,0.304,N,45,0
41,33234,4.0,PERSONAL,B,22603,8.93,0.6801,N,24,0
43,21802,6.0,MEDICAL,D,12592,17.34,0.5776,N,20,1
27,71095,6.0,VENTURE,D,5190,17.34,0.073,N,4,0
22,59309,10.0,HOMEIMPROVEMENT,C,50000,11.97,0.843,Y,3,1
42,23466,6.0,MEDICAL,A,5519,7.43,0.2352,N,24,0
51,42937,8.0,PERSONAL,C,17852,14.43,0.4158,Y,29,1
23,44295,0.0,EDUCATION,B,14029,8.72,0.3167,N,4,0
41,54180,5.0,HOMEIMPROVEMENT,E,20801,20.26,0.3839,N,18,0
54,27036,7.0,EDUCATION,B,9267,10.01,0.3428,Y,37,1
64,23278,4.0,HOMEIMPROVEMENT,A,12523,6.18,0.538,N,45,1
71,65241,3.0,PERSONAL,C,6380,12.56,0.0978,N,45,0
37,21085,4.0,MEDICAL,B,14857,9.59,0.7046,N,20,1
40,43132,5.0,VENTURE,B,4029,9.07,0.0934,Y,19,1
67,40972,12.0,EDUCATION,C,24076,11.58,0.5876,N,44,0
57,45807,3.0,VENTURE,B,50000,10.15,1.0915,N,38,0
33,56330,5.0,DEBTCONSOLIDATION,B,21395,9.99,0.3798,N,16,0
57,118091,3.0,PERSONAL,E,2318,19.98,0.0196,Y,35,1
26,20338,2.0,PERSONAL,B,6820,9.7,0.3353,Y,6,1
43,79389,8.0,VENTURE,B,19683,11.15,0.2479,N,26,0
35,12311,7.0,DEBTCONSOLIDATION,D,4528,16.7,0.3678,N,17,0
74,105507,2.0,MEDICAL,C,3855,13.43,0.0365,N,45,0
19,15937,4.0,MEDICAL,A,10907,6.68,0.6844,N,1,0
66,187215,5.0,EDUCATION,B,7082,8.96,0.0378,N,45,0
34,39562,5.0,EDUCATION,B,6807,8.65,0.1721,N,17,0
20,99679,5.0,PERSONAL,C,3724,13.62,0.0374,N,1,0
55,88990,5.0,MEDICAL,B,32408,8.8,0.3642,N,38,0
56,38558,5.0,HOMEIMPROVEMENT,C,4993,11.82,0.1295,Y,39,0
26,40220,6.0,HOMEIMPROVEMENT,B,7320,9.4,0.182,N,7,0
20,30932,8.0,MEDICAL,B,13272,11.25,0.4291,N,2,0
24,75588,2.0,MEDICAL,E,8432,19.91,0.1116,N,1,0
41,38835,9.0,VENTURE,E,7076,19.96,0.1822,N,24,1
25,31243,9.0,DEBTCONSOLIDATION,F,19088,24.04,0.611,N,8,0
58,65874,3.0,HOMEIMPROVEMENT,C,12795,13.87,0.1942,N,39,0
22,29928,8.0,MEDICAL,C,12410,14.49,0.4147,N,5,1
62,40907,6.0,DEBTCONSOLIDATION,A,7366,5.3,0.1801,N,44,0
67,51995,7.0,DEBTCONSOLIDATION,A,3947,5.38,0.0759,N,45,0
58,34429,4.0,VENTURE,A,22051,8.4,0.6405,N,37,0
71,37408,7.0,DEBTCONSOLIDATION,B,5958,9.91,0.1593,N,45,0
71,114032,3.0,DEBTCONSOLIDATION,A,3802,8.15,0.0333,N,45,0
20,43812,3.0,MEDICAL,B,7649,10.12,0.1746,Y,1,1
37,40223,6.0,EDUCATION,B,9403,10.58,0.2338,N,17,0
61,44519,7.0,HOMEIMPROVEMENT,C,3676,13.1,0.0826,N,42,0
37,62940,2.0,PERSONAL,D,7218,17.31,0.1147,N,17,0
60,27760,3.0,EDUCATION,E,9755,17.9,0.3514,N,39,0
62,62004,7.0,EDUCATION,C,3995,11.76,0.0644,N,40,0
74,56426,8.0,HOMEIMPROVEMENT,E,21489,20.59,0.3808,N,45,0
36,18328,4.0,MEDICAL,A,3971,5.62,0.2167,N,19,0
37,131510,3.0,VENTURE,B,15546,11.21,0.1182,N,20,0
19,109474,4.0,HOMEIMPROVEMENT,E,10988,17.51,0.1004,N,1,0
34,31561,5.0,PERSONAL,E,50000,20.87,1.5842,Y,12,1
33,26440,4.0,VENTURE,F,10307,21.56,0.3898,N,10,0
43,55571,4.0,VENTURE,D,3701,15.0,0.0666,N,23,0
42,22376,4.0,MEDICAL,A,4068,5.73,0.1818,N,19,0
66,103813,3.0,DEBTCONSOLIDATION,D,7907,16.91,0.0762,Y,43,1
62,37886,5.0,MEDICAL,A,1723,6.28,0.0455,N,41,0
59,119610,5.0,PERSONAL,D,3841,15.84,0.0321,N,38,0
18,31150,5.0,VENTURE,A,15305,6.21,0.4913,N,1,1
44,46087,2.0,EDUCATION,C,44983,12.64,0.976,N,23,1
59,98416,0.0,DEBTCONSOLIDATION,D,9208,15.71,0.0936,N,38,0
31,41036,5.0,HOMEIMPROVEMENT,A,4709,7.68,0.1148,N,13,0
42,56934,5.0,PERSONAL,A,20333,6.98,0.3571,Y,22,0
59,89407,3.0,EDUCATION,D,24666,16.86,0.2759,N,36,0
63,36104,4.0,PERSONAL,C,7202,13.21,0.1995,N,45,0
66,24490,2.0,DEBTCONSOLIDATION,B,15320,8.66,0.6256,N,43,0
42,21976,7.0,PERSONAL,B,24684,11.1,1.1232,N,21,0
40,67567,6.0,EDUCATION,A,12472,5.74,0.1846,N,23,0
39,60707,5.0,PERSONAL,C,6103,12.29,0.1005,N,22,0
56,87896,5.0,MEDICAL,E,6863,18.95,0.0781,N,35,1
41,42162,4.0,HOMEIMPROVEMENT,A,4173,7.86,0.099,N,23,0
40,22316,2.0,PERSONAL,C,5714,12.37,0.256,N,17,0
27,13439,4.0,EDUCATION,D,15303,14.6,1.1387,N,10,1
45,237370,1.0,HOMEIMPROVEMENT,B,8476,10.97,0.0357,N,23,0
31,65500,7.0,EDUCATION,E,3409,19.39,0.052,N,13,0
47,52851,2.0,EDUCATION,B,12569,9.01,0.2378,N,28,0
68,57139,5.0,EDUCATION,F,21407,24.38,0.3746,N,45,0
62,22309,5.0,VENTURE,A,8738,8.09,0.3917,N,43,0
45,31660,5.0,DEBTCONSOLIDATION,A,9339,6.67,0.295,Y,22,0
73,127877,3.0,EDUCATION,B,27706,11.05,0.2167,Y,45,1
73,70410,3.0,DEBTCONSOLIDATION,A,22525,6.32,0.3199,N,45,0
43,32209,1.0,PERSONAL,D,14506,17.16,0.4504,N,21,1
61,24965,7.0,DEBTCONSOLIDATION,C,26821,12.45,1.0743,N,39,1
37,36914,6.0,EDUCATION,A,22522,8.34,0.6101,N,18,0
68,41213,6.0,PERSONAL,A,9120,7.61,0.2213,N,45,0
39,151301,5.0,VENTURE,B,12981,10.87,0.0858,N,17,0
32,44198,4.0,EDUCATION,F,10778,24.87,0.2439,Y,10,1
25,25482,4.0,PERSONAL,D,39567,16.66,1.5527,N,2,1
66,47465,5.0,MEDICAL,B,13387,9.05,0.282,N,45,0
34,56691,7.0,PERSONAL,B,12690,11.15,0.2238,Y,13,1
64,24238,2.0,MEDICAL,C,36692,13.22,1.5138,N,45,0
22,61156,8.0,DEBTCONSOLIDATION,B,11178,11.15,0.1828,N,3,0
46,95311,5.0,PERSONAL,C,7834,12.28,0.0822,N,27,0
42,52905,5.0,EDUCATION,A,2182,5.62,0.0412,N,23,0
43,31622,7.0,VENTURE,D,7332,14.55,0.2319,N,26,0
27,36648,3.0,MEDICAL,A,11322,6.96,0.3089,N,4,0
22,19685,9.0,MEDICAL,B,19705,8.75,1.001,N,1,1
37,45542,3.0,PERSONAL,C,9854,13.34,0.2164,N,14,0
44,58158,7.0,MEDICAL,A,5411,6.5,0.093,N,26,0
63,29937,8.0,VENTURE,F,13075,24.83,0.4368,N,43,1
44,142462,3.0,MEDICAL,B,2875,9.03,0.0202,N,22,0
32,75792,5.0,PERSONAL,C,24560,12.85,0.324,N,12,0
32,18287,6.0,PERSONAL,D,26991,17.4,1.476,N,9,1
52,18494,8.0,VENTURE,F,2902,24.35,0.1569,N,32,1
42,28532,8.0,PERSONAL,E,5480,18.46,0.1921,N,20,0
69,116454,4.0,EDUCATION,E,12675,20.8,0.1088,Y,45,1
43,80018,6.0,MEDICAL,C,33980,13.96,0.4247,N,22,0
50,119735,2.0,MEDICAL,A,9544,5.18,0.0797,N,30,0
21,49296,6.0,PERSONAL,A,13011,5.39,0.2639,N,1,0
29,43685,5.0,MEDICAL,C,11824,13.87,0.2707,N,11,0
66,24682,2.0,MEDICAL,C,3339,14.13,0.1353,Y,45,1
37,59416,4.0,EDUCATION,C,7800,14.2,0.1313,N,15,0
41,44007,5.0,MEDICAL,A,5820,7.39,0.1323,N,23,0
51,43085,5.0,HOMEIMPROVEMENT,A,11670,7.07,0.2709,Y,30,0
21,119363,3.0,DEBTCONSOLIDATION,C,6136,13.34,0.0514,N,1,0
46,45730,3.0,DEBTCONSOLIDATION,B,10125,9.61,0.2214,N,29,0
37,101929,6.0,VENTURE,C,9543,14.44,0.0936,N,16,0
26,20466,4.0,EDUCATION,A,10111,7.54,0.494,N,9,0
41,215014,5.0,HOMEIMPROVEMENT,B,20902,9.25,0.0972,Y,18,0
43,39922,4.0,EDUCATION,A,12970,7.92,0.3249,N,23,0
28,72326,5.0,PERSONAL,A,8342,5.97,0.1153,N,10,0
48,78940,5.0,EDUCATION,B,14019,11.32,0.1776,N,27,0
60,37289,5.0,PERSONAL,A,6776,7.29,0.1817,N,41,0
33,76915,1.0,EDUCATION,B,4660,9.49,0.0606,N,10,0
73,79146,6.0,HOMEIMPROVEMENT,B,20986,9.94,0.2652,N,45,0
52,33115,3.0,PERSONAL,B,6245,9.79,0.1886,N,34,0
62,33332,1.0,PERSONAL,A,4875,7.76,0.1463,N,42,0
21,50257,4.0,PERSONAL,B,28665,9.72,0.5704,N,1,0
61,46003,5.0,PERSONAL,A,18313,7.73,0.3981,Y,40,1
37,105474,4.0,VENTURE,B,8701,10.07,0.0825,N,18,0
58,72147,8.0,PERSONAL,A,18489,8.26,0.2563,N,40,0
63,47158,1.0,EDUCATION,C,7149,13.47,0.1516,N,40,0
32,68414,5.0,VENTURE,A,13867,6.4,0.2027,N,15,0
32,15904,3.0,EDUCATION,A,10291,6.62,0.6471,N,11,0
21,34946,4.0,PERSONAL,F,7674,23.73,0.2196,N,3,1
52,57428,3.0,DEBTCONSOLIDATION,C,11867,13.93,0.2066,N,31,0
62,90531,5.0,PERSONAL,D,4520,15.4,0.0499,N,44,0
41,54713,9.0,DEBTCONSOLIDATION,A,6638,5.66,0.1213,N,24,0
27,109319,10.0,DEBTCONSOLIDATION,C,2354,12.3,0.0215,N,7,0
36,79012,9.0,DEBTCONSOLIDATION,B,7876,9.73,0.0997,N,15,0
40,37474,10.0,MEDICAL,E,11823,17.86,0.3155,N,18,0
70,45387,6.0,HOMEIMPROVEMENT,C,3605,14.47,0.0794,Y,45,1
25,61367,1.0,EDUCATION,A,12921,6.19,0.2106,N,8,0
37,38301,4.0,PERSONAL,A,2125,8.46,0.0555,N,16,0
54,113801,9.0,MEDICAL,A,6553,7.64,0.0576,N,36,0
31,26640,5.0,PERSONAL,C,9234,11.91,0.3466,N,14,0
68,58329,9.0,HOMEIMPROVEMENT,B,9747,9.13,0.1671,N,45,0
69,73459,12.0,MEDICAL,E,11645,19.14,0.1585,N,45,0
39,41258,3.0,PERSONAL,C,3100,13.62,0.0751,N,22,0
60,36448,3.0,VENTURE,A,11117,7.14,0.305,N,42,0
61,47011,2.0,MEDICAL,E,15931,19.61,0.3389,N,42,0
56,76618,6.0,MEDICAL,C,7236,13.62,0.0944,N,33,0
28,37237,4.0,MEDICAL,A,8360,6.29,0.2245,N,10,0
20,27230,12.0,HOMEIMPROVEMENT,E,3608,19.67,0.1325,N,3,0
37,92302,4.0,PERSONAL,C,18088,14.3,0.196,N,18,0
25,61060,6.0,PERSONAL,B,4069,8.53,0.0666,N,7,0
34,85333,4.0,PERSONAL,A,21054,7.47,0.2467,N,11,0
54,74431,7.0,EDUCATION,D,45990,15.43,0.6179,N,35,1
51,162582,5.0,HOMEIMPROVEMENT,A,6976,8.12,0.0429,N,33,0
29,90511,5.0,MEDICAL,B,5761,11.2,0.0636,N,9,0
19,32917,1.0,PERSONAL,E,8681,17.54,0.2637,N,1,0
30,63490,4.0,HOMEIMPROVEMENT,D,19847,17.42,0.3126,N,7,0
43,36075,5.0,PERSONAL,C,5219,11.53,0.1447,N,25,0
62,38186,10.0,PERSONAL,B,2197,9.9,0.0575,N,40,0
38,22541,4.0,DEBTCONSOLIDATION,C,21784,11.98,0.9664,Y,19,1
34,41883,5.0,EDUCATION,C,10033,13.22,0.2395,Y,16,1
49,66155,4.0,EDUCATION,A,8414,6.63,0.1272,N,28,0
22,47272,2.0,PERSONAL,D,10255,15.64,0.2169,N,2,0
30,26778,6.0,PERSONAL,A,5553,8.16,0.2074,N,10,0
20,21212,5.0,PERSONAL,A,8615,6.68,0.4061,N,1,1
47,156610,6.0,HOMEIMPROVEMENT,A,11838,5.6,0.0756,N,28,0
43,58620,4.0,HOMEIMPROVEMENT,C,13847,13.48,0.2362,N,23,0
51,31155,12.0,EDUCATION,A,10076,6.69,0.3234,N,28,0
53,63195,3.0,HOMEIMPROVEMENT,E,1817,18.25,0.0288,N,34,1
40,163415,3.0,EDUCATION,C,7839,12.16,0.048,N,19,0
67,68958,4.0,EDUCATION,E,10171,20.26,0.1475,N,45,0
70,12000,2.0,DEBTCONSOLIDATION,A,10785,8.26,0.8988,N,45,0
24,210820,7.0,EDUCATION,A,7265,6.82,0.0345,Y,6,1
70,17728,4.0,HOMEIMPROVEMENT,C,38710,13.54,2.1836,N,45,0
29,43769,4.0,EDUCATION,D,7174,14.88,0.1639,N,9,0
32,26281,3.0,DEBTCONSOLIDATION,A,13405,6.58,0.5101,Y,10,1
48,32630,3.0,EDUCATION,C,7088,12.87,0.2172,N,28,0
19,57321,3.0,EDUCATION,D,13641,14.96,0.238,N,1,0
38,15692,4.0,MEDICAL,B,3481,8.58,0.2218,N,20,0
29,46647,4.0,PERSONAL,B,28215,10.52,0.6049,N,12,0
45,92137,6.0,PERSONAL,B,12391,9.61,0.1345,N,26,0
64,30829,8.0,EDUCATION,D,6762,15.64,0.2193,N,42,0
70,22818,8.0,MEDICAL,B,7394,11.36,0.324,N,45,0
30,45405,6.0,PERSONAL,A,5844,5.6,0.1287,N,12,0
49,40697,5.0,HOMEIMPROVEMENT,C,7638,13.9,0.1877,N,26,0
45,35334,4.0,EDUCATION,A,9655,8.15,0.2732,N,24,0
41,25499,4.0,PERSONAL,C,6611,13.72,0.2593,N,24,0
54,65221,6.0,VENTURE,B,16384,9.52,0.2512,N,31,0
74,68008,4.0,DEBTCONSOLIDATION,C,46420,12.6,0.6826,N,45,0
41,27279,3.0,MEDICAL,A,8375,5.48,0.307,N,20,0
21,29437,5.0,MEDICAL,C,2056,11.64,0.0698,N,3,0
70,52842,4.0,MEDICAL,E,7687,18.48,0.1455,N,45,1
71,28832,6.0,PERSONAL,C,9102,12.48,0.3157,N,45,0
36,54082,11.0,EDUCATION,B,16640,9.04,0.3077,Y,18,0
46,109910,5.0,MEDICAL,B,5965,10.87,0.0543,N,25,0
67,47434,3.0,DEBTCONSOLIDATION,D,6039,16.16,0.1273,Y,45,1
46,25147,1.0,EDUCATION,D,5932,14.97,0.2359,N,23,0
45,60818,5.0,PERSONAL,A,3983,5.19,0.0655,N,26,0
70,44457,3.0,EDUCATION,A,2815,8.42,0.0633,N,45,0
65,45135,3.0,DEBTCONSOLIDATION,A,10399,7.18,0.2304,Y,45,0
46,63667,2.0,HOMEIMPROVEMENT,B,3554,8.52,0.0558,N,29,0
27,71687,3.0,VENTURE,A,7918,5.94,0.1105,N,10,0
42,49987,3.0,MEDICAL,C,15470,13.48,0.3095,N,23,0
56,47411,6.0,VENTURE,E,5158,20.53,0.1088,N,39,0
33,152504,8.0,DEBTCONSOLIDATION,A,21824,8.18,0.1431,Y,13,0
48,94873,7.0,MEDICAL,C,5873,13.41,0.0619,N,26,0
55,77532,3.0,HOMEIMPROVEMENT,A,3375,5.15,0.0435,N,32,0
22,52689,2.0,DEBTCONSOLIDATION,A,7318,5.32,0.1389,N,4,0
50,28193,6.0,PERSONAL,B,12450,9.0,0.4416,N,30,1
60,91131,2.0,EDUCATION,F,17169,22.31,0.1884,Y,42,1
30,53069,6.0,HOMEIMPROVEMENT,B,12788,11.08,0.241,Y,10,1
49,35687,3.0,EDUCATION,B,33728,11.17,0.9451,N,28,0
58,42884,5.0,EDUCATION,F,11251,22.43,0.2624,Y,35,1
20,28813,0.0,EDUCATION,C,6783,12.43,0.2354,N,2,0
54,87687,4.0,DEBTCONSOLIDATION,B,9460,9.93,0.1079,N,34,0
32,71372,7.0,VENTURE,B,3956,9.36,0.0554,N,12,0
40,54170,5.0,MEDICAL,B,17666,11.31,0.3261,N,22,0
54,47880,9.0,MEDICAL,A,3730,6.45,0.0779,N,37,0
18,33712,5.0,VENTURE,A,4765,8.08,0.1413,N,1,0
18,15191,5.0,DEBTCONSOLIDATION,C,8943,11.57,0.5887,N,1,0
43,22536,3.0,EDUCATION,C,5060,12.26,0.2245,N,23,0
72,32582,9.0,HOMEIMPROVEMENT,A,12774,7.17,0.3921,N,45,0
18,29997,3.0,EDUCATION,B,12060,10.9,0.402,N,1,1
62,57477,7.0,HOMEIMPROVEMENT,A,16359,6.24,0.2846,Y,44,1
22,76597,4.0,HOMEIMPROVEMENT,B,14759,9.64,0.1927,N,4,0
45,45677,6.0,VENTURE,C,11531,13.69,0.2524,N,24,0
42,106393,1.0,EDUCATION,A,9313,5.67,0.0875,N,23,0
44,31869,6.0,DEBTCONSOLIDATION,C,16121,11.63,0.5059,N,22,1
22,45499,4.0,EDUCATION,A,9867,5.49,0.2169,N,3,0
60,47665,2.0,DEBTCONSOLIDATION,A,26300,7.56,0.5518,N,40,1
33,89384,6.0,PERSONAL,D,18466,16.65,0.2066,N,13,0
61,51960,4.0,EDUCATION,C,8160,11.91,0.157,N,42,0
55,52757,1.0,PERSONAL,A,22679,5.58,0.4299,N,32,1
49,19728,6.0,PERSONAL,A,28303,8.11,1.4347,N,28,0
35,29883,5.0,MEDICAL,D,43570,16.79,1.458,Y,15,1
55,89569,2.0,HOMEIMPROVEMENT,A,21874,6.53,0.2442,N,35,0
74,15655,1.0,VENTURE,C,4681,13.13,0.299,N,45,0
70,102605,4.0,MEDICAL,C,5059,14.23,0.0493,N,45,0
70,64525,7.0,PERSONAL,D,4741,15.23,0.0735,N,45,0
30,32495,3.0,HOMEIMPROVEMENT,B,19999,9.29,0.6154,N,8,1
51,31019,5.0,EDUCATION,C,50000,13.43,1.6119,N,30,0
40,139075,5.0,MEDICAL,A,12780,6.39,0.0919,N,22,0
73,106539,2.0,HOMEIMPROVEMENT,D,10194,15.47,0.0957,Y,45,1
72,45904,4.0,PERSONAL,B,14069,10.79,0.3065,N,45,0
67,52787,7.0,EDUCATION,A,14738,5.02,0.2792,N,45,0
27,34358,8.0,DEBTCONSOLIDATION,A,24003,6.53,0.6986,N,6,0
36,52792,4.0,PERSONAL,B,6565,9.37,0.1244,N,15,0
58,33838,4.0,EDUCATION,A,13630,8.31,0.4028,N,36,1
60,46948,6.0,DEBTCONSOLIDATION,C,17544,13.01,0.3737,N,40,0
37,132678,8.0,PERSONAL,C,11814,13.88,0.089,Y,19,0
25,46509,9.0,VENTURE,A,3314,7.66,0.0713,N,5,0
25,27545,8.0,VENTURE,B,2648,11.03,0.0961,N,8,0
57,23120,1.0,EDUCATION,B,3766,8.85,0.1629,N,35,0
43,52570,6.0,PERSONAL,A,21502,8.26,0.409,N,20,1
45,32257,3.0,HOMEIMPROVEMENT,B,29789,9.79,0.9235,N,26,0
64,56141,7.0,EDUCATION,C,4581,12.07,0.0816,Y,45,1
18,20116,4.0,HOMEIMPROVEMENT,C,17499,12.87,0.8699,N,1,0
61,71656,4.0,DEBTCONSOLIDATION,A,2380,7.79,0.0332,N,41,0
33,27361,6.0,PERSONAL,C,6413,13.21,0.2344,N,11,0
71,50285,8.0,EDUCATION,C,12817,13.36,0.2549,N,45,0
72,40697,2.0,HOMEIMPROVEMENT,A,17809,6.03,0.4376,N,45,0
46,126135,3.0,MEDICAL,A,6163,8.01,0.0489,Y,25,0
36,53869,4.0,MEDICAL,B,9192,10.24,0.1706,N,15,0
31,142915,4.0,MEDICAL,C,9425,13.03,0.0659,N,10,0
28,66729,6.0,DEBTCONSOLIDATION,B,3887,10.92,0.0583,N,11,0
74,107363,6.0,HOMEIMPROVEMENT,C,20645,13.03,0.1923,N,45,0
28,43702,6.0,MEDICAL,C,11329,12.55,0.2592,Y,5,1
43,59279,4.0,EDUCATION,C,5662,14.4,0.0955,Y,21,0
45,95822,4.0,PERSONAL,A,9461,5.9,0.0987,N,22,0
56,80638,7.0,VENTURE,B,21365,9.18,0.2649,N,35,0
66,65646,7.0,PERSONAL,A,5634,7.4,0.0858,N,43,0
49,40930,5.0,PERSONAL,A,4426,6.4,0.1081,Y,27,0
61,44921,5.0,PERSONAL,B,4561,8.92,0.1015,N,38,0
50,91648,3.0,DEBTCONSOLIDATION,C,50000,12.02,0.5456,N,30,0
42,102770,10.0,MEDICAL,C,18438,13.14,0.1794,N,19,0
26,35380,8.0,HOMEIMPROVEMENT,E,4990,20.5,0.141,N,3,0
29,32563,1.0,PERSONAL,C,10708,14.49,0.3288,N,11,0
42,29813,6.0,MEDICAL,A,11817,7.76,0.3964,N,20,0
20,77368,7.0,VENTURE,C,10304,12.1,0.1332,N,2,0
36,29401,7.0,DEBTCONSOLIDATION,A,6637,7.37,0.2257,N,15,0
44,76855,6.0,MEDICAL,D,3726,15.1,0.0485,Y,27,1
44,66179,5.0,PERSONAL,A,5954,5.56,0.09,N,23,0
64,36322,6.0,VENTURE,C,6907,12.01,0.1902,N,45,0
73,115858,2.0,EDUCATION,D,17665,14.98,0.1525,N,45,0
59,21933,3.0,EDUCATION,B,11151,8.69,0.5084,N,37,0
22,122117,4.0,HOMEIMPROVEMENT,B,14609,9.67,0.1196,N,1,0
41,58418,1.0,MEDICAL,C,4499,12.4,0.077,N,22,0
59,15671,5.0,MEDICAL,B,8302,11.25,0.5298,N,36,0
51,117657,7.0,HOMEIMPROVEMENT,E,20693,20.51,0.1759,Y,32,1
44,83676,4.0,DEBTCONSOLIDATION,A,4054,5.81,0.0484,N,22,0
42,38734,3.0,VENTURE,A,32317,6.8,0.8343,N,20,0
41,28836,2.0,HOMEIMPROVEMENT,E,10715,19.34,0.3716,N,24,0
51,20681,2.0,MEDICAL,B,15573,9.7,0.753,N,33,0
28,185071,7.0,DEBTCONSOLIDATION,D,2609,15.79,0.0141,N,5,0
47,29499,6.0,VENTURE,C,16408,11.74,0.5562,N,26,0
29,24465,5.0,DEBTCONSOLIDATION,D,5386,16.33,0.2202,N,12,0
56,56803,2.0,HOMEIMPROVEMENT,B,10428,10.03,0.1836,N,35,0
67,19913,7.0,EDUCATION,E,4282,19.2,0.215,Y,45,1
46,28571,6.0,DEBTCONSOLIDATION,A,19998,8.25,0.6999,N,27,0
40,84730,8.0,MEDICAL,C,4728,14.06,0.0558,N,18,0
71,63279,8.0,HOMEIMPROVEMENT,B,13779,9.65,0.2177,N,45,0
55,39636,5.0,VENTURE,A,12760,6.81,0.3219,Y,32,0
42,49516,7.0,DEBTCONSOLIDATION,D,11975,15.65,0.2418,N,22,0
19,38431,9.0,VENTURE,A,8729,6.96,0.2271,Y,1,0
18,47377,9.0,HOMEIMPROVEMENT,D,14560,17.18,0.3073,N,1,1
30,32241,5.0,DEBTCONSOLIDATION,B,9510,10.17,0.295,Y,9,1
31,35627,8.0,HOMEIMPROVEMENT,C,8224,14.33,0.2308,N,11,0
59,35035,8.0,VENTURE,B,16611,11.02,0.4741,Y,40,1
46,32885,8.0,HOMEIMPROVEMENT,C,41634,12.4,1.266,N,27,1
74,87042,10.0,EDUCATION,C,9707,12.98,0.1115,N,45,0
48,74874,5.0,MEDICAL,B,3903,9.8,0.0521,N,25,0
69,29354,11.0,DEBTCONSOLIDATION,D,8170,14.8,0.2783,Y,45,1
49,25414,2.0,PERSONAL,E,15475,18.51,0.6089,N,27,1
38,44958,3.0,DEBTCONSOLIDATION,E,7726,19.08,0.1718,N,19,0
58,160397,4.0,HOMEIMPROVEMENT,D,3617,17.01,0.0226,N,37,0
43,27854,11.0,EDUCATION,A,11831,8.23,0.4248,N,21,1
33,44861,6.0,DEBTCONSOLIDATION,E,8605,18.9,0.1918,N,13,1
44,51472,2.0,MEDICAL,C,6377,11.7,0.1239,N,24,0
55,46177,3.0,MEDICAL,A,12016,8.1,0.2602,N,35,0
39,38100,4.0,MEDICAL,C,18578,13.31,0.4876,N,18,0
58,92530,3.0,PERSONAL,C,7407,14.1,0.08,N,38,0
73,62940,5.0,VENTURE,B,17486,8.78,0.2778,N,45,0
41,78056,3.0,MEDICAL,A,10678,7.86,0.1368,N,20,0
34,67789,6.0,DEBTCONSOLIDATION,C,4898,11.56,0.0723,Y,12,1
40,80151,7.0,HOMEIMPROVEMENT,A,2552,8.08,0.0318,N,18,0
65,117174,5.0,MEDICAL,A,11623,8.37,0.0992,N,43,0
28,101933,4.0,DEBTCONSOLIDATION,D,9512,16.44,0.0933,N,10,0
73,176070,4.0,DEBTCONSOLIDATION,C,6005,13.09,0.0341,Y,45,1
41,95754,3.0,MEDICAL,A,6536,7.12,0.0683,N,20,0
65,33921,8.0,DEBTCONSOLIDATION,C,4365,13.79,0.1287,N,45,0
62,78121,5.0,MEDICAL,A,11926,7.81,0.1527,N,41,0
62,72456,7.0,PERSONAL,C,4734,12.31,0.0653,N,43,0
69,140950,2.0,MEDICAL,B,8168,9.25,0.0579,Y,45,0
28,28798,4.0,MEDICAL,A,7091,6.4,0.2462,N,6,0
51,66627,6.0,MEDICAL,B,3460,9.88,0.0519,N,34,0
23,33705,5.0,PERSONAL,D,15170,15.38,0.4501,N,1,1
35,64984,4.0,PERSONAL,A,8776,6.3,0.135,N,14,0
20,43559,3.0,EDUCATION,C,50000,14.48,1.1479,N,3,0
56,63812,7.0,HOMEIMPROVEMENT,E,5412,19.59,0.0848,N,39,1
52,22568,3.0,EDUCATION,A,34601,6.75,1.5332,N,33,0
60,75831,4.0,PERSONAL,A,10284,6.7,0.1356,Y,37,0
28,54903,4.0,EDUCATION,E,7100,19.07,0.1293,Y,11,1
36,53300,4.0,EDUCATION,B,4962,8.52,0.0931,N,15,0
56,143289,6.0,PERSONAL,A,3892,5.47,0.0272,N,35,0
65,39720,3.0,EDUCATION,B,6309,10.63,0.1588,Y,45,0
68,59174,7.0,MEDICAL,B,5899,11.05,0.0997,Y,45,0
22,51800,3.0,HOMEIMPROVEMENT,B,7372,9.96,0.1423,N,1,0
40,54661,5.0,MEDICAL,B,5925,11.31,0.1084,N,18,0
18,166373,3.0,HOMEIMPROVEMENT,B,18492,8.93,0.1111,N,1,0
64,50771,7.0,VENTURE,B,4629,8.51,0.0912,N,42,0
25,35882,8.0,MEDICAL,E,5869,19.43,0.1636,N,4,0
64,137172,11.0,MEDICAL,D,8255,15.06,0.0602,N,44,0
26,41389,6.0,EDUCATION,C,5544,12.3,0.1339,Y,6,1
18,20275,1.0,PERSONAL,B,19070,9.91,0.9406,N,1,1
68,32615,4.0,MEDICAL,D,5159,15.09,0.1582,N,45,1
43,24695,4.0,EDUCATION,B,7850,8.83,0.3179,N,25,0
42,18215,10.0,EDUCATION,D,7454,14.63,0.4092,N,20,1
54,40148,2.0,HOMEIMPROVEMENT,A,7499,6.67,0.1868,N,35,0
33,47163,1.0,VENTURE,A,43708,8.2,0.9267,N,14,1
57,93834,6.0,PERSONAL,C,23468,13.65,0.2501,N,39,0
42,69297,5.0,PERSONAL,C,13832,13.29,0.1996,N,20,0
33,67582,3.0,HOMEIMPROVEMENT,E,11876,17.83,0.1757,N,12,0
40,29993,6.0,EDUCATION,B,35245,10.34,1.1751,N,21,1
18,79754,7.0,PERSONAL,B,8547,10.38,0.1072,N,1,0
35,105364,3.0,VENTURE,A,7848,5.26,0.0745,N,15,0
51,60901,5.0,DEBTCONSOLIDATION,C,9180,13.62,0.1507,N,28,0
25,61844,1.0,VENTURE,D,8811,16.05,0.1425,Y,7,1
24,24450,5.0,VENTURE,A,11915,8.47,0.4873,N,2,0
55,87547,6.0,DEBTCONSOLIDATION,C,10092,11.93,0.1153,N,37,0
42,130542,3.0,PERSONAL,B,2143,8.84,0.0164,Y,25,0
25,58549,5.0,MEDICAL,C,11543,13.51,0.1972,N,8,0
60,35351,5.0,EDUCATION,A,13416,7.14,0.3795,N,38,0
62,44842,5.0,VENTURE,B,13295,9.31,0.2965,N,41,0
19,38900,9.0,MEDICAL,D,6063,16.2,0.1559,N,1,0
29,40205,5.0,HOMEIMPROVEMENT,F,3640,24.93,0.0905,Y,7,1
39,70009,7.0,MEDICAL,C,21469,12.01,0.3067,N,20,0
59,57165,6.0,MEDICAL,A,7610,7.15,0.1331,N,39,0
22,85149,4.0,MEDICAL,B,7055,8.83,0.0829,N,1,0
63,60113,6.0,PERSONAL,B,6373,10.88,0.106,Y,44,1
36,30477,4.0,MEDICAL,B,13801,10.05,0.4528,N,18,0
25,37220,2.0,PERSONAL,B,18391,8.96,0.4941,N,4,0
67,35969,3.0,VENTURE,A,12882,6.06,0.3581,N,45,0
22,44242,3.0,EDUCATION,C,12576,13.91,0.2843,N,1,0
25,131543,5.0,PERSONAL,C,7513,12.78,0.0571,N,2,0
72,143658,3.0,HOMEIMPROVEMENT,B,7138,11.36,0.0497,N,45,0
47,77662,4.0,EDUCATION,C,7414,13.01,0.0955,Y,29,1
44,52329,3.0,VENTURE,C,12789,13.09,0.2444,N,21,0
57,23181,7.0,VENTURE,B,6622,9.02,0.2857,N,36,0
53,55326,2.0,MEDICAL,B,14389,11.16,0.2601,N,36,0
52,31745,6.0,PERSONAL,B,15086,10.75,0.4752,N,34,1
19,120184,7.0,HOMEIMPROVEMENT,B,15542,8.85,0.1293,N,2,0
49,20264,7.0,EDUCATION,B,7322,9.0,0.3613,N,27,0
33,60564,3.0,EDUCATION,B,5364,10.07,0.0886,N,16,0
64,30308,5.0,HOMEIMPROVEMENT,C,9899,13.84,0.3266,N,41,0
46,48764,5.0,HOMEIMPROVEMENT,C,7035,13.72,0.1443,N,25,0
25,70709,10.0,HOMEIMPROVEMENT,B,6370,8.73,0.0901,Y,3,1
68,85998,2.0,HOMEIMPROVEMENT,D,8119,16.57,0.0944,N,45,0
34,47411,7.0,PERSONAL,B,14898,11.42,0.3142,N,12,0
33,74508,4.0,HOMEIMPROVEMENT,A,5417,7.11,0.0727,Y,16,1
71,34051,7.0,EDUCATION,B,31791,10.16,0.9336,N,45,0
62,56108,7.0,EDUCATION,C,14154,13.39,0.2523,N,40,0
66,85068,7.0,EDUCATION,A,7130,6.91,0.0838,N,45,0
55,58844,2.0,PERSONAL,B,16254,9.17,0.2762,Y,33,1
69,36638,2.0,MEDICAL,A,5304,6.96,0.1448,N,45,0
24,42046,4.0,VENTURE,D,11018,16.7,0.262,N,5,0
52,85700,6.0,HOMEIMPROVEMENT,B,13376,10.27,0.1561,N,30,0
34,26889,6.0,PERSONAL,A,15584,6.67,0.5796,N,13,0
40,29162,4.0,MEDICAL,B,8941,10.56,0.3066,N,18,0
31,68245,6.0,MEDICAL,B,4641,11.08,0.068,Y,8,1
29,38502,6.0,EDUCATION,E,9800,17.52,0.2545,N,7,0
43,22044,8.0,EDUCATION,C,23217,14.15,1.0532,N,21,1
70,103048,5.0,PERSONAL,B,6165,10.07,0.0598,N,45,0
54,26774,5.0,EDUCATION,E,6025,18.91,0.225,N,32,1
37,43928,10.0,MEDICAL,C,8348,13.62,0.19,N,15,0
42,34865,3.0,PERSONAL,A,14684,8.48,0.4212,N,24,0
48,41617,4.0,DEBTCONSOLIDATION,B,4582,9.38,0.1101,Y,30,1
31,30135,7.0,VENTURE,B,6425,10.89,0.2132,N,12,0
47,72609,5.0,PERSONAL,E,4837,20.66,0.0666,N,28,0
57,52101,7.0,PERSONAL,C,25670,12.11,0.4927,N,40,0
31,84204,7.0,PERSONAL,C,5131,14.12,0.0609,Y,10,1
51,35064,5.0,HOMEIMPROVEMENT,A,10719,8.25,0.3057,N,32,0
58,158444,4.0,EDUCATION,B,6186,10.3,0.039,Y,38,0
47,17196,7.0,DEBTCONSOLIDATION,A,12911,5.69,0.7508,N,27,1
34,20499,8.0,DEBTCONSOLIDATION,B,19176,8.77,0.9355,N,13,0
49,128565,3.0,EDUCATION,D,8740,16.31,0.068,N,27,0
63,63622,7.0,DEBTCONSOLIDATION,D,16753,15.1,0.2633,N,41,0
30,59145,4.0,EDUCATION,A,14767,5.68,0.2497,N,13,0
50,62143,3.0,EDUCATION,B,11653,10.0,0.1875,N,29,0
56,67115,3.0,DEBTCONSOLIDATION,E,18219,18.85,0.2715,N,39,1
36,57807,4.0,MEDICAL,A,47451,5.93,0.8209,N,17,0
40,28817,5.0,VENTURE,A,23401,7.49,0.8121,N,21,0
68,76880,6.0,EDUCATION,A,3244,6.54,0.0422,Y,45,0
38,70500,6.0,MEDICAL,B,3763,10.08,0.0534,N,19,0
52,107542,5.0,HOMEIMPROVEMENT,F,9259,21.56,0.0861,Y,34,1
26,129357,7.0,PERSONAL,D,2387,17.16,0.0185,N,3,0
70,58792,2.0,DEBTCONSOLIDATION,A,8882,5.17,0.1511,N,45,0
52,24955,6.0,HOMEIMPROVEMENT,D,3408,16.92,0.1366,N,30,0
61,129947,3.0,EDUCATION,A,11023,5.49,0.0848,N,38,0
52,28001,6.0,VENTURE,C,12903,13.51,0.4608,N,33,0
38,59034,4.0,PERSONAL,D,8863,14.63,0.1501,Y,18,1
37,42565,8.0,HOMEIMPROVEMENT,B,7717,8.55,0.1813,N,20,0
57,38683,2.0,HOMEIMPROVEMENT,B,5998,9.07,0.1551,N,40,0
67,74635,4.0,PERSONAL,C,10516,13.29,0.1409,N,45,0
25,56075,0.0,EDUCATION,D,4212,14.59,0.0751,N,5,0
66,65009,4.0,VENTURE,B,5220,9.37,0.0803,N,43,0
65,31299,5.0,VENTURE,E,13214,20.78,0.4222,N,45,1
24,44545,6.0,PERSONAL,C,7693,13.22,0.1727,N,5,0
24,32104,9.0,MEDICAL,B,7086,9.65,0.2207,N,4,0
57,43936,8.0,MEDICAL,D,19168,14.66,0.4363,N,40,0
66,45921,3.0,VENTURE,D,9527,14.64,0.2075,Y,45,0
40,135180,3.0,EDUCATION,C,7054,13.2,0.0522,N,21,0
54,42503,5.0,EDUCATION,A,15762,8.49,0.3708,Y,33,1
74,15228,3.0,PERSONAL,A,5241,5.48,0.3442,N,45,0
36,105588,4.0,DEBTCONSOLIDATION,A,1053,5.81,0.01,N,13,0
30,62761,5.0,PERSONAL,A,25626,8.38,0.4083,N,7,0
74,45612,4.0,MEDICAL,A,4294,8.37,0.0941,N,45,0
33,38543,5.0,PERSONAL,C,31529,13.09,0.818,N,12,1
44,29120,4.0,PERSONAL,B,6652,10.19,0.2284,N,23,0
43,142333,7.0,VENTURE,A,2630,7.17,0.0185,N,20,0
47,50438,7.0,PERSONAL,D,5121,14.86,0.1015,Y,30,1
33,18849,1.0,MEDICAL,C,12769,12.51,0.6774,N,16,1
56,58703,8.0,VENTURE,B,29278,8.52,0.4987,N,35,1
57,95167,8.0,DEBTCONSOLIDATION,B,18437,9.37,0.1937,Y,38,0
29,53425,5.0,MEDICAL,A,20022,6.61,0.3748,N,12,0
45,29855,4.0,PERSONAL,B,4068,8.62,0.1363,N,22,0
21,28421,4.0,MEDICAL,F,17506,22.29,0.616,N,2,1
30,29598,9.0,PERSONAL,B,8352,9.29,0.2822,Y,10,1
74,113200,5.0,MEDICAL,A,33669,8.1,0.2974,N,45,0
46,47126,9.0,MEDICAL,C,13583,11.76,0.2882,Y,28,0
53,19471,6.0,MEDICAL,A,12947,6.06,0.6649,N,34,0
68,60552,6.0,HOMEIMPROVEMENT,E,3737,20.54,0.0617,N,45,0
58,52974,5.0,EDUCATION,B,15377,10.06,0.2903,N,38,0
63,38296,5.0,HOMEIMPROVEMENT,C,6427,12.29,0.1678,N,45,0
58,27966,5.0,HOMEIMPROVEMENT,D,15851,16.6,0.5668,N,40,1
46,27305,1.0,EDUCATION,D,8647,15.88,0.3167,Y,26,1
54,89111,5.0,EDUCATION,B,6951,8.55,0.078,N,31,0
34,56169,4.0,PERSONAL,B,14120,10.14,0.2514,N,14,0
68,63783,10.0,HOMEIMPROVEMENT,E,11028,17.73,0.1729,N,45,0
28,56084,6.0,HOMEIMPROVEMENT,A,4112,5.4,0.0733,N,5,0
68,58701,10.0,PERSONAL,B,28554,10.67,0.4864,N,45,0
68,37887,8.0,PERSONAL,B,8549,10.64,0.2256,Y,45,1
26,43773,6.0,HOMEIMPROVEMENT,D,18056,15.67,0.4125,N,3,1
58,93032,1.0,PERSONAL,A,9107,5.8,0.0979,N,38,0
74,106726,5.0,HOMEIMPROVEMENT,C,5347,11.59,0.0501,N,45,0
50,25030,4.0,EDUCATION,C,8615,13.71,0.3442,N,31,0
37,43715,4.0,MEDICAL,E,14574,19.94,0.3334,N,18,0
68,77777,2.0,PERSONAL,D,50000,16.79,0.6429,N,45,1
47,138018,7.0,EDUCATION,B,20102,8.82,0.1456,N,30,0
24,130623,5.0,MEDICAL,A,6759,5.18,0.0517,N,1,0
32,31644,3.0,HOMEIMPROVEMENT,D,3419,15.11,0.108,N,11,0
56,98841,5.0,MEDICAL,A,10092,7.79,0.1021,N,37,0
43,50627,7.0,PERSONAL,C,10286,11.97,0.2032,N,23,0
30,87066,2.0,MEDICAL,C,19767,13.31,0.227,Y,7,1
63,75625,5.0,PERSONAL,A,24943,7.25,0.3298,N,44,0
24,24460,5.0,MEDICAL,A,15365,7.73,0.6282,N,5,1
30,66335,6.0,EDUCATION,A,19243,5.01,0.2901,N,11,0
44,85232,3.0,HOMEIMPROVEMENT,A,8604,7.21,0.1009,N,23,0
20,48480,3.0,HOMEIMPROVEMENT,A,18092,8.24,0.3732,N,1,0
40,42809,4.0,VENTURE,A,12356,6.6,0.2886,N,17,0
69,20652,9.0,EDUCATION,D,40186,16.74,1.9459,N,45,1
71,71395,5.0,HOMEIMPROVEMENT,B,11608,9.67,0.1626,Y,45,1
67,54984,5.0,EDUCATION,A,8684,5.46,0.1579,N,44,0
36,29519,2.0,EDUCATION,A,16948,6.21,0.5741,Y,15,1
21,40977,5.0,PERSONAL,C,28787,13.59,0.7025,N,4,1
64,53368,1.0,HOMEIMPROVEMENT,C,17510,11.78,0.3281,N,44,0
39,36053,7.0,PERSONAL,C,13417,12.8,0.3721,N,18,0
60,49093,6.0,DEBTCONSOLIDATION,C,9586,11.68,0.1953,N,43,0
24,18723,4.0,HOMEIMPROVEMENT,C,5355,14.12,0.286,N,7,0
56,102968,9.0,HOMEIMPROVEMENT,D,22669,17.2,0.2202,N,33,0
51,49451,6.0,MEDICAL,A,22711,6.49,0.4593,Y,29,1
70,26778,8.0,EDUCATION,C,2265,12.61,0.0846,N,45,0
23,12672,4.0,MEDICAL,A,5461,7.83,0.431,N,6,1
41,86337,6.0,HOMEIMPROVEMENT,A,16363,8.07,0.1895,N,22,0
74,66632,6.0,MEDICAL,D,6978,16.4,0.1047,N,45,0
40,55043,3.0,EDUCATION,F,14622,24.55,0.2656,N,18,1
55,78826,14.0,MEDICAL,B,4946,10.03,0.0627,N,33,0
27,78707,3.0,PERSONAL,B,5517,8.94,0.0701,N,7,0
59,54553,7.0,HOMEIMPROVEMENT,C,4425,14.49,0.0811,N,42,0
33,42624,6.0,VENTURE,E,9140,20.63,0.2144,N,16,0
50,38970,1.0,EDUCATION,C,9883,13.94,0.2536,N,33,0
68,61791,6.0,PERSONAL,C,4240,14.2,0.0686,N,45,0
55,105700,10.0,HOMEIMPROVEMENT,B,4806,8.51,0.0455,N,36,0
45,46323,5.0,EDUCATION,B,7322,11.48,0.1581,N,23,0
28,110421,7.0,MEDICAL,E,7768,19.02,0.0703,N,9,0
37,60188,8.0,MEDICAL,A,5757,5.1,0.0957,N,17,0
66,60438,4.0,VENTURE,C,15022,13.44,0.2486,N,45,0
30,184021,5.0,PERSONAL,A,7353,5.35,0.04,N,9,0
55,121658,8.0,MEDICAL,A,11013,6.0,0.0905,N,37,0
45,123406,5.0,HOMEIMPROVEMENT,A,13170,6.14,0.1067,N,28,0
36,31612,2.0,HOMEIMPROVEMENT,B,5274,11.17,0.1668,Y,18,0
58,163685,12.0,MEDICAL,C,14277,13.54,0.0872,N,40,0
38,46853,6.0,PERSONAL,A,11031,8.37,0.2354,N,21,0
34,43255,11.0,MEDICAL,B,10484,8.57,0.2424,N,15,0
48,14949,6.0,VENTURE,F,5482,24.37,0.3667,Y,26,1
61,58656,7.0,HOMEIMPROVEMENT,B,18614,9.02,0.3173,N,44,0
67,27015,3.0,HOMEIMPROVEMENT,A,3127,6.11,0.1158,N,44,0
53,61361,5.0,EDUCATION,A,8941,7.99,0.1457,N,32,0
55,25877,5.0,VENTURE,A,5441,5.19,0.2103,N,35,0
62,131759,2.0,MEDICAL,C,7324,14.47,0.0556,N,45,0
33,66394,8.0,EDUCATION,D,3663,16.43,0.0552,N,11,0
32,171773,3.0,EDUCATION,D,5966,15.93,0.0347,N,11,0
45,27926,6.0,VENTURE,A,4514,8.42,0.1616,N,28,0
53,114926,6.0,HOMEIMPROVEMENT,D,3438,16.34,0.0299,N,35,0
54,18187,3.0,VENTURE,B,14190,9.21,0.7802,N,37,0
26,54964,6.0,EDUCATION,D,5930,16.45,0.1079,N,6,0
62,34634,2.0,MEDICAL,B,8464,8.74,0.2444,N,42,0
38,38316,3.0,PERSONAL,B,12586,11.21,0.3285,N,19,0
68,36898,7.0,VENTURE,F,11921,23.59,0.3231,N,45,0
59,29640,7.0,EDUCATION,B,8825,10.44,0.2977,N,41,0
74,24518,5.0,EDUCATION,A,6040,6.58,0.2463,N,45,0
54,38432,5.0,EDUCATION,F,7422,24.25,0.1931,N,32,0
48,52251,1.0,PERSONAL,E,11156,20.19,0.2135,N,29,0
28,92969,1.0,MEDICAL,A,20413,7.03,0.2196,N,9,0
40,57667,3.0,MEDICAL,A,1920,6.72,0.0333,N,22,0
66,93115,10.0,PERSONAL,D,12878,15.78,0.1383,N,45,0
39,21742,3.0,EDUCATION,A,4255,8.01,0.1957,N,19,0
21,38633,4.0,DEBTCONSOLIDATION,B,6811,11.29,0.1763,Y,2,1
31,72479,8.0,MEDICAL,B,8409,10.54,0.116,N,14,0
51,59204,6.0,EDUCATION,B,9043,11.44,0.1527,N,34,0
53,30526,6.0,MEDICAL,A,6285,8.36,0.2059,N,32,0
74,81939,4.0,EDUCATION,A,21846,7.09,0.2666,N,45,0
71,36599,4.0,PERSONAL,B,14526,9.95,0.3969,N,45,0
48,31966,6.0,HOMEIMPROVEMENT,B,7096,10.06,0.222,Y,28,1
49,64075,3.0,HOMEIMPROVEMENT,A,29473,6.47,0.46,N,27,0
63,49187,9.0,HOMEIMPROVEMENT,A,5931,7.92,0.1206,N,45,0
20,36768,4.0,EDUCATION,C,5668,13.63,0.1542,N,1,0
51,36088,5.0,MEDICAL,A,10478,7.09,0.2903,Y,28,1
45,27217,10.0,MEDICAL,A,6492,7.84,0.2385,N,25,0
62,39432,2.0,VENTURE,A,12858,7.11,0.3261,N,40,0
63,89769,2.0,VENTURE,D,7902,17.23,0.088,N,45,0
55,56078,6.0,EDUCATION,B,12271,8.54,0.2188,Y,34,0
55,83052,7.0,HOMEIMPROVEMENT,B,5193,10.12,0.0625,Y,35,1
57,65110,4.0,VENTURE,B,34443,10.79,0.529,N,36,0
51,35005,10.0,HOMEIMPROVEMENT,A,6859,7.91,0.1959,Y,33,0
30,19790,4.0,VENTURE,D,26493,15.91,1.3387,N,10,1
34,29443,5.0,HOMEIMPROVEMENT,F,3776,22.09,0.1282,N,14,0
60,33888,4.0,MEDICAL,B,34207,9.17,1.0094,N,37,0
53,32476,8.0,VENTURE,F,8894,22.49,0.2739,N,32,0
31,84083,3.0,PERSONAL,A,8236,8.2,0.098,N,12,0
68,83602,5.0,MEDICAL,D,1654,16.15,0.0198,N,45,0
73,165468,9.0,DEBTCONSOLIDATION,B,3838,10.68,0.0232,N,45,0
53,32207,8.0,EDUCATION,B,4935,9.78,0.1532,N,34,0
30,118018,4.0,EDUCATION,E,4416,19.95,0.0374,N,7,0
71,117617,8.0,MEDICAL,E,14915,20.9,0.1268,N,45,0
31,43142,1.0,EDUCATION,A,7068,7.02,0.1638,N,10,0
42,63605,5.0,PERSONAL,A,9609,8.35,0.1511,Y,19,1
66,96993,2.0,DEBTCONSOLIDATION,B,11027,10.96,0.1137,N,45,0
47,47457,5.0,PERSONAL,B,1027,9.21,0.0216,N,30,0
31,45478,4.0,EDUCATION,C,7777,12.19,0.171,N,14,0
22,34716,7.0,VENTURE,D,40521,17.15,1.1672,N,4,1
38,13386,3.0,HOMEIMPROVEMENT,F,20242,21.99,1.5122,N,17,0
56,50958,4.0,PERSONAL,B,13317,9.19,0.2613,N,37,0
58,33175,6.0,EDUCATION,B,10526,9.66,0.3173,N,39,0
30,27134,5.0,HOMEIMPROVEMENT,D,25915,16.52,0.9551,N,10,1
27,61833,3.0,PERSONAL,C,14491,12.36,0.2344,N,4,0
57,22065,6.0,PERSONAL,A,8579,7.53,0.3888,N,35,0
27,76369,4.0,PERSONAL,C,12325,12.03,0.1614,N,4,0
21,63957,8.0,DEBTCONSOLIDATION,D,16924,17.24,0.2646,N,1,0
45,39335,4.0,HOMEIMPROVEMENT,A,23154,5.87,0.5886,Y,27,1
50,47343,6.0,MEDICAL,B,3590,9.24,0.0758,N,31,0
31,25473,8.0,DEBTCONSOLIDATION,A,10512,6.01,0.4127,N,11,0
30,74064,9.0,PERSONAL,B,18939,11.04,0.2557,N,12,0
31,54341,4.0,PERSONAL,A,6382,5.35,0.1174,N,13,0
37,56614,3.0,MEDICAL,E,8383,18.99,0.1481,N,14,0
18,64604,5.0,HOMEIMPROVEMENT,C,30327,13.86,0.4694,N,1,0
18,34429,8.0,PERSONAL,F,11318,21.14,0.3287,N,1,0
39,21258,4.0,EDUCATION,D,5683,16.07,0.2673,N,16,1
19,82994,5.0,PERSONAL,B,3543,8.56,0.0427,N,1,0
36,71596,3.0,VENTURE,B,8883,10.07,0.1241,Y,19,1
51,36517,4.0,EDUCATION,C,6367,13.83,0.1744,Y,30,1
19,61390,5.0,MEDICAL,A,23234,7.39,0.3785,N,1,0
53,97917,0.0,PERSONAL,A,5734,5.16,0.0586,N,35,0
53,91700,1.0,MEDICAL,D,17992,15.06,0.1962,N,32,0
50,35935,7.0,PERSONAL,C,9476,11.83,0.2637,N,27,0
53,21615,6.0,DEBTCONSOLIDATION,E,6985,18.96,0.3232,N,36,0
64,23754,4.0,VENTURE,C,7857,13.11,0.3308,N,43,0
22,41297,6.0,MEDICAL,B,23173,9.42,0.5611,N,1,1
27,109565,3.0,EDUCATION,A,16733,7.33,0.1527,Y,7,0
36,32838,3.0,PERSONAL,B,11256,8.6,0.3428,N,14,0
57,35313,8.0,EDUCATION,A,6301,5.39,0.1784,Y,38,1
67,34915,3.0,PERSONAL,B,16173,8.76,0.4632,N,45,0
70,36590,4.0,MEDICAL,A,10499,7.08,0.2869,N,45,0
51,48719,7.0,PERSONAL,D,7204,14.61,0.1479,Y,33,1
41,24245,8.0,MEDICAL,D,5079,15.25,0.2095,Y,24,1
41,89000,2.0,HOMEIMPROVEMENT,A,6496,8.45,0.073,N,22,0
21,45267,3.0,EDUCATION,B,4561,9.41,0.1008,N,1,0
44,191668,4.0,PERSONAL,E,5444,18.37,0.0284,N,26,0
47,25707,0.0,MEDICAL,A,50000,6.94,1.945,N,25,1
29,117527,9.0,DEBTCONSOLIDATION,D,2686,14.52,0.0229,N,6,0
61,105370,5.0,DEBTCONSOLIDATION,A,18064,5.51,0.1714,N,43,0
64,39088,3.0,EDUCATION,B,13749,10.93,0.3517,N,44,0
35,39447,5.0,MEDICAL,C,3216,12.18,0.0815,N,12,0
70,29533,6.0,EDUCATION,D,17379,14.95,0.5885,N,45,1
24,29720,3.0,DEBTCONSOLIDATION,A,41994,5.3,1.413,N,3,1
69,49004,8.0,PERSONAL,E,9735,19.07,0.1987,N,45,0
61,49581,2.0,MEDICAL,B,18808,11.2,0.3793,Y,40,1
30,20306,5.0,MEDICAL,B,8864,9.3,0.4365,N,7,1
55,173065,6.0,PERSONAL,A,13157,6.87,0.076,N,32,0
35,42500,4.0,MEDICAL,B,2647,10.79,0.0623,N,12,0
63,50822,6.0,MEDICAL,B,9887,8.8,0.1945,N,43,0
27,34737,7.0,EDUCATION,D,9957,16.42,0.2866,N,7,0
31,42325,5.0,PERSONAL,B,7252,8.72,0.1713,N,10,0
35,40262,6.0,MEDICAL,B,27491,9.25,0.6828,N,18,0
29,48941,5.0,DEBTCONSOLIDATION,A,9541,7.69,0.1949,N,8,0
36,48629,6.0,DEBTCONSOLIDATION,C,8864,12.05,0.1823,N,14,0
52,76318,4.0,EDUCATION,B,7621,11.5,0.0999,N,29,0
54,55546,5.0,HOMEIMPROVEMENT,D,7286,15.82,0.1312,N,33,0
49,72211,4.0,HOMEIMPROVEMENT,A,8925,6.14,0.1236,N,30,0
28,48756,4.0,DEBTCONSOLIDATION,C,8082,12.76,0.1658,Y,8,0
29,55669,4.0,VENTURE,A,13442,5.29,0.2415,N,12,0
70,42928,4.0,EDUCATION,A,14555,5.43,0.3391,Y,45,1
32,85110,4.0,DEBTCONSOLIDATION,F,27418,22.51,0.3221,N,11,0
23,58538,3.0,EDUCATION,C,7242,13.8,0.1237,N,1,0
43,44938,2.0,PERSONAL,B,4907,8.51,0.1092,N,20,0
18,44207,4.0,MEDICAL,A,11069,5.54,0.2504,N,1,0
37,46162,4.0,DEBTCONSOLIDATION,A,11263,5.42,0.244,Y,17,0
66,49848,5.0,VENTURE,A,19093,6.6,0.383,Y,45,1
33,47524,6.0,VENTURE,B,3753,9.76,0.079,Y,12,1
58,36049,6.0,EDUCATION,A,9383,7.18,0.2603,N,37,0
45,74659,7.0,HOMEIMPROVEMENT,B,22199,9.48,0.2973,N,22,0
38,77299,6.0,PERSONAL,A,18409,5.62,0.2382,N,18,0
55,130760,8.0,PERSONAL,E,22578,19.76,0.1727,N,34,0
51,35171,5.0,DEBTCONSOLIDATION,C,7714,13.54,0.2193,Y,29,1
36,70724,5.0,MEDICAL,C,2113,13.24,0.0299,Y,18,1
30,17153,3.0,DEBTCONSOLIDATION,B,11774,10.39,0.6864,N,8,0
70,77340,3.0,PERSONAL,A,13721,6.37,0.1774,N,45,0
27,22001,4.0,VENTURE,B,6225,8.93,0.2829,N,10,0
72,28527,4.0,PERSONAL,C,12682,14.31,0.4446,N,45,1
44,58848,7.0,PERSONAL,D,10727,14.79,0.1823,Y,24,1
74,34827,3.0,PERSONAL,E,3518,20.29,0.101,N,45,0
38,32302,8.0,PERSONAL,C,20372,12.9,0.6307,N,21,1
50,37547,5.0,DEBTCONSOLIDATION,C,3433,13.07,0.0914,Y,33,1
53,73225,3.0,VENTURE,B,16231,9.26,0.2217,N,31,0
